time_index,value,CL,UCL,LCL,beyond_UCL,below_LCL,beyond_any_limit,MR,MR_CL,MR_UCL,MR_LCL,MR_beyond_UCL,EWMA,EWMA_CL,EWMA_UCL,EWMA_LCL,EWMA_beyond_any_limit,CUSUM_CPLUS,CUSUM_CMINUS,CUSUM_H_POS,CUSUM_H_NEG,CUSUM_alarm_any
0,10.7361,9.009556041131106,17.28180037751293,0.7373117047492794,0,0,0,,3.0873335463258784,10.086318695846645,0.0,0,9.354864832904886,9.009556041131106,10.66400490840747,7.355107173854741,0,0.12614590019136085,0.0,5.0,-5.0,0
1,3.6817,9.009556041131106,17.28180037751293,0.7373117047492794,0,0,0,7.0544,3.0873335463258784,10.086318695846645,0.0,0,8.220231866323909,9.009556041131106,11.128284369461229,6.8908277128009825,0,0.0,-1.4321924587136077,5.0,-5.0,0
2,8.5891,9.009556041131106,17.28180037751293,0.7373117047492794,0,0,0,4.9074,3.0873335463258784,10.086318695846645,0.0,0,8.294005493059128,9.009556041131106,11.37813521041465,6.6409768718475615,0,0.0,-1.0846744300023115,5.0,-5.0,0
3,10.7293,9.009556041131106,17.28180037751293,0.7373117047492794,0,0,0,2.1402,3.0873335463258784,10.086318695846645,0.0,0,8.781064394447304,9.009556041131106,11.525049653601023,6.494062428661188,0,0.1236798221633848,0.0,5.0,-5.0,0
4,9.3781,9.009556041131106,17.28180037751293,0.7373117047492794,0,0,0,1.3512000000000004,3.0873335463258784,10.086318695846645,0.0,0,8.900471515557843,9.009556041131106,11.61473055498489,6.404381527277321,0,0.0,0.0,5.0,-5.0,0
5,6.8715,9.009556041131106,17.28180037751293,0.7373117047492794,0,0,0,2.5065999999999997,3.0873335463258784,10.086318695846645,0.0,0,8.494677212446275,9.009556041131106,11.670540628256209,6.348571454006001,0,0.0,-0.27538426847275543,5.0,-5.0,0
6,9.4535,9.009556041131106,17.28180037751293,0.7373117047492794,0,0,0,2.582,3.0873335463258784,10.086318695846645,0.0,0,8.686441769957021,9.009556041131106,11.705652848944052,6.313459233318159,0,0.0,0.0,5.0,-5.0,0
7,7.4262,9.009556041131106,17.28180037751293,0.7373117047492794,0,0,0,2.0273000000000003,3.0873335463258784,10.086318695846645,0.0,0,8.434393415965618,9.009556041131106,11.727886663512333,6.291225418749878,0,0.0,-0.0742175799259499,5.0,-5.0,0
8,14.2835,9.009556041131106,17.28180037751293,0.7373117047492794,0,0,0,6.8573,3.0873335463258784,10.086318695846645,0.0,0,9.604214732772494,9.009556041131106,11.7420213625726,6.27709071968961,0,1.4126407820210676,0.0,5.0,-5.0,0
9,9.035,9.009556041131106,17.28180037751293,0.7373117047492794,0,0,0,5.2485,3.0873335463258784,10.086318695846645,0.0,0,9.490371786217995,9.009556041131106,11.75102932450913,6.268082757753081,0,0.9218682508315537,0.0,5.0,-5.0,0
10,11.3573,9.009556041131106,17.28180037751293,0.7373117047492794,0,0,0,2.3223000000000003,3.0873335463258784,10.086318695846645,0.0,0,9.863757428974397,9.009556041131106,11.756778919431365,6.2623331628308465,0,1.273297632049191,0.0,5.0,-5.0,0
11,10.9725,9.009556041131106,17.28180037751293,0.7373117047492794,0,0,0,0.38480000000000025,3.0873335463258784,10.086318695846645,0.0,0,10.085505943179518,9.009556041131106,11.760452353606027,6.258659728656185,0,1.4851760095660698,0.0,5.0,-5.0,0
12,8.1512,9.009556041131106,17.28180037751293,0.7373117047492794,0,0,0,2.821300000000001,3.0873335463258784,10.086318695846645,0.0,0,9.698644754543615,9.009556041131106,11.762800779345353,6.256311302916858,0,0.6738858664463829,0.0,5.0,-5.0,0
13,3.636,9.009556041131106,17.28180037751293,0.7373117047492794,0,0,0,4.515199999999999,3.0873335463258784,10.086318695846645,0.0,0,8.486115803634892,9.009556041131106,11.764302721149958,6.254809361112253,0,0.0,-1.4487659536957405,5.0,-5.0,0
14,9.282,9.009556041131106,17.28180037751293,0.7373117047492794,0,0,0,5.646,3.0873335463258784,10.086318695846645,0.0,0,8.645292642907915,9.009556041131106,11.76526353430232,6.253848547959891,0,0.0,-0.8499618271043621,5.0,-5.0,0
15,12.2128,9.009556041131106,17.28180037751293,0.7373117047492794,0,0,0,2.9307999999999996,3.0873335463258784,10.086318695846645,0.0,0,9.358794114326333,9.009556041131106,11.765878278951066,6.253233803311145,0,0.6616837566490277,0.0,5.0,-5.0,0
16,6.5991,9.009556041131106,17.28180037751293,0.7373117047492794,0,0,0,5.6137,3.0873335463258784,10.086318695846645,0.0,0,8.806855291461066,9.009556041131106,11.766271643582794,6.252840438679416,0,0.0,-0.3741724530052052,5.0,-5.0,0
17,11.3117,9.009556041131106,17.28180037751293,0.7373117047492794,0,0,0,4.7126,3.0873335463258784,10.086318695846645,0.0,0,9.307824233168853,9.009556041131106,11.766523367492523,6.252588714769688,0,0.33489215208885725,0.0,5.0,-5.0,0
18,9.5598,9.009556041131106,17.28180037751293,0.7373117047492794,0,0,0,1.751900000000001,3.0873335463258784,10.086318695846645,0.0,0,9.358219386535083,9.009556041131106,11.76668445873368,6.252427623528531,0,0.03444281929372495,0.0,5.0,-5.0,0
19,10.3371,9.009556041131106,17.28180037751293,0.7373117047492794,0,0,0,0.7773000000000003,3.0873335463258784,10.086318695846645,0.0,0,9.553995509228066,9.009556041131106,11.766787552188731,6.252324530073479,0,0.015887964608259253,0.0,5.0,-5.0,0
20,9.8505,9.009556041131106,17.28180037751293,0.7373117047492794,0,0,0,0.48659999999999926,3.0873335463258784,10.086318695846645,0.0,0,9.613296407382453,9.009556041131106,11.766853529977075,6.252258552285136,0,0.0,0.0,5.0,-5.0,0
21,6.1422,9.009556041131106,17.28180037751293,0.7373117047492794,0,0,0,3.7083000000000004,3.0873335463258784,10.086318695846645,0.0,0,8.919077125905963,9.009556041131106,11.7668957549331,6.25221632732911,0,0.0,-0.5398711369731799,5.0,-5.0,0
22,3.3901,9.009556041131106,17.28180037751293,0.7373117047492794,0,0,0,2.7521,3.0873335463258784,10.086318695846645,0.0,0,7.813281700724771,9.009556041131106,11.766922778565617,6.2521893036965945,0,0.0,-2.0778148240629344,5.0,-5.0,0
23,8.5389,9.009556041131106,17.28180037751293,0.7373117047492794,0,0,0,5.1488,3.0873335463258784,10.086318695846645,0.0,0,7.9584053605798175,9.009556041131106,11.766940073551435,6.252172008710775,0,0.0,-1.7485022537346375,5.0,-5.0,0
24,9.3787,9.009556041131106,17.28180037751293,0.7373117047492794,0,0,0,0.8398000000000003,3.0873335463258784,10.086318695846645,0.0,0,8.242464288463854,9.009556041131106,11.76695114228543,6.252160939976781,0,0.0,-1.1146290469513063,5.0,-5.0,0
25,9.0024,9.009556041131106,17.28180037751293,0.7373117047492794,0,0,0,0.3763000000000005,3.0873335463258784,10.086318695846645,0.0,0,8.394451430771083,9.009556041131106,11.76695822625187,6.252153856010342,0,0.0,-0.617224246333764,5.0,-5.0,0
26,12.8292,9.009556041131106,17.28180037751293,0.7373117047492794,0,0,0,3.8268000000000004,3.0873335463258784,10.086318695846645,0.0,0,9.281401144616867,9.009556041131106,11.76696275998084,6.252149322281371,0,0.8852264767143803,0.0,5.0,-5.0,0
27,9.5437,9.009556041131106,17.28180037751293,0.7373117047492794,0,0,0,3.2855000000000008,3.0873335463258784,10.086318695846645,0.0,0,9.333860915693494,9.009556041131106,11.766965661563468,6.252146420698742,0,0.5789383415294813,0.0,5.0,-5.0,0
28,7.6207,9.009556041131106,17.28180037751293,0.7373117047492794,0,0,0,1.9229999999999992,3.0873335463258784,10.086318695846645,0.0,0,8.991228732554795,9.009556041131106,11.766967518574749,6.252144563687462,0,0.0,-0.003680495155165997,5.0,-5.0,0
29,5.5141,9.009556041131106,17.28180037751293,0.7373117047492794,0,0,0,2.1066000000000003,3.0873335463258784,10.086318695846645,0.0,0,8.295802986043837,9.009556041131106,11.766968707061311,6.2521433752009,0,0.0,-0.7713374570359512,5.0,-5.0,0
30,7.8206,9.009556041131106,17.28180037751293,0.7373117047492794,0,0,0,2.3064999999999998,3.0873335463258784,10.086318695846645,0.0,0,8.20076238883507,9.009556041131106,11.766969467692444,6.252142614569768,0,0.0,-0.7025225113392941,5.0,-5.0,0
31,8.0353,9.009556041131106,17.28180037751293,0.7373117047492794,0,0,0,0.21469999999999967,3.0873335463258784,10.086318695846645,0.0,0,8.167669911068057,9.009556041131106,11.766969954496258,6.2521421277659535,0,0.0,-0.5558447784946305,5.0,-5.0,0
32,10.2994,9.009556041131106,17.28180037751293,0.7373117047492794,0,0,0,2.264100000000001,3.0873335463258784,10.086318695846645,0.0,0,8.594015928854446,9.009556041131106,11.766970266050652,6.252141816211559,0,0.0,0.0,5.0,-5.0,0
33,5.1365,9.009556041131106,17.28180037751293,0.7373117047492794,0,0,0,5.1629000000000005,3.0873335463258784,10.086318695846645,0.0,0,7.902512743083558,9.009556041131106,11.766970465445448,6.252141616816763,0,0.0,-0.9045968241401574,5.0,-5.0,0
34,10.899,9.009556041131106,17.28180037751293,0.7373117047492794,0,0,0,5.762499999999999,3.0873335463258784,10.086318695846645,0.0,0,8.501810194466847,9.009556041131106,11.76697059305811,6.252141489204101,0,0.18522297530272624,0.0,5.0,-5.0,0
35,8.5914,9.009556041131106,17.28180037751293,0.7373117047492794,0,0,0,2.307599999999999,3.0873335463258784,10.086318695846645,0.0,0,8.519728155573478,9.009556041131106,11.76697067473021,6.252141407532002,0,0.0,0.0,5.0,-5.0,0
36,8.9192,9.009556041131106,17.28180037751293,0.7373117047492794,0,0,0,0.32779999999999987,3.0873335463258784,10.086318695846645,0.0,0,8.599622524458782,9.009556041131106,11.766970727000352,6.252141355261859,0,0.0,0.0,5.0,-5.0,0
37,7.3634,9.009556041131106,17.28180037751293,0.7373117047492794,0,0,0,1.5557999999999996,3.0873335463258784,10.086318695846645,0.0,0,8.352378019567027,9.009556041131106,11.766970760453242,6.252141321808969,0,0.0,-0.0969925358313749,5.0,-5.0,0
38,15.4785,9.009556041131106,17.28180037751293,0.7373117047492794,0,0,0,8.1151,3.0873335463258784,10.086318695846645,0.0,0,9.777602415653622,9.009556041131106,11.766970781863092,6.252141300399119,0,1.8460177295844944,0.0,5.0,-5.0,0
39,9.87,9.009556041131106,17.28180037751293,0.7373117047492794,0,0,0,5.608500000000001,3.0873335463258784,10.086318695846645,0.0,0,9.796081932522897,9.009556041131106,11.766970795565395,6.252141286696815,0,1.65806507388909,0.0,5.0,-5.0,0
40,7.2375,9.009556041131106,17.28180037751293,0.7373117047492794,0,0,0,2.6324999999999994,3.0873335463258784,10.086318695846645,0.0,0,9.284365546018318,9.009556041131106,11.766970804334871,6.25214127792734,0,0.5154138286868066,-0.14265124520228345,5.0,-5.0,0
41,9.7716,9.009556041131106,17.28180037751293,0.7373117047492794,0,0,0,2.5340999999999996,3.0873335463258784,10.086318695846645,0.0,0,9.381812436814656,9.009556041131106,11.766970809947335,6.252141272314876,0,0.29177557329245574,0.0,5.0,-5.0,0
42,11.1564,9.009556041131106,17.28180037751293,0.7373117047492794,0,0,0,1.3848000000000003,3.0873335463258784,10.086318695846645,0.0,0,9.736729949451725,9.009556041131106,11.766970813539311,6.2521412687229,0,0.5703468551247437,0.0,5.0,-5.0,0
43,13.3652,9.009556041131106,17.28180037751293,0.7373117047492794,0,0,0,2.2088,3.0873335463258784,10.086318695846645,0.0,0,10.46242395956138,9.009556041131106,11.766970815838176,6.252141266424035,0,1.6499583058089957,0.0,5.0,-5.0,0
44,9.1413,9.009556041131106,17.28180037751293,0.7373117047492794,0,0,0,4.2239,3.0873335463258784,10.086318695846645,0.0,0,10.198199167649106,9.009556041131106,11.76697081730945,6.252141264952761,0,1.1977363767332827,0.0,5.0,-5.0,0
45,7.3984,9.009556041131106,17.28180037751293,0.7373117047492794,0,0,0,1.7428999999999997,3.0873335463258784,10.086318695846645,0.0,0,9.638239334119286,9.009556041131106,11.766970818251064,6.252141264011146,0,0.11343688957531328,-0.08429948715796942,5.0,-5.0,0
46,7.5917,9.009556041131106,17.28180037751293,0.7373117047492794,0,0,0,0.1933000000000007,3.0873335463258784,10.086318695846645,0.0,0,9.228931467295428,9.009556041131106,11.766970818853698,6.252141263408513,0,0.0,-0.09849707978538591,5.0,-5.0,0
47,10.6475,9.009556041131106,17.28180037751293,0.7373117047492794,0,0,0,3.0558000000000005,3.0873335463258784,10.086318695846645,0.0,0,9.512645173836344,9.009556041131106,11.766970819239384,6.252141263022827,0,0.09401435412096804,0.0,5.0,-5.0,0
48,10.9913,9.009556041131106,17.28180037751293,0.7373117047492794,0,0,0,0.3437999999999999,3.0873335463258784,10.086318695846645,0.0,0,9.808376139069075,9.009556041131106,11.766970819486223,6.252141262775988,0,0.3127107120681336,0.0,5.0,-5.0,0
49,12.1805,9.009556041131106,17.28180037751293,0.7373117047492794,0,0,0,1.1891999999999996,3.0873335463258784,10.086318695846645,0.0,0,10.282800911255261,9.009556041131106,11.7669708196442,6.252141262618011,0,0.9626805980842756,0.0,5.0,-5.0,0
50,6.6169,9.009556041131106,17.28180037751293,0.7373117047492794,0,0,0,5.5636,3.0873335463258784,10.086318695846645,0.0,0,9.549620729004209,9.009556041131106,11.766970819745305,6.252141262516906,0,0.0,-0.3677171311084444,5.0,-5.0,0
51,8.7002,9.009556041131106,17.28180037751293,0.7373117047492794,0,0,0,2.0833000000000004,3.0873335463258784,10.086318695846645,0.0,0,9.379736583203368,9.009556041131106,11.766970819810012,6.252141262452199,0,0.0,0.0,5.0,-5.0,0
52,7.1759,9.009556041131106,17.28180037751293,0.7373117047492794,0,0,0,1.5243000000000002,3.0873335463258784,10.086318695846645,0.0,0,8.938969266562696,9.009556041131106,11.766970819851425,6.252141262410786,0,0.0,-0.16499101086747736,5.0,-5.0,0
53,6.5667,9.009556041131106,17.28180037751293,0.7373117047492794,0,0,0,0.6092000000000004,3.0873335463258784,10.086318695846645,0.0,0,8.464515413250158,9.009556041131106,11.76697081987793,6.252141262384281,0,0.0,-0.550913600358921,5.0,-5.0,0
54,14.1252,9.009556041131106,17.28180037751293,0.7373117047492794,0,0,0,7.5584999999999996,3.0873335463258784,10.086318695846645,0.0,0,9.596652330600127,9.009556041131106,11.766970819894892,6.252141262367319,0,1.3552319361639207,0.0,5.0,-5.0,0
55,10.2173,9.009556041131106,17.28180037751293,0.7373117047492794,0,0,0,3.9078999999999997,3.0873335463258784,10.086318695846645,0.0,0,9.720781864480102,9.009556041131106,11.766970819905747,6.252141262356464,0,1.2932305891620546,0.0,5.0,-5.0,0
56,11.7855,9.009556041131106,17.28180037751293,0.7373117047492794,0,0,0,1.568200000000001,3.0873335463258784,10.086318695846645,0.0,0,10.133725491584082,9.009556041131106,11.766970819912697,6.252141262349515,0,1.7999503544354738,0.0,5.0,-5.0,0
57,3.3456,9.009556041131106,17.28180037751293,0.7373117047492794,0,0,0,8.439900000000002,3.0873335463258784,10.086318695846645,0.0,0,8.776100393267265,9.009556041131106,11.766970819917143,6.252141262345068,0,0.0,-1.554081991831656,5.0,-5.0,0
58,6.9771,9.009556041131106,17.28180037751293,0.7373117047492794,0,0,0,3.6315,3.0873335463258784,10.086318695846645,0.0,0,8.416300314613812,9.009556041131106,11.766970819919989,6.252141262342223,0,0.0,-1.7911695191640784,5.0,-5.0,0
59,7.8656,9.009556041131106,17.28180037751293,0.7373117047492794,0,0,0,0.8884999999999996,3.0873335463258784,10.086318695846645,0.0,0,8.30616025169105,9.009556041131106,11.76697081992181,6.252141262340402,0,0.0,-1.7060349394587564,5.0,-5.0,0
60,10.7258,9.009556041131106,17.28180037751293,0.7373117047492794,0,0,0,2.8602,3.0873335463258784,10.086318695846645,0.0,0,8.790088201352841,9.009556041131106,11.766970819922975,6.252141262339236,0,0.12241051729604391,-0.5836244221627125,5.0,-5.0,0
61,11.9662,9.009556041131106,17.28180037751293,0.7373117047492794,0,0,0,1.240400000000001,3.0873335463258784,10.086318695846645,0.0,0,9.425310561082274,9.009556041131106,11.76697081992372,6.2521412623384895,0,0.6946626795775899,0.0,5.0,-5.0,0
62,11.792,9.009556041131106,17.28180037751293,0.7373117047492794,0,0,0,0.1742000000000008,3.0873335463258784,10.086318695846645,0.0,0,9.898648448865819,9.009556041131106,11.766970819924198,6.252141262338013,0,1.2037397253189273,0.0,5.0,-5.0,0
63,5.7692,9.009556041131106,17.28180037751293,0.7373117047492794,0,0,0,6.0228,3.0873335463258784,10.086318695846645,0.0,0,9.072758759092656,9.009556041131106,11.766970819924504,6.252141262337707,0,0.0,-0.6751427699783332,5.0,-5.0,0
64,4.5056,9.009556041131106,17.28180037751293,0.7373117047492794,0,0,0,1.2635999999999994,3.0873335463258784,10.086318695846645,0.0,0,8.159327007274126,9.009556041131106,11.7669708199247,6.252141262337512,0,0.0,-1.8085408629199682,5.0,-5.0,0
65,8.8723,9.009556041131106,17.28180037751293,0.7373117047492794,0,0,0,4.366699999999999,3.0873335463258784,10.086318695846645,0.0,0,8.3019216058193,9.009556041131106,11.766970819924826,6.2521412623373855,0,0.0,-1.358317937514143,5.0,-5.0,0
66,15.2822,9.009556041131106,17.28180037751293,0.7373117047492794,0,0,0,6.4099,3.0873335463258784,10.086318695846645,0.0,0,9.69797728465544,9.009556041131106,11.766970819924905,6.252141262337306,0,1.7748278594533637,0.0,5.0,-5.0,0
67,13.7707,9.009556041131106,17.28180037751293,0.7373117047492794,0,0,0,1.5114999999999998,3.0873335463258784,10.086318695846645,0.0,0,10.512521827724353,9.009556041131106,11.766970819924957,6.252141262337254,0,3.0014973454823597,0.0,5.0,-5.0,0
68,8.0044,9.009556041131106,17.28180037751293,0.7373117047492794,0,0,0,5.766299999999999,3.0873335463258784,10.086318695846645,0.0,0,10.010897462179482,9.009556041131106,11.766970819924989,6.252141262337222,0,2.136968929641074,0.0,5.0,-5.0,0
69,9.3531,9.009556041131106,17.28180037751293,0.7373117047492794,0,0,0,1.3486999999999991,3.0873335463258784,10.086318695846645,0.0,0,9.879337969743586,9.009556041131106,11.76697081992501,6.252141262337201,0,1.7615580779661424,0.0,5.0,-5.0,0
70,9.1036,9.009556041131106,17.28180037751293,0.7373117047492794,0,0,0,0.2494999999999994,3.0873335463258784,10.086318695846645,0.0,0,9.72419037579487,9.009556041131106,11.766970819925024,6.2521412623371875,0,1.2956639221765038,0.0,5.0,-5.0,0
71,6.4395,9.009556041131106,17.28180037751293,0.7373117047492794,0,0,0,2.6641000000000004,3.0873335463258784,10.086318695846645,0.0,0,9.067252300635896,9.009556041131106,11.766970819925032,6.252141262337179,0,0.0,-0.43205275495593576,5.0,-5.0,0
72,9.4112,9.009556041131106,17.28180037751293,0.7373117047492794,0,0,0,2.9716999999999993,3.0873335463258784,10.086318695846645,0.0,0,9.136041840508717,9.009556041131106,11.766970819925039,6.252141262337173,0,0.0,0.0,5.0,-5.0,0
73,8.6364,9.009556041131106,17.28180037751293,0.7373117047492794,0,0,0,0.774799999999999,3.0873335463258784,10.086318695846645,0.0,0,9.036113472406974,9.009556041131106,11.766970819925042,6.25214126233717,0,0.0,0.0,5.0,-5.0,0
74,7.0945,9.009556041131106,17.28180037751293,0.7373117047492794,0,0,0,1.5419,3.0873335463258784,10.086318695846645,0.0,0,8.64779077792558,9.009556041131106,11.766970819925044,6.252141262337167,0,0.0,-0.1945114154964842,5.0,-5.0,0
75,9.5004,9.009556041131106,17.28180037751293,0.7373117047492794,0,0,0,2.405900000000001,3.0873335463258784,10.086318695846645,0.0,0,8.818312622340466,9.009556041131106,11.766970819925046,6.252141262337165,0,0.0,0.0,5.0,-5.0,0
76,8.6079,9.009556041131106,17.28180037751293,0.7373117047492794,0,0,0,0.8925000000000001,3.0873335463258784,10.086318695846645,0.0,0,8.776230097872373,9.009556041131106,11.766970819925046,6.252141262337165,0,0.0,0.0,5.0,-5.0,0
77,6.8,9.009556041131106,17.28180037751293,0.7373117047492794,0,0,0,1.807900000000001,3.0873335463258784,10.086318695846645,0.0,0,8.3809840782979,9.009556041131106,11.766970819925046,6.252141262337164,0,0.0,-0.3013143536198559,5.0,-5.0,0
78,5.315,9.009556041131106,17.28180037751293,0.7373117047492794,0,0,0,1.4849999999999994,3.0873335463258784,10.086318695846645,0.0,0,7.76778726263832,9.009556041131106,11.766970819925046,6.252141262337164,0,0.0,-1.1411766295256436,5.0,-5.0,0
79,8.7205,9.009556041131106,17.28180037751293,0.7373117047492794,0,0,0,3.405499999999999,3.0873335463258784,10.086318695846645,0.0,0,7.958329810110657,9.009556041131106,11.766970819925046,6.252141262337164,0,0.0,-0.7460052695090469,5.0,-5.0,0
80,12.0802,9.009556041131106,17.28180037751293,0.7373117047492794,0,0,0,3.3597,3.0873335463258784,10.086318695846645,0.0,0,8.782703848088525,9.009556041131106,11.766970819925048,6.2521412623371635,0,0.6135952351034959,0.0,5.0,-5.0,0
81,11.3572,9.009556041131106,17.28180037751293,0.7373117047492794,0,0,0,0.722999999999999,3.0873335463258784,10.086318695846645,0.0,0,9.297603078470821,9.009556041131106,11.766970819925048,6.2521412623371635,0,0.964988350467781,0.0,5.0,-5.0,0
82,9.4855,9.009556041131106,17.28180037751293,0.7373117047492794,0,0,0,1.8717000000000006,3.0873335463258784,10.086318695846645,0.0,0,9.335182462776658,9.009556041131106,11.766970819925048,6.2521412623371635,0,0.6375934886316761,0.0,5.0,-5.0,0
83,2.4472,9.009556041131106,17.28180037751293,0.7373117047492794,0,0,0,7.0383,3.0873335463258784,10.086318695846645,0.0,0,7.957585970221326,9.009556041131106,11.766970819925048,6.2521412623371635,0,0.0,-1.8798944183513067,5.0,-5.0,0
84,2.9634,9.009556041131106,17.28180037751293,0.7373117047492794,0,0,0,0.5162,3.0873335463258784,10.086318695846645,0.0,0,6.958748776177061,9.009556041131106,11.766970819925048,6.2521412623371635,0,0.0,-3.5725845016965536,5.0,-5.0,0
85,14.0,9.009556041131106,17.28180037751293,0.7373117047492794,0,0,0,11.0366,3.0873335463258784,10.086318695846645,0.0,1,8.36699902094165,9.009556041131106,11.766970819925048,6.2521412623371635,0,1.3098270877664806,-1.262757413930073,5.0,-5.0,0
86,4.4218,9.009556041131106,17.28180037751293,0.7373117047492794,0,0,0,9.578199999999999,3.0873335463258784,10.086318695846645,0.0,0,7.57795921675332,9.009556041131106,11.766970819925048,6.2521412623371635,0,0.0,-2.426546291981177,5.0,-5.0,0
87,3.1045,9.009556041131106,17.28180037751293,0.7373117047492794,0,0,0,1.3173000000000004,3.0873335463258784,10.086318695846645,0.0,0,6.683267373402656,9.009556041131106,11.766970819925048,6.2521412623371635,0,0.0,-4.068065256245923,5.0,-5.0,0
88,8.1235,9.009556041131106,17.28180037751293,0.7373117047492794,0,0,0,5.019,3.0873335463258784,10.086318695846645,0.0,0,6.9713138987221255,9.009556041131106,11.766970819925048,6.2521412623371635,0,0.0,-3.8894010407442767,5.0,-5.0,0
89,12.3807,9.009556041131106,17.28180037751293,0.7373117047492794,0,0,0,4.257199999999999,3.0873335463258784,10.086318695846645,0.0,0,8.0531911189777,9.009556041131106,11.766970819925048,6.2521412623371635,0,0.7225741244280228,-2.166826916316254,5.0,-5.0,0
90,12.4204,9.009556041131106,17.28180037751293,0.7373117047492794,0,0,0,0.03970000000000162,3.0873335463258784,10.086318695846645,0.0,0,8.926632895182161,9.009556041131106,11.766970819925048,6.2521412623371635,0,1.4595457926370237,-0.42985524810725306,5.0,-5.0,0
91,7.8755,9.009556041131106,17.28180037751293,0.7373117047492794,0,0,0,4.544900000000001,3.0873335463258784,10.086318695846645,0.0,0,8.71640631614573,9.009556041131106,11.766970819925048,6.2521412623371635,0,0.5482706918242517,-0.34113034892002503,5.0,-5.0,0
92,10.7101,9.009556041131106,17.28180037751293,0.7373117047492794,0,0,0,2.834600000000001,3.0873335463258784,10.086318695846645,0.0,0,9.115145052916583,9.009556041131106,11.766970819925048,6.2521412623371635,0,0.6649874701439398,0.0,5.0,-5.0,0
93,12.0395,9.009556041131106,17.28180037751293,0.7373117047492794,0,0,0,1.3293999999999997,3.0873335463258784,10.086318695846645,0.0,0,9.700016042333267,9.009556041131106,11.766970819925048,6.2521412623371635,0,1.2638225029329326,0.0,5.0,-5.0,0
94,13.4235,9.009556041131106,17.28180037751293,0.7373117047492794,0,0,0,1.3840000000000003,3.0873335463258784,10.086318695846645,0.0,0,10.444712833866614,9.009556041131106,11.766970819925048,6.2521412623371635,0,2.3645769461217436,0.0,5.0,-5.0,0
95,8.8381,9.009556041131106,17.28180037751293,0.7373117047492794,0,0,0,4.5854,3.0873335463258784,10.086318695846645,0.0,0,10.123390267093292,9.009556041131106,11.766970819925048,6.2521412623371635,0,1.8023969496809844,0.0,5.0,-5.0,0
96,4.173,9.009556041131106,17.28180037751293,0.7373117047492794,0,0,0,4.665100000000001,3.0873335463258784,10.086318695846645,0.0,0,8.933312213674634,9.009556041131106,11.766970819925048,6.2521412623371635,0,0.0,-1.2540183211923428,5.0,-5.0,0
97,9.2058,9.009556041131106,17.28180037751293,0.7373117047492794,0,0,0,5.0328,3.0873335463258784,10.086318695846645,0.0,0,8.987809770939707,9.009556041131106,11.766970819925048,6.2521412623371635,0,0.0,-0.6828487748556364,5.0,-5.0,0
98,10.5868,9.009556041131106,17.28180037751293,0.7373117047492794,0,0,0,1.3810000000000002,3.0873335463258784,10.086318695846645,0.0,0,9.307607816751766,9.009556041131106,11.766970819925048,6.2521412623371635,0,0.07200098113594688,0.0,5.0,-5.0,0
99,4.0404,9.009556041131106,17.28180037751293,0.7373117047492794,0,0,0,6.5464,3.0873335463258784,10.086318695846645,0.0,0,8.254166253401413,9.009556041131106,11.766970819925048,6.2521412623371635,0,0.0,-1.3021068427378746,5.0,-5.0,0
100,9.46,9.009556041131106,17.28180037751293,0.7373117047492794,0,0,0,5.419600000000001,3.0873335463258784,10.086318695846645,0.0,0,8.495333002721132,9.009556041131106,11.766970819925048,6.2521412623371635,0,0.0,-0.6387494971788892,5.0,-5.0,0
101,8.0211,9.009556041131106,17.28180037751293,0.7373117047492794,0,0,0,1.4389000000000003,3.0873335463258784,10.086318695846645,0.0,0,8.400486402176906,9.009556041131106,11.766970819925048,6.2521412623371635,0,0.0,-0.4972215155102927,5.0,-5.0,0
102,9.6107,9.009556041131106,17.28180037751293,0.7373117047492794,0,0,0,1.589599999999999,3.0873335463258784,10.086318695846645,0.0,0,8.642529121741525,9.009556041131106,11.766970819925048,6.2521412623371635,0,0.0,0.0,5.0,-5.0,0
103,18.1408,9.009556041131106,17.28180037751293,0.7373117047492794,1,0,1,8.5301,3.0873335463258784,10.086318695846645,0.0,0,10.54218329739322,9.009556041131106,11.766970819925048,6.2521412623371635,0,2.8115235433904444,0.0,5.0,-5.0,0
104,4.7764,9.009556041131106,17.28180037751293,0.7373117047492794,0,0,0,13.3644,3.0873335463258784,10.086318695846645,0.0,1,9.389026637914577,9.009556041131106,11.766970819925048,6.2521412623371635,0,0.7763333813276176,-1.0351901620628268,5.0,-5.0,0
105,3.6439,9.009556041131106,17.28180037751293,0.7373117047492794,0,0,0,1.1324999999999998,3.0873335463258784,10.086318695846645,0.0,0,8.240001310331662,9.009556041131106,11.766970819925048,6.2521412623371635,0,0.0,-2.4810911133437124,5.0,-5.0,0
106,8.1735,9.009556041131106,17.28180037751293,0.7373117047492794,0,0,0,4.5296,3.0873335463258784,10.086318695846645,0.0,0,8.22670104826533,9.009556041131106,11.766970819925048,6.2521412623371635,0,0.0,-2.2842939711657717,5.0,-5.0,0
107,8.5675,9.009556041131106,17.28180037751293,0.7373117047492794,0,0,0,0.39400000000000013,3.0873335463258784,10.086318695846645,0.0,0,8.294860838612264,9.009556041131106,11.766970819925048,6.2521412623371635,0,0.0,-1.9446093667786344,5.0,-5.0,0
108,9.562,9.009556041131106,17.28180037751293,0.7373117047492794,0,0,0,0.9944999999999986,3.0873335463258784,10.086318695846645,0.0,0,8.54828867088981,9.009556041131106,11.766970819925048,6.2521412623371635,0,0.0,-1.2442608508000097,5.0,-5.0,0
109,7.8831,9.009556041131106,17.28180037751293,0.7373117047492794,0,0,0,1.6788999999999996,3.0873335463258784,10.086318695846645,0.0,0,8.41525093671185,9.009556041131106,11.766970819925048,6.2521412623371635,0,0.0,-1.152779746757985,5.0,-5.0,0
110,10.390999999999998,9.009556041131106,17.28180037751293,0.7373117047492794,0,0,0,2.5078999999999985,3.0873335463258784,10.086318695846645,0.0,0,8.81040074936948,9.009556041131106,11.766970819925048,6.2521412623371635,0,0.0009924402715788538,-0.15178730648640615,5.0,-5.0,0
111,10.4848,9.009556041131106,17.28180037751293,0.7373117047492794,0,0,0,0.09380000000000166,3.0873335463258784,10.086318695846645,0.0,0,9.145280599495585,9.009556041131106,11.766970819925048,6.2521412623371635,0,0.03600225098788579,0.0,5.0,-5.0,0
112,4.6105,9.009556041131106,17.28180037751293,0.7373117047492794,0,0,0,5.8743,3.0873335463258784,10.086318695846645,0.0,0,8.238324479596468,9.009556041131106,11.766970819925048,6.2521412623371635,0,0.0,-1.0953552127747703,5.0,-5.0,0
113,6.0974,9.009556041131106,17.28180037751293,0.7373117047492794,0,0,0,1.4869000000000003,3.0873335463258784,10.086318695846645,0.0,0,7.8101395836771745,9.009556041131106,11.766970819925048,6.2521412623371635,0,0.0,-1.6514734520499097,5.0,-5.0,0
114,9.7447,9.009556041131106,17.28180037751293,0.7373117047492794,0,0,0,3.6472999999999995,3.0873335463258784,10.086318695846645,0.0,0,8.19705166694174,9.009556041131106,11.766970819925048,6.2521412623371635,0,0.0,-0.8848672219961067,5.0,-5.0,0
115,3.5524,9.009556041131106,17.28180037751293,0.7373117047492794,0,0,0,6.1922999999999995,3.0873335463258784,10.086318695846645,0.0,0,7.268121333553392,9.009556041131106,11.766970819925048,6.2521412623371635,0,0.0,-2.3639514290946106,5.0,-5.0,0
116,8.3735,9.009556041131106,17.28180037751293,0.7373117047492794,0,0,0,4.8210999999999995,3.0873335463258784,10.086318695846645,0.0,0,7.4891970668427135,9.009556041131106,11.766970819925048,6.2521412623371635,0,0.0,-2.094622580211494,5.0,-5.0,0
117,7.095,9.009556041131106,17.28180037751293,0.7373117047492794,0,0,0,1.2785000000000002,3.0873335463258784,10.086318695846645,0.0,0,7.410357653474172,9.009556041131106,11.766970819925048,6.2521412623371635,0,0.0,-2.2889526664412156,5.0,-5.0,0
118,10.7893,9.009556041131106,17.28180037751293,0.7373117047492794,0,0,0,3.694300000000001,3.0873335463258784,10.086318695846645,0.0,0,8.086146122779338,9.009556041131106,11.766970819925048,6.2521412623371635,0,0.14543933417493782,-1.1435133322662778,5.0,-5.0,0
119,8.433,9.009556041131106,17.28180037751293,0.7373117047492794,0,0,0,2.356300000000001,3.0873335463258784,10.086318695846645,0.0,0,8.155516898223471,9.009556041131106,11.766970819925048,6.2521412623371635,0,0.0,-0.8526063006383717,5.0,-5.0,0
120,4.2312,9.009556041131106,17.28180037751293,0.7373117047492794,0,0,0,4.2017999999999995,3.0873335463258784,10.086318695846645,0.0,0,7.370653518578777,9.009556041131106,11.766970819925048,6.2521412623371635,0,0.0,-2.085517895179508,5.0,-5.0,0
121,10.333,9.009556041131106,17.28180037751293,0.7373117047492794,0,0,0,6.1018,3.0873335463258784,10.086318695846645,0.0,0,7.963122814863023,9.009556041131106,11.766970819925048,6.2521412623371635,0,0.0,-1.1055596498524296,5.0,-5.0,0
122,6.7134,9.009556041131106,17.28180037751293,0.7373117047492794,0,0,0,3.6196,3.0873335463258784,10.086318695846645,0.0,0,7.713178251890419,9.009556041131106,11.766970819925048,6.2521412623371635,0,0.0,-1.4382802324756265,5.0,-5.0,0
123,9.8525,9.009556041131106,17.28180037751293,0.7373117047492794,0,0,0,3.139099999999999,3.0873335463258784,10.086318695846645,0.0,0,8.141042601512336,9.009556041131106,11.766970819925048,6.2521412623371635,0,0.0,-0.6325794125077338,5.0,-5.0,0
124,11.3399,9.009556041131106,17.28180037751293,0.7373117047492794,0,0,0,1.487400000000001,3.0873335463258784,10.086318695846645,0.0,0,8.780814081209869,9.009556041131106,11.766970819925048,6.2521412623371635,0,0.34511912273428713,0.0,5.0,-5.0,0
125,9.5197,9.009556041131106,17.28180037751293,0.7373117047492794,0,0,0,1.8201999999999998,3.0873335463258784,10.086318695846645,0.0,0,8.928591264967896,9.009556041131106,11.766970819925048,6.2521412623371635,0,0.030127182744767333,0.0,5.0,-5.0,0
126,11.6708,9.009556041131106,17.28180037751293,0.7373117047492794,0,0,0,2.1510999999999996,3.0873335463258784,10.086318695846645,0.0,0,9.477033011974317,9.009556041131106,11.766970819925048,6.2521412623371635,0,0.49525001422276804,0.0,5.0,-5.0,0
127,10.3773,9.009556041131106,17.28180037751293,0.7373117047492794,0,0,0,1.2934999999999999,3.0873335463258784,10.086318695846645,0.0,0,9.657086409579454,9.009556041131106,11.766970819925048,6.2521412623371635,0,0.4912740325850429,0.0,5.0,-5.0,0
128,10.0405,9.009556041131106,17.28180037751293,0.7373117047492794,0,0,0,0.3368000000000002,3.0873335463258784,10.086318695846645,0.0,0,9.733769127663564,9.009556041131106,11.766970819925048,6.2521412623371635,0,0.3651546568558013,0.0,5.0,-5.0,0
129,9.6213,9.009556041131106,17.28180037751293,0.7373117047492794,0,0,0,0.4192,3.0873335463258784,10.086318695846645,0.0,0,9.71127530213085,9.009556041131106,11.766970819925048,6.2521412623371635,0,0.08700882387251074,0.0,5.0,-5.0,0
130,5.8117,9.009556041131106,17.28180037751293,0.7373117047492794,0,0,0,3.8095999999999997,3.0873335463258784,10.086318695846645,0.0,0,8.931360241704681,9.009556041131106,11.766970819925048,6.2521412623371635,0,0.0,-0.6597297823034831,5.0,-5.0,0
131,14.8972,9.009556041131106,17.28180037751293,0.7373117047492794,0,0,0,9.0855,3.0873335463258784,10.086318695846645,0.0,0,10.124528193363744,9.009556041131106,11.766970819925048,6.2521412623371635,0,1.6352043240459002,0.0,5.0,-5.0,0
132,11.2013,9.009556041131106,17.28180037751293,0.7373117047492794,0,0,0,3.6959,3.0873335463258784,10.086318695846645,0.0,0,10.339882554690995,9.009556041131106,11.766970819925048,6.2521412623371635,0,1.9300589740335004,0.0,5.0,-5.0,0
133,6.0915,9.009556041131106,17.28180037751293,0.7373117047492794,0,0,0,5.1098,3.0873335463258784,10.086318695846645,0.0,0,9.490206043752796,9.009556041131106,11.766970819925048,6.2521412623371635,0,0.37180104941055836,-0.558257924622942,5.0,-5.0,0
134,6.5965,9.009556041131106,17.28180037751293,0.7373117047492794,0,0,0,0.5049999999999999,3.0873335463258784,10.086318695846645,0.0,0,8.911464835002237,9.009556041131106,11.766970819925048,6.2521412623371635,0,0.0,-0.9333732898153144,5.0,-5.0,0
135,7.713999999999999,9.009556041131106,17.28180037751293,0.7373117047492794,0,0,0,1.1174999999999988,3.0873335463258784,10.086318695846645,0.0,0,8.67197186800179,9.009556041131106,11.766970819925048,6.2521412623371635,0,0.0,-0.9032177437925164,5.0,-5.0,0
136,6.4670000000000005,9.009556041131106,17.28180037751293,0.7373117047492794,0,0,0,1.246999999999998,3.0873335463258784,10.086318695846645,0.0,0,8.230977494401433,9.009556041131106,11.766970819925048,6.2521412623371635,0,0.0,-1.32529738907649,5.0,-5.0,0
137,9.7065,9.009556041131106,17.28180037751293,0.7373117047492794,0,0,0,3.2394999999999996,3.0873335463258784,10.086318695846645,0.0,0,8.526081995521146,9.009556041131106,11.766970819925048,6.2521412623371635,0,0.0,-0.5725447150033756,5.0,-5.0,0
138,11.8815,9.009556041131106,17.28180037751293,0.7373117047492794,0,0,0,2.1750000000000007,3.0873335463258784,10.086318695846645,0.0,0,9.197165596416918,9.009556041131106,11.766970819925048,6.2521412623371635,0,0.541534984491904,0.0,5.0,-5.0,0
139,8.6579,9.009556041131106,17.28180037751293,0.7373117047492794,0,0,0,3.223600000000001,3.0873335463258784,10.086318695846645,0.0,0,9.089312477133536,9.009556041131106,11.766970819925048,6.2521412623371635,0,0.0,0.0,5.0,-5.0,0
140,9.813,9.009556041131106,17.28180037751293,0.7373117047492794,0,0,0,1.155100000000001,3.0873335463258784,10.086318695846645,0.0,0,9.234049981706828,9.009556041131106,11.766970819925048,6.2521412623371635,0,0.0,0.0,5.0,-5.0,0
141,14.3185,9.009556041131106,17.28180037751293,0.7373117047492794,0,0,0,4.5055,3.0873335463258784,10.086318695846645,0.0,0,10.250939985365463,9.009556041131106,11.766970819925048,6.2521412623371635,0,1.4253338306944736,0.0,5.0,-5.0,0
142,12.9242,9.009556041131106,17.28180037751293,0.7373117047492794,0,0,0,1.3942999999999994,3.0873335463258784,10.086318695846645,0.0,0,10.78559198829237,9.009556041131106,11.766970819925048,6.2521412623371635,0,2.3450128680938125,0.0,5.0,-5.0,0
143,10.691,9.009556041131106,17.28180037751293,0.7373117047492794,0,0,0,2.2332,3.0873335463258784,10.086318695846645,0.0,0,10.766673590633896,9.009556041131106,11.766970819925048,6.2521412623371635,0,2.4548028684231564,0.0,5.0,-5.0,0
144,9.4151,9.009556041131106,17.28180037751293,0.7373117047492794,0,0,0,1.2759,3.0873335463258784,10.086318695846645,0.0,0,10.496358872507118,9.009556041131106,11.766970819925048,6.2521412623371635,0,2.1018768458268298,0.0,5.0,-5.0,0
145,12.0703,9.009556041131106,17.28180037751293,0.7373117047492794,0,0,0,2.655199999999999,3.0873335463258784,10.086318695846645,0.0,0,10.811147098005694,9.009556041131106,11.766970819925048,6.2521412623371635,0,2.7118817614484194,0.0,5.0,-5.0,0
146,5.8573,9.009556041131106,17.28180037751293,0.7373117047492794,0,0,0,6.212999999999999,3.0873335463258784,10.086318695846645,0.0,0,9.820377678404556,9.009556041131106,11.766970819925048,6.2521412623371635,0,1.0686892082737165,-0.6431925531747029,5.0,-5.0,0
147,10.5239,9.009556041131106,17.28180037751293,0.7373117047492794,0,0,0,4.666599999999999,3.0873335463258784,10.086318695846645,0.0,0,9.961082142723646,9.009556041131106,11.766970819925048,6.2521412623371635,0,1.1178789676508851,0.0,5.0,-5.0,0
148,9.0188,9.009556041131106,17.28180037751293,0.7373117047492794,0,0,0,1.5050999999999988,3.0873335463258784,10.086318695846645,0.0,0,9.772625714178917,9.009556041131106,11.766970819925048,6.2521412623371635,0,0.6212313682182522,0.0,5.0,-5.0,0
149,8.7773,9.009556041131106,17.28180037751293,0.7373117047492794,0,0,0,0.24150000000000027,3.0873335463258784,10.086318695846645,0.0,0,9.573560571343133,9.009556041131106,11.766970819925048,6.2521412623371635,0,0.037001732939119125,0.0,5.0,-5.0,0
150,7.0985,9.009556041131106,17.28180037751293,0.7373117047492794,0,0,0,1.6788000000000007,3.0873335463258784,10.086318695846645,0.0,0,9.078548457074508,9.009556041131106,11.766970819925048,6.2521412623371635,0,0.0,-0.1930607813623808,5.0,-5.0,0
151,6.7365,9.009556041131106,17.28180037751293,0.7373117047492794,0,0,0,0.3619999999999992,3.0873335463258784,10.086318695846645,0.0,0,8.610138765659606,9.009556041131106,11.766970819925048,6.2521412623371635,0,0.0,-0.51740395186113,5.0,-5.0,0
152,4.2038,9.009556041131106,17.28180037751293,0.7373117047492794,0,0,0,2.5327,3.0873335463258784,10.086318695846645,0.0,0,7.728871012527685,9.009556041131106,11.766970819925048,6.2521412623371635,0,0.0,-1.7602523902208755,5.0,-5.0,0
153,7.6969,9.009556041131106,17.28180037751293,0.7373117047492794,0,0,0,3.4931,3.0873335463258784,10.086318695846645,0.0,0,7.722476810022149,9.009556041131106,11.766970819925048,6.2521412623371635,0,0.0,-1.7362983051213696,5.0,-5.0,0
154,5.1783,9.009556041131106,17.28180037751293,0.7373117047492794,0,0,0,2.5186,3.0873335463258784,10.086318695846645,0.0,0,7.21364144801772,9.009556041131106,11.766970819925048,6.2521412623371635,0,0.0,-2.625736002560145,5.0,-5.0,0
155,7.9251,9.009556041131106,17.28180037751293,0.7373117047492794,0,0,0,2.7467999999999995,3.0873335463258784,10.086318695846645,0.0,0,7.355933158414176,9.009556041131106,11.766970819925048,6.2521412623371635,0,0.0,-2.519023240110033,5.0,-5.0,0
156,8.4422,9.009556041131106,17.28180037751293,0.7373117047492794,0,0,0,0.5171000000000001,3.0873335463258784,10.086318695846645,0.0,0,7.573186526731341,9.009556041131106,11.766970819925048,6.2521412623371635,0,0.0,-2.2247797499736888,5.0,-5.0,0
157,9.1047,9.009556041131106,17.28180037751293,0.7373117047492794,0,0,0,0.6624999999999996,3.0873335463258784,10.086318695846645,0.0,0,7.879489221385073,9.009556041131106,11.766970819925048,6.2521412623371635,0,0.0,-1.690274981376449,5.0,-5.0,0
158,6.4448,9.009556041131106,17.28180037751293,0.7373117047492794,0,0,0,2.6598999999999995,3.0873335463258784,10.086318695846645,0.0,0,7.59255137710806,9.009556041131106,11.766970819925048,6.2521412623371635,0,0.0,-2.1204056461046976,5.0,-5.0,0
159,12.6976,9.009556041131106,17.28180037751293,0.7373117047492794,0,0,0,6.2528,3.0873335463258784,10.086318695846645,0.0,0,8.613561101686448,9.009556041131106,11.766970819925048,6.2521412623371635,0,0.8375006137023742,-0.28290503240232345,5.0,-5.0,0
160,12.3885,9.009556041131106,17.28180037751293,0.7373117047492794,0,0,0,0.30909999999999904,3.0873335463258784,10.086318695846645,0.0,0,9.36854888134916,9.009556041131106,11.766970819925048,6.2521412623371635,0,1.5629034746918995,0.0,5.0,-5.0,0
161,13.2075,9.009556041131106,17.28180037751293,0.7373117047492794,0,0,0,0.8189999999999991,3.0873335463258784,10.086318695846645,0.0,0,10.136339105079328,9.009556041131106,11.766970819925048,6.2521412623371635,0,2.58532367463912,0.0,5.0,-5.0,0
162,14.6744,9.009556041131106,17.28180037751293,0.7373117047492794,0,0,0,1.4669000000000008,3.0873335463258784,10.086318695846645,0.0,0,11.043951284063462,9.009556041131106,11.766970819925048,6.2521412623371635,0,4.139727677415454,0.0,5.0,-5.0,0
163,9.3289,9.009556041131106,17.28180037751293,0.7373117047492794,0,0,0,5.3454999999999995,3.0873335463258784,10.086318695846645,0.0,0,10.70094102725077,9.009556041131106,11.766970819925048,6.2521412623371635,0,3.7555404892291966,0.0,5.0,-5.0,0
164,10.4274,9.009556041131106,17.28180037751293,0.7373117047492794,0,0,0,1.0984999999999996,3.0873335463258784,10.086318695846645,0.0,0,10.646232821800618,9.009556041131106,11.766970819925048,6.2521412623371635,0,3.769733700121118,0.0,5.0,-5.0,0
165,9.0687,9.009556041131106,17.28180037751293,0.7373117047492794,0,0,0,1.3587000000000007,3.0873335463258784,10.086318695846645,0.0,0,10.330726257440496,9.009556041131106,11.766970819925048,6.2521412623371635,0,3.291182761511426,0.0,5.0,-5.0,0
166,14.2211,9.009556041131106,17.28180037751293,0.7373117047492794,0,0,0,5.1524,3.0873335463258784,10.086318695846645,0.0,0,11.108801005952397,9.009556041131106,11.766970819925048,6.2521412623371635,0,4.681193651040479,0.0,5.0,-5.0,0
167,8.7944,9.009556041131106,17.28180037751293,0.7373117047492794,0,0,0,5.4267,3.0873335463258784,10.086318695846645,0.0,0,10.645920804761918,9.009556041131106,11.766970819925048,6.2521412623371635,0,4.103165476684638,0.0,5.0,-5.0,0
168,8.0655,9.009556041131106,17.28180037751293,0.7373117047492794,0,0,0,0.7288999999999994,3.0873335463258784,10.086318695846645,0.0,0,10.129836643809536,9.009556041131106,11.766970819925048,6.2521412623371635,0,3.2607954972417836,0.0,5.0,-5.0,0
169,5.603,9.009556041131106,17.28180037751293,0.7373117047492794,0,0,0,2.4625000000000004,3.0873335463258784,10.086318695846645,0.0,0,9.22446931504763,9.009556041131106,11.766970819925048,6.2521412623371635,0,1.5253788789914493,-0.7354166182503343,5.0,-5.0,0
170,8.2945,9.009556041131106,17.28180037751293,0.7373117047492794,0,0,0,2.6914999999999996,3.0873335463258784,10.086318695846645,0.0,0,9.038475452038103,9.009556041131106,11.766970819925048,6.2521412623371635,0,0.766057703726021,-0.49473779351576264,5.0,-5.0,0
171,7.2314,9.009556041131106,17.28180037751293,0.7373117047492794,0,0,0,1.0630999999999995,3.0873335463258784,10.086318695846645,0.0,0,8.677060361630483,9.009556041131106,11.766970819925048,6.2521412623371635,0,0.0,-0.6396012557725539,5.0,-5.0,0
172,8.0898,9.009556041131106,17.28180037751293,0.7373117047492794,0,0,0,0.8584000000000005,3.0873335463258784,10.086318695846645,0.0,0,8.559608289304386,9.009556041131106,11.766970819925048,6.2521412623371635,0,0.0,-0.47315863285072957,5.0,-5.0,0
173,8.6425,9.009556041131106,17.28180037751293,0.7373117047492794,0,0,0,0.5526999999999997,3.0873335463258784,10.086318695846645,0.0,0,8.576186631443509,9.009556041131106,11.766970819925048,6.2521412623371635,0,0.0,-0.10627463844915142,5.0,-5.0,0
174,11.6817,9.009556041131106,17.28180037751293,0.7373117047492794,0,0,0,3.0391999999999992,3.0873335463258784,10.086318695846645,0.0,0,9.197289305154808,9.009556041131106,11.766970819925048,6.2521412623371635,0,0.46907580949343264,0.0,5.0,-5.0,0
175,15.5338,9.009556041131106,17.28180037751293,0.7373117047492794,0,0,0,3.8521,3.0873335463258784,10.086318695846645,0.0,0,10.464591444123846,9.009556041131106,11.766970819925048,6.2521412623371635,0,2.335148555981908,0.0,5.0,-5.0,0
176,10.4629,9.009556041131106,17.28180037751293,0.7373117047492794,0,0,0,5.0709,3.0873335463258784,10.086318695846645,0.0,0,10.464253155299076,9.009556041131106,11.766970819925048,6.2521412623371635,0,2.3622161448139978,0.0,5.0,-5.0,0
177,8.2633,9.009556041131106,17.28180037751293,0.7373117047492794,0,0,0,2.1996,3.0873335463258784,10.086318695846645,0.0,0,10.024062524239262,9.009556041131106,11.766970819925048,6.2521412623371635,0,1.591580023302562,0.0,5.0,-5.0,0
178,5.6793,9.009556041131106,17.28180037751293,0.7373117047492794,0,0,0,2.5839999999999996,3.0873335463258784,10.086318695846645,0.0,0,9.15511001939141,9.009556041131106,11.766970819925048,6.2521412623371635,0,0.0,-0.7077457721423097,5.0,-5.0,0
179,10.7441,9.009556041131106,17.28180037751293,0.7373117047492794,0,0,0,5.0648,3.0873335463258784,10.086318695846645,0.0,0,9.472908015513129,9.009556041131106,11.766970819925048,6.2521412623371635,0,0.12904716845956754,0.0,5.0,-5.0,0
180,5.7019,9.009556041131106,17.28180037751293,0.7373117047492794,0,0,0,5.042199999999999,3.0873335463258784,10.086318695846645,0.0,0,8.718706412410503,9.009556041131106,11.766970819925048,6.2521412623371635,0,0.0,-0.6995496892846247,5.0,-5.0,0
181,7.3369,9.009556041131106,17.28180037751293,0.7373117047492794,0,0,0,1.6349999999999998,3.0873335463258784,10.086318695846645,0.0,0,8.442345129928404,9.009556041131106,11.766970819925048,6.2521412623371635,0,0.0,-0.8061526762544355,5.0,-5.0,0
182,9.2315,9.009556041131106,17.28180037751293,0.7373117047492794,0,0,0,1.8946000000000005,3.0873335463258784,10.086318695846645,0.0,0,8.600176103942722,9.009556041131106,11.766970819925048,6.2521412623371635,0,0.0,-0.22566280560611385,5.0,-5.0,0
183,9.6483,9.009556041131106,17.28180037751293,0.7373117047492794,0,0,0,0.4168000000000003,3.0873335463258784,10.086318695846645,0.0,0,8.809800883154178,9.009556041131106,11.766970819925048,6.2521412623371635,0,0.0,0.0,5.0,-5.0,0
184,11.2301,9.009556041131106,17.28180037751293,0.7373117047492794,0,0,0,1.5817999999999994,3.0873335463258784,10.086318695846645,0.0,0,9.293860706523343,9.009556041131106,11.766970819925048,6.2521412623371635,0,0.30529921575314545,0.0,5.0,-5.0,0
185,13.4669,9.009556041131106,17.28180037751293,0.7373117047492794,0,0,0,2.2368000000000006,3.0873335463258784,10.086318695846645,0.0,0,10.128468565218675,9.009556041131106,11.766970819925048,6.2521412623371635,0,1.4217930392969795,0.0,5.0,-5.0,0
186,14.7765,9.009556041131106,17.28180037751293,0.7373117047492794,0,0,0,1.3095999999999997,3.0873335463258784,10.086318695846645,0.0,0,11.05807485217494,9.009556041131106,11.766970819925048,6.2521412623371635,0,3.0132244783463062,0.0,5.0,-5.0,0
187,11.497,9.009556041131106,17.28180037751293,0.7373117047492794,0,0,0,3.2795000000000005,3.0873335463258784,10.086318695846645,0.0,0,11.145859881739952,9.009556041131106,11.766970819925048,6.2521412623371635,0,3.415317256697509,0.0,5.0,-5.0,0
188,13.5537,9.009556041131106,17.28180037751293,0.7373117047492794,0,0,0,2.0566999999999993,3.0873335463258784,10.086318695846645,0.0,0,11.627427905391961,9.009556041131106,11.766970819925048,6.2521412623371635,0,4.56328984095139,0.0,5.0,-5.0,0
189,5.9385,9.009556041131106,17.28180037751293,0.7373117047492794,0,0,0,7.615199999999999,3.0873335463258784,10.086318695846645,0.0,0,10.48964232431357,9.009556041131106,11.766970819925048,6.2521412623371635,0,2.949545160698988,-0.6137446802524014,5.0,-5.0,0
190,12.5159,9.009556041131106,17.28180037751293,0.7373117047492794,0,0,0,6.5774,3.0873335463258784,10.086318695846645,0.0,0,10.894893859450857,9.009556041131106,11.766970819925048,6.2521412623371635,0,3.72115071885971,0.0,5.0,-5.0,0
191,10.9685,9.009556041131106,17.28180037751293,0.7373117047492794,0,0,0,1.5473999999999997,3.0873335463258784,10.086318695846645,0.0,0,10.909615087560686,9.009556041131106,11.766970819925048,6.2521412623371635,0,3.931578462242485,0.0,5.0,-5.0,0
192,12.0643,9.009556041131106,17.28180037751293,0.7373117047492794,0,0,0,1.0957999999999988,3.0873335463258784,10.086318695846645,0.0,0,11.14055207004855,9.009556041131106,11.766970819925048,6.2521412623371635,0,4.53940742666292,0.0,5.0,-5.0,0
193,10.1855,9.009556041131106,17.28180037751293,0.7373117047492794,0,0,0,1.8788,3.0873335463258784,10.086318695846645,0.0,0,10.949541656038841,9.009556041131106,11.766970819925048,6.2521412623371635,0,4.465873538294931,0.0,5.0,-5.0,0
194,10.8377,9.009556041131106,17.28180037751293,0.7373117047492794,0,0,0,0.6522000000000006,3.0873335463258784,10.086318695846645,0.0,0,10.927173324831074,9.009556041131106,11.766970819925048,6.2521412623371635,0,4.628865545492521,0.0,5.0,-5.0,0
195,4.7356,9.009556041131106,17.28180037751293,0.7373117047492794,0,0,0,6.1021,3.0873335463258784,10.086318695846645,0.0,0,9.68885865986486,9.009556041131106,11.766970819925048,6.2521412623371635,0,2.578878915261838,-1.0499866302306828,5.0,-5.0,0
196,8.2783,9.009556041131106,17.28180037751293,0.7373117047492794,0,0,0,3.5427,3.0873335463258784,10.086318695846645,0.0,0,9.406746927891888,9.009556041131106,11.766970819925048,6.2521412623371635,0,1.8136826717532903,-0.8151828737392304,5.0,-5.0,0
197,9.0989,9.009556041131106,17.28180037751293,0.7373117047492794,0,0,0,0.8206000000000007,3.0873335463258784,10.086318695846645,0.0,0,9.345177542313511,9.009556041131106,11.766970819925048,6.2521412623371635,0,1.3460840208560803,-0.28278152463644035,5.0,-5.0,0
198,9.6825,9.009556041131106,17.28180037751293,0.7373117047492794,0,0,0,0.5835999999999988,3.0873335463258784,10.086318695846645,0.0,0,9.41264203385081,9.009556041131106,11.766970819925048,6.2521412623371635,0,1.0901328901245735,0.0,5.0,-5.0,0
199,4.7449,9.009556041131106,17.28180037751293,0.7373117047492794,0,0,0,4.937599999999999,3.0873335463258784,10.086318695846645,0.0,0,8.47909362708065,9.009556041131106,11.766970819925048,6.2521412623371635,0,0.0,-1.046613905868892,5.0,-5.0,0
200,11.6025,9.009556041131106,17.28180037751293,0.7373117047492794,0,0,0,6.857599999999999,3.0873335463258784,10.086318695846645,0.0,0,9.103774901664519,9.009556041131106,11.766970819925048,6.2521412623371635,0,0.4403532536381829,0.0,5.0,-5.0,0
201,10.5132,9.009556041131106,17.28180037751293,0.7373117047492794,0,0,0,1.0892999999999997,3.0873335463258784,10.086318695846645,0.0,0,9.385659921331616,9.009556041131106,11.766970819925048,6.2521412623371635,0,0.48566256670662467,0.0,5.0,-5.0,0
202,10.7967,9.009556041131106,17.28180037751293,0.7373117047492794,0,0,0,0.2835000000000001,3.0873335463258784,10.086318695846645,0.0,0,9.667867937065292,9.009556041131106,11.766970819925048,6.2521412623371635,0,0.6337855740296536,0.0,5.0,-5.0,0
203,13.6157,9.009556041131106,17.28180037751293,0.7373117047492794,0,0,0,2.819000000000001,3.0873335463258784,10.086318695846645,0.0,0,10.457434349652235,9.009556041131106,11.766970819925048,6.2521412623371635,0,1.8042429873621386,0.0,5.0,-5.0,0
204,9.4695,9.009556041131106,17.28180037751293,0.7373117047492794,0,0,0,4.1462,3.0873335463258784,10.086318695846645,0.0,0,10.259847479721788,9.009556041131106,11.766970819925048,6.2521412623371635,0,1.4710455889896197,0.0,5.0,-5.0,0
205,10.3963,9.009556041131106,17.28180037751293,0.7373117047492794,0,0,0,0.9268000000000001,3.0873335463258784,10.086318695846645,0.0,0,10.28713798377743,9.009556041131106,11.766970819925048,6.2521412623371635,0,1.4739601194888863,0.0,5.0,-5.0,0
206,9.9317,9.009556041131106,17.28180037751293,0.7373117047492794,0,0,0,0.4646000000000008,3.0873335463258784,10.086318695846645,0.0,0,10.216050387021944,9.009556041131106,11.766970819925048,6.2521412623371635,0,1.3083834953120288,0.0,5.0,-5.0,0
207,10.5264,9.009556041131106,17.28180037751293,0.7373117047492794,0,0,0,0.5947000000000013,3.0873335463258784,10.086318695846645,0.0,0,10.278120309617556,9.009556041131106,11.766970819925048,6.2521412623371635,0,1.3584799010230126,0.0,5.0,-5.0,0
208,15.3409,9.009556041131106,17.28180037751293,0.7373117047492794,0,0,0,4.814499999999999,3.0873335463258784,10.086318695846645,0.0,0,11.290676247694044,9.009556041131106,11.766970819925048,6.2521412623371635,0,3.1545958163943455,0.0,5.0,-5.0,0
209,4.9371,9.009556041131106,17.28180037751293,0.7373117047492794,0,0,0,10.4038,3.0873335463258784,10.086318695846645,0.0,1,10.019960998155236,9.009556041131106,11.766970819925048,6.2521412623371635,0,1.1776848806691276,-0.9769109357252179,5.0,-5.0,0
210,12.3114,9.009556041131106,17.28180037751293,0.7373117047492794,0,0,0,7.374300000000001,3.0873335463258784,10.086318695846645,0.0,0,10.47824879852419,9.009556041131106,11.766970819925048,6.2521412623371635,0,1.8751267687238071,0.0,5.0,-5.0,0
211,7.4878,9.009556041131106,17.28180037751293,0.7373117047492794,0,0,0,4.823600000000001,3.0873335463258784,10.086318695846645,0.0,0,9.880159038819352,9.009556041131106,11.766970819925048,6.2521412623371635,0,0.8232489544630517,-0.05187781426075555,5.0,-5.0,0
212,11.3131,9.009556041131106,17.28180037751293,0.7373117047492794,0,0,0,3.8253000000000004,3.0873335463258784,10.086318695846645,0.0,0,10.166747231055481,9.009556041131106,11.766970819925048,6.2521412623371635,0,1.1586488284988454,0.0,5.0,-5.0,0
213,11.0801,9.009556041131106,17.28180037751293,0.7373117047492794,0,0,0,0.23300000000000054,3.0873335463258784,10.086318695846645,0.0,0,10.349417784844386,9.009556041131106,11.766970819925048,6.2521412623371635,0,1.4095492642231089,0.0,5.0,-5.0,0
214,9.602,9.009556041131106,17.28180037751293,0.7373117047492794,0,0,0,1.4780999999999995,3.0873335463258784,10.086318695846645,0.0,0,10.19993422787551,9.009556041131106,11.766970819925048,6.2521412623371635,0,1.1244041215427691,0.0,5.0,-5.0,0
215,5.803999999999999,9.009556041131106,17.28180037751293,0.7373117047492794,0,0,0,3.798000000000001,3.0873335463258784,10.086318695846645,0.0,0,9.320747382300407,9.009556041131106,11.766970819925048,6.2521412623371635,0,0.0,-0.6625222530116326,5.0,-5.0,0
216,10.7885,9.009556041131106,17.28180037751293,0.7373117047492794,0,0,0,4.9845000000000015,3.0873335463258784,10.086318695846645,0.0,0,9.614297905840326,9.009556041131106,11.766970819925048,6.2521412623371635,0,0.1451492073481171,0.0,5.0,-5.0,0
217,9.4702,9.009556041131106,17.28180037751293,0.7373117047492794,0,0,0,1.3183000000000007,3.0873335463258784,10.086318695846645,0.0,0,9.58547832467226,9.009556041131106,11.766970819925048,6.2521412623371635,0,0.0,0.0,5.0,-5.0,0
218,5.1309,9.009556041131106,17.28180037751293,0.7373117047492794,0,0,0,4.339300000000001,3.0873335463258784,10.086318695846645,0.0,0,8.694562659737809,9.009556041131106,11.766970819925048,6.2521412623371635,0,0.0,-0.9066277119279025,5.0,-5.0,0
219,15.8175,9.009556041131106,17.28180037751293,0.7373117047492794,0,0,0,10.686600000000002,3.0873335463258784,10.086318695846645,0.0,1,10.119150127790247,9.009556041131106,11.766970819925048,6.2521412623371635,0,1.968958972449768,0.0,5.0,-5.0,0
220,11.6646,9.009556041131106,17.28180037751293,0.7373117047492794,0,0,0,4.152900000000001,3.0873335463258784,10.086318695846645,0.0,0,10.428240102232198,9.009556041131106,11.766970819925048,6.2521412623371635,0,2.4318333210199086,0.0,5.0,-5.0,0
221,4.7801,9.009556041131106,17.28180037751293,0.7373117047492794,0,0,0,6.8845,3.0873335463258784,10.086318695846645,0.0,0,9.298612081785759,9.009556041131106,11.766970819925048,6.2521412623371635,0,0.39798499553112765,-1.033848325488781,5.0,-5.0,0
222,8.3415,9.009556041131106,17.28180037751293,0.7373117047492794,0,0,0,3.5614,3.0873335463258784,10.086318695846645,0.0,0,9.107189665428608,9.009556041131106,11.766970819925048,6.2521412623371635,0,0.0,-0.7761245496784928,5.0,-5.0,0
223,13.1792,9.009556041131106,17.28180037751293,0.7373117047492794,0,0,0,4.8377,3.0873335463258784,10.086318695846645,0.0,0,9.921591732342886,9.009556041131106,11.766970819925048,6.2521412623371635,0,1.0121569634484382,0.0,5.0,-5.0,0
224,12.4225,9.009556041131106,17.28180037751293,0.7373117047492794,0,0,0,0.7567000000000004,3.0873335463258784,10.086318695846645,0.0,0,10.42177338587431,9.009556041131106,11.766970819925048,6.2521412623371635,0,1.7498902145778428,0.0,5.0,-5.0,0
225,9.7354,9.009556041131106,17.28180037751293,0.7373117047492794,0,0,0,2.687099999999999,3.0873335463258784,10.086318695846645,0.0,0,10.284498708699449,9.009556041131106,11.766970819925048,6.2521412623371635,0,1.5131237202698555,0.0,5.0,-5.0,0
226,10.8924,9.009556041131106,17.28180037751293,0.7373117047492794,0,0,0,1.157,3.0873335463258784,10.086318695846645,0.0,0,10.40607896695956,9.009556041131106,11.766970819925048,6.2521412623371635,0,1.6959531492513111,0.0,5.0,-5.0,0
227,10.9736,9.009556041131106,17.28180037751293,0.7373117047492794,0,0,0,0.08119999999999905,3.0873335463258784,10.086318695846645,0.0,0,10.519583173567648,9.009556041131106,11.766970819925048,6.2521412623371635,0,1.908230451155068,0.0,5.0,-5.0,0
228,7.7283,9.009556041131106,17.28180037751293,0.7373117047492794,0,0,0,3.2452999999999994,3.0873335463258784,10.086318695846645,0.0,0,9.961326538854118,9.009556041131106,11.766970819925048,6.2521412623371635,0,0.9435720142072865,0.0,5.0,-5.0,0
229,6.3185,9.009556041131106,17.28180037751293,0.7373117047492794,0,0,0,1.4097999999999997,3.0873335463258784,10.086318695846645,0.0,0,9.232761231083295,9.009556041131106,11.766970819925048,6.2521412623371635,0,0.0,-0.47593443751256703,5.0,-5.0,0
230,6.5451,9.009556041131106,17.28180037751293,0.7373117047492794,0,0,0,0.22659999999999947,3.0873335463258784,10.086318695846645,0.0,0,8.695228984866636,9.009556041131106,11.766970819925048,6.2521412623371635,0,0.0,-0.8696904513281698,5.0,-5.0,0
231,12.5894,9.009556041131106,17.28180037751293,0.7373117047492794,0,0,0,6.0443,3.0873335463258784,10.086318695846645,0.0,0,9.474063187893309,9.009556041131106,11.766970819925048,6.2521412623371635,0,0.798260960374874,0.0,5.0,-5.0,0
232,4.0941,9.009556041131106,17.28180037751293,0.7373117047492794,0,0,0,8.4953,3.0873335463258784,10.086318695846645,0.0,0,8.398070550314648,9.009556041131106,11.766970819925048,6.2521412623371635,0,0.0,-1.2826320794875348,5.0,-5.0,0
233,4.0678,9.009556041131106,17.28180037751293,0.7373117047492794,0,0,0,0.02629999999999999,3.0873335463258784,10.086318695846645,0.0,0,7.532016440251718,9.009556041131106,11.766970819925048,6.2521412623371635,0,0.0,-2.5748020784068,5.0,-5.0,0
234,9.0853,9.009556041131106,17.28180037751293,0.7373117047492794,0,0,0,5.0175,3.0873335463258784,10.086318695846645,0.0,0,7.842673152201375,9.009556041131106,11.766970819925048,6.2521412623371635,0,0.0,-2.047332885359962,5.0,-5.0,0
235,9.7173,9.009556041131106,17.28180037751293,0.7373117047492794,0,0,0,0.6319999999999997,3.0873335463258784,10.086318695846645,0.0,0,8.2175985217611,9.009556041131106,11.766970819925048,6.2521412623371635,0,0.0,-1.290663499124768,5.0,-5.0,0
236,8.2275,9.009556041131106,17.28180037751293,0.7373117047492794,0,0,0,1.4898000000000007,3.0873335463258784,10.086318695846645,0.0,0,8.21957881740888,9.009556041131106,11.766970819925048,6.2521412623371635,0,0.0,-1.0742827961364305,5.0,-5.0,0
237,5.9987,9.009556041131106,17.28180037751293,0.7373117047492794,0,0,0,2.228799999999999,3.0873335463258784,10.086318695846645,0.0,0,7.775403053927105,9.009556041131106,11.766970819925048,6.2521412623371635,0,0.0,-1.6661954326705741,5.0,-5.0,0
238,9.7333,9.009556041131106,17.28180037751293,0.7373117047492794,0,0,0,3.7345999999999995,3.0873335463258784,10.086318695846645,0.0,0,8.166982443141684,9.009556041131106,11.766970819925048,6.2521412623371635,0,0.0,-0.903723509898966,5.0,-5.0,0
239,11.8806,9.009556041131106,17.28180037751293,0.7373117047492794,0,0,0,2.1472999999999995,3.0873335463258784,10.086318695846645,0.0,0,8.909705954513347,9.009556041131106,11.766970819925048,6.2521412623371635,0,0.5412085918117302,0.0,5.0,-5.0,0
240,8.6467,9.009556041131106,17.28180037751293,0.7373117047492794,0,0,0,3.2339,3.0873335463258784,10.086318695846645,0.0,0,8.857104763610678,9.009556041131106,11.766970819925048,6.2521412623371635,0,0.0,0.0,5.0,-5.0,0
241,14.2942,9.009556041131106,17.28180037751293,0.7373117047492794,0,0,0,5.647500000000001,3.0873335463258784,10.086318695846645,0.0,0,9.944523810888544,9.009556041131106,11.766970819925048,6.2521412623371635,0,1.4165212283297945,0.0,5.0,-5.0,0
242,12.8039,9.009556041131106,17.28180037751293,0.7373117047492794,0,0,0,1.4902999999999995,3.0873335463258784,10.086318695846645,0.0,0,10.516399048710836,9.009556041131106,11.766970819925048,6.2521412623371635,0,2.2925724441459705,0.0,5.0,-5.0,0
243,7.3121,9.009556041131106,17.28180037751293,0.7373117047492794,0,0,0,5.4918000000000005,3.0873335463258784,10.086318695846645,0.0,0,9.875539238968669,9.009556041131106,11.766970819925048,6.2521412623371635,0,1.1769755255447178,-0.11559691860125265,5.0,-5.0,0
244,9.1496,9.009556041131106,17.28180037751293,0.7373117047492794,0,0,0,1.8374999999999995,3.0873335463258784,10.086318695846645,0.0,0,9.730351391174935,9.009556041131106,11.766970819925048,6.2521412623371635,0,0.7277636622972696,0.0,5.0,-5.0,0
245,11.0353,9.009556041131106,17.28180037751293,0.7373117047492794,0,0,0,1.8857,3.0873335463258784,10.086318695846645,0.0,0,9.991341112939947,9.009556041131106,11.766970819925048,6.2521412623371635,0,0.9624169957195734,0.0,5.0,-5.0,0
246,8.9836,9.009556041131106,17.28180037751293,0.7373117047492794,0,0,0,2.0517000000000003,3.0873335463258784,10.086318695846645,0.0,0,9.789792890351958,9.009556041131106,11.766970819925048,6.2521412623371635,0,0.4530038159068289,0.0,5.0,-5.0,0
247,8.4588,9.009556041131106,17.28180037751293,0.7373117047492794,0,0,0,0.524799999999999,3.0873335463258784,10.086318695846645,0.0,0,9.523594312281567,9.009556041131106,11.766970819925048,6.2521412623371635,0,0.0,0.0,5.0,-5.0,0
248,7.999,9.009556041131106,17.28180037751293,0.7373117047492794,0,0,0,0.45980000000000043,3.0873335463258784,10.086318695846645,0.0,0,9.218675449825254,9.009556041131106,11.766970819925048,6.2521412623371635,0,0.0,0.0,5.0,-5.0,0
249,11.3846,9.009556041131106,17.28180037751293,0.7373117047492794,0,0,0,3.385600000000001,3.0873335463258784,10.086318695846645,0.0,0,9.651860359860203,9.009556041131106,11.766970819925048,6.2521412623371635,0,0.3613299591828941,0.0,5.0,-5.0,0
250,12.7786,9.009556041131106,17.28180037751293,0.7373117047492794,0,0,0,1.3940000000000001,3.0873335463258784,10.086318695846645,0.0,0,10.277208287888163,9.009556041131106,11.766970819925048,6.2521412623371635,0,1.2282059141008652,0.0,5.0,-5.0,0
251,7.4312,9.009556041131106,17.28180037751293,0.7373117047492794,0,0,0,5.347400000000001,3.0873335463258784,10.086318695846645,0.0,0,9.708006630310532,9.009556041131106,11.766970819925048,6.2521412623371635,0,0.15580162684254473,-0.07240428725832049,5.0,-5.0,0
252,11.3892,9.009556041131106,17.28180037751293,0.7373117047492794,0,0,0,3.958000000000001,3.0873335463258784,10.086318695846645,0.0,0,10.044245304248427,9.009556041131106,11.766970819925048,6.2521412623371635,0,0.518799815279658,0.0,5.0,-5.0,0
253,9.3836,9.009556041131106,17.28180037751293,0.7373117047492794,0,0,0,2.005600000000001,3.0873335463258784,10.086318695846645,0.0,0,9.912116243398742,9.009556041131106,11.766970819925048,6.2521412623371635,0,0.15445004887726577,0.0,5.0,-5.0,0
254,4.986000000000001,9.009556041131106,17.28180037751293,0.7373117047492794,0,0,0,4.397599999999999,3.0873335463258784,10.086318695846645,0.0,0,8.926892994718994,9.009556041131106,11.766970819925048,6.2521412623371635,0,0.0,-0.959176933435802,5.0,-5.0,0
255,6.2743,9.009556041131106,17.28180037751293,0.7373117047492794,0,0,0,1.2882999999999996,3.0873335463258784,10.086318695846645,0.0,0,8.396374395775196,9.009556041131106,11.766970819925048,6.2521412623371635,0,0.0,-1.451140878130213,5.0,-5.0,0
256,7.6825,9.009556041131106,17.28180037751293,0.7373117047492794,0,0,0,1.4082,3.0873335463258784,10.086318695846645,0.0,0,8.253599516620156,9.009556041131106,11.766970819925048,6.2521412623371635,0,0.0,-1.4324090759134798,5.0,-5.0,0
257,7.5335,9.009556041131106,17.28180037751293,0.7373117047492794,0,0,0,0.14900000000000002,3.0873335463258784,10.086318695846645,0.0,0,8.109579613296125,9.009556041131106,11.766970819925048,6.2521412623371635,0,0.0,-1.4677133951921024,5.0,-5.0,0
258,12.6516,9.009556041131106,17.28180037751293,0.7373117047492794,0,0,0,5.1181,3.0873335463258784,10.086318695846645,0.0,0,9.0179836906369,9.009556041131106,11.766970819925048,6.2521412623371635,0,0.820818321160184,0.0,5.0,-5.0,0
259,9.689,9.009556041131106,17.28180037751293,0.7373117047492794,0,0,0,2.9626,3.0873335463258784,10.086318695846645,0.0,0,9.15218695250952,9.009556041131106,11.766970819925048,6.2521412623371635,0,0.5672244708965957,0.0,5.0,-5.0,0
260,12.3992,9.009556041131106,17.28180037751293,0.7373117047492794,0,0,0,2.7102000000000004,3.0873335463258784,10.086318695846645,0.0,0,9.801589562007617,9.009556041131106,11.766970819925048,6.2521412623371635,0,1.2965077781948475,0.0,5.0,-5.0,0
261,3.5749,9.009556041131106,17.28180037751293,0.7373117047492794,0,0,0,8.824300000000001,3.0873335463258784,10.086318695846645,0.0,0,8.556251649606095,9.009556041131106,11.766970819925048,6.2521412623371635,0,0.0,-1.4709243900941718,5.0,-5.0,0
262,4.0633,9.009556041131106,17.28180037751293,0.7373117047492794,0,0,0,0.48839999999999995,3.0873335463258784,10.086318695846645,0.0,0,7.657661319684876,9.009556041131106,11.766970819925048,6.2521412623371635,0,0.0,-2.7647263524143035,5.0,-5.0,0
263,6.6389,9.009556041131106,17.28180037751293,0.7373117047492794,0,0,0,2.5755999999999997,3.0873335463258784,10.086318695846645,0.0,0,7.453909055747901,9.009556041131106,11.766970819925048,6.2521412623371635,0,0.0,-3.124464995785179,5.0,-5.0,0
264,9.4397,9.009556041131106,17.28180037751293,0.7373117047492794,0,0,0,2.8008000000000006,3.0873335463258784,10.086318695846645,0.0,0,7.851067244598322,9.009556041131106,11.766970819925048,6.2521412623371635,0,0.0,-2.468469618456769,5.0,-5.0,0
265,12.9393,9.009556041131106,17.28180037751293,0.7373117047492794,0,0,0,3.499599999999999,3.0873335463258784,10.086318695846645,0.0,0,8.868713795678659,9.009556041131106,11.766970819925048,6.2521412623371635,0,0.9251551812555794,-0.5433144372011898,5.0,-5.0,0
266,8.6992,9.009556041131106,17.28180037751293,0.7373117047492794,0,0,0,4.2401,3.0873335463258784,10.086318695846645,0.0,0,8.834811036542927,9.009556041131106,11.766970819925048,6.2521412623371635,0,0.31260191450807473,-0.15586770394869442,5.0,-5.0,0
267,7.3023,9.009556041131106,17.28180037751293,0.7373117047492794,0,0,0,1.3968999999999996,3.0873335463258784,10.086318695846645,0.0,0,8.528308829234343,9.009556041131106,11.766970819925048,6.2521412623371635,0,0.0,-0.27501867617850084,5.0,-5.0,0
268,10.8525,9.009556041131106,17.28180037751293,0.7373117047492794,0,0,0,3.5501999999999994,3.0873335463258784,10.086318695846645,0.0,0,8.993147063387475,9.009556041131106,11.766970819925048,6.2521412623371635,0,0.16835935349377285,0.0,5.0,-5.0,0
269,9.559,9.009556041131106,17.28180037751293,0.7373117047492794,0,0,0,1.2934999999999999,3.0873335463258784,10.086318695846645,0.0,0,9.10631765070998,9.009556041131106,11.766970819925048,6.2521412623371635,0,0.0,0.0,5.0,-5.0,0
270,10.6616,9.009556041131106,17.28180037751293,0.7373117047492794,0,0,0,1.1026000000000007,3.0873335463258784,10.086318695846645,0.0,0,9.417374120567985,9.009556041131106,11.766970819925048,6.2521412623371635,0,0.09912783944368253,0.0,5.0,-5.0,0
271,5.995,9.009556041131106,17.28180037751293,0.7373117047492794,0,0,0,4.6666,3.0873335463258784,10.086318695846645,0.0,0,8.732899296454388,9.009556041131106,11.766970819925048,6.2521412623371635,0,0.0,-0.5932544731081892,5.0,-5.0,0
272,14.3116,9.009556041131106,17.28180037751293,0.7373117047492794,0,0,0,8.316600000000001,3.0873335463258784,10.086318695846645,0.0,0,9.848639437163511,9.009556041131106,11.766970819925048,6.2521412623371635,0,1.4228314868131449,0.0,5.0,-5.0,0
273,12.3463,9.009556041131106,17.28180037751293,0.7373117047492794,0,0,0,1.965300000000001,3.0873335463258784,10.086318695846645,0.0,0,10.348171549730809,9.009556041131106,11.766970819925048,6.2521412623371635,0,2.1329301576878774,0.0,5.0,-5.0,0
274,11.6229,9.009556041131106,17.28180037751293,0.7373117047492794,0,0,0,0.7233999999999998,3.0873335463258784,10.086318695846645,0.0,0,10.603117239784648,9.009556041131106,11.766970819925048,6.2521412623371635,0,2.5806816454099883,0.0,5.0,-5.0,0
275,8.6085,9.009556041131106,17.28180037751293,0.7373117047492794,0,0,0,3.0144,3.0873335463258784,10.086318695846645,0.0,0,10.20419379182772,9.009556041131106,11.766970819925048,6.2521412623371635,0,1.9352352496716865,0.0,5.0,-5.0,0
276,8.349,9.009556041131106,17.28180037751293,0.7373117047492794,0,0,0,0.2594999999999992,3.0873335463258784,10.086318695846645,0.0,0,9.833155033462177,9.009556041131106,11.766970819925048,6.2521412623371635,0,1.195678964483419,0.0,5.0,-5.0,0
277,5.1376,9.009556041131106,17.28180037751293,0.7373117047492794,0,0,0,3.2114000000000003,3.0873335463258784,10.086318695846645,0.0,0,8.894044026769741,9.009556041131106,11.766970819925048,6.2521412623371635,0,0.0,-0.9041978997532789,5.0,-5.0,0
278,12.4346,9.009556041131106,17.28180037751293,0.7373117047492794,0,0,0,7.297,3.0873335463258784,10.086318695846645,0.0,0,9.602155221415794,9.009556041131106,11.766970819925048,6.2521412623371635,0,0.7421214193850678,0.0,5.0,-5.0,0
279,9.1785,9.009556041131106,17.28180037751293,0.7373117047492794,0,0,0,3.2561,3.0873335463258784,10.086318695846645,0.0,0,9.517424177132636,9.009556041131106,11.766970819925048,6.2521412623371635,0,0.3033903877565176,0.0,5.0,-5.0,0
280,15.2879,9.009556041131106,17.28180037751293,0.7373117047492794,0,0,0,6.109400000000001,3.0873335463258784,10.086318695846645,0.0,0,10.671519341706109,9.009556041131106,11.766970819925048,6.2521412623371635,0,2.080285400850979,0.0,5.0,-5.0,0
281,13.7125,9.009556041131106,17.28180037751293,0.7373117047492794,0,0,0,1.5754000000000001,3.0873335463258784,10.086318695846645,0.0,0,11.279715473364886,9.009556041131106,11.766970819925048,6.2521412623371635,0,3.2858481602287695,0.0,5.0,-5.0,0
282,5.8801,9.009556041131106,17.28180037751293,0.7373117047492794,0,0,0,7.832400000000001,3.0873335463258784,10.086318695846645,0.0,0,10.199792378691908,9.009556041131106,11.766970819925048,6.2521412623371635,0,1.6509242216184563,-0.6349239386103132,5.0,-5.0,0
283,3.5445,9.009556041131106,17.28180037751293,0.7373117047492794,0,0,0,2.3355999999999995,3.0873335463258784,10.086318695846645,0.0,0,8.868733902953528,9.009556041131106,11.766970819925048,6.2521412623371635,0,0.0,-2.1168731481236716,5.0,-5.0,0
284,7.3859,9.009556041131106,17.28180037751293,0.7373117047492794,0,0,0,3.8414,3.0873335463258784,10.086318695846645,0.0,0,8.572167122362822,9.009556041131106,11.766970819925048,6.2521412623371635,0,0.0,-2.205705866950714,5.0,-5.0,0
285,9.7063,9.009556041131106,17.28180037751293,0.7373117047492794,0,0,0,2.3204000000000002,3.0873335463258784,10.086318695846645,0.0,0,8.798993697890259,9.009556041131106,11.766970819925048,6.2521412623371635,0,0.0,-1.4530257245843043,5.0,-5.0,0
286,8.7587,9.009556041131106,17.28180037751293,0.7373117047492794,0,0,0,0.9476000000000013,3.0873335463258784,10.086318695846645,0.0,0,8.790934958312207,9.009556041131106,11.766970819925048,6.2521412623371635,0,0.0,-1.0440008085870192,5.0,-5.0,0
287,9.9116,9.009556041131106,17.28180037751293,0.7373117047492794,0,0,0,1.1529000000000007,3.0873335463258784,10.086318695846645,0.0,0,9.015067966649765,9.009556041131106,11.766970819925048,6.2521412623371635,0,0.0,-0.21686686928774668,5.0,-5.0,0
288,5.476,9.009556041131106,17.28180037751293,0.7373117047492794,0,0,0,4.4356,3.0873335463258784,10.086318695846645,0.0,0,8.307254373319813,9.009556041131106,11.766970819925048,6.2521412623371635,0,0.0,-0.9983411212958677,5.0,-5.0,0
289,14.2568,9.009556041131106,17.28180037751293,0.7373117047492794,0,0,0,8.7808,3.0873335463258784,10.086318695846645,0.0,0,9.497163498655851,9.009556041131106,11.766970819925048,6.2521412623371635,0,1.4029577991759268,0.0,5.0,-5.0,0
290,8.2955,9.009556041131106,17.28180037751293,0.7373117047492794,0,0,0,5.9613,3.0873335463258784,10.086318695846645,0.0,0,9.256830798924682,9.009556041131106,11.766970819925048,6.2521412623371635,0,0.6439992824440248,0.0,5.0,-5.0,0
291,6.0355,9.009556041131106,17.28180037751293,0.7373117047492794,0,0,0,2.2600000000000007,3.0873335463258784,10.086318695846645,0.0,0,8.612564639139746,9.009556041131106,11.766970819925048,6.2521412623371635,0,0.0,-0.5785668025003912,5.0,-5.0,0
292,9.0371,9.009556041131106,17.28180037751293,0.7373117047492794,0,0,0,3.0016000000000007,3.0873335463258784,10.086318695846645,0.0,0,8.697471711311797,9.009556041131106,11.766970819925048,6.2521412623371635,0,0.0,-0.06857775076950057,5.0,-5.0,0
293,8.4881,9.009556041131106,17.28180037751293,0.7373117047492794,0,0,0,0.5490000000000013,3.0873335463258784,10.086318695846645,0.0,0,8.655597369049438,9.009556041131106,11.766970819925048,6.2521412623371635,0,0.0,0.0,5.0,-5.0,0
294,7.8552,9.009556041131106,17.28180037751293,0.7373117047492794,0,0,0,0.6328999999999994,3.0873335463258784,10.086318695846645,0.0,0,8.495517895239551,9.009556041131106,11.766970819925048,6.2521412623371635,0,0.0,0.0,5.0,-5.0,0
295,11.9224,9.009556041131106,17.28180037751293,0.7373117047492794,0,0,0,4.0672,3.0873335463258784,10.086318695846645,0.0,0,9.18089431619164,9.009556041131106,11.766970819925048,6.2521412623371635,0,0.5563677185131122,0.0,5.0,-5.0,0
296,9.0473,9.009556041131106,17.28180037751293,0.7373117047492794,0,0,0,2.8750999999999998,3.0873335463258784,10.086318695846645,0.0,0,9.154175452953313,9.009556041131106,11.766970819925048,6.2521412623371635,0,0.07005588728596657,0.0,5.0,-5.0,0
297,10.7945,9.009556041131106,17.28180037751293,0.7373117047492794,0,0,0,1.7471999999999994,3.0873335463258784,10.086318695846645,0.0,0,9.48224036236265,9.009556041131106,11.766970819925048,6.2521412623371635,0,0.21738104583523843,0.0,5.0,-5.0,0
298,12.8735,9.009556041131106,17.28180037751293,0.7373117047492794,0,0,0,2.0790000000000006,3.0873335463258784,10.086318695846645,0.0,0,10.160492289890119,9.009556041131106,11.766970819925048,6.2521412623371635,0,1.118673295584815,0.0,5.0,-5.0,0
299,4.4291,9.009556041131106,17.28180037751293,0.7373117047492794,0,0,0,8.4444,3.0873335463258784,10.086318695846645,0.0,0,9.014213831912096,9.009556041131106,11.766970819925048,6.2521412623371635,0,0.0,-1.161141470756365,5.0,-5.0,0
300,5.0594,9.009556041131106,17.28180037751293,0.7373117047492794,0,0,0,0.6303000000000001,3.0873335463258784,10.086318695846645,0.0,0,8.223251065529677,9.009556041131106,11.766970819925048,6.2521412623371635,0,0.0,-2.0936992678313677,5.0,-5.0,0
301,13.1655,9.009556041131106,17.28180037751293,0.7373117047492794,0,0,0,8.1061,3.0873335463258784,10.086318695846645,0.0,0,9.211700852423743,9.009556041131106,11.766970819925048,6.2521412623371635,0,1.0071885415391335,-0.08651072629223422,5.0,-5.0,0
302,8.9226,9.009556041131106,17.28180037751293,0.7373117047492794,0,0,0,4.242900000000001,3.0873335463258784,10.086318695846645,0.0,0,9.153880681938995,9.009556041131106,11.766970819925048,6.2521412623371635,0,0.47565319118131033,0.0,5.0,-5.0,0
303,7.8391,9.009556041131106,17.28180037751293,0.7373117047492794,0,0,0,1.083499999999999,3.0873335463258784,10.086318695846645,0.0,0,8.890924545551197,9.009556041131106,11.766970819925048,6.2521412623371635,0,0.0,0.0,5.0,-5.0,0
304,11.9209,9.009556041131106,17.28180037751293,0.7373117047492794,0,0,0,4.081799999999999,3.0873335463258784,10.086318695846645,0.0,0,9.496919636440959,9.009556041131106,11.766970819925048,6.2521412623371635,0,0.5558237307128233,0.0,5.0,-5.0,0
305,8.5915,9.009556041131106,17.28180037751293,0.7373117047492794,0,0,0,3.3293999999999997,3.0873335463258784,10.086318695846645,0.0,0,9.315835709152768,9.009556041131106,11.766970819925048,6.2521412623371635,0,0.0,0.0,5.0,-5.0,0
306,6.7656,9.009556041131106,17.28180037751293,0.7373117047492794,0,0,0,1.8258999999999999,3.0873335463258784,10.086318695846645,0.0,0,8.805788567322216,9.009556041131106,11.766970819925048,6.2521412623371635,0,0.0,-0.3137898071731461,5.0,-5.0,0
307,7.4945,9.009556041131106,17.28180037751293,0.7373117047492794,0,0,0,0.7289000000000003,3.0873335463258784,10.086318695846645,0.0,0,8.543530853857773,9.009556041131106,11.766970819925048,6.2521412623371635,0,0.0,-0.36323780925927807,5.0,-5.0,0
308,11.7968,9.009556041131106,17.28180037751293,0.7373117047492794,0,0,0,4.302299999999999,3.0873335463258784,10.086318695846645,0.0,0,9.194184683086219,9.009556041131106,11.766970819925048,6.2521412623371635,0,0.5108178067022613,0.0,5.0,-5.0,0
309,9.7686,9.009556041131106,17.28180037751293,0.7373117047492794,0,0,0,2.0282,3.0873335463258784,10.086318695846645,0.0,0,9.309067746468976,9.009556041131106,11.766970819925048,6.2521412623371635,0,0.2860915757073328,0.0,5.0,-5.0,0
310,10.3889,9.009556041131106,17.28180037751293,0.7373117047492794,0,0,0,0.6203000000000003,3.0873335463258784,10.086318695846645,0.0,0,9.52503419717518,9.009556041131106,11.766970819925048,6.2521412623371635,0,0.2863224330585077,0.0,5.0,-5.0,0
311,9.4738,9.009556041131106,17.28180037751293,0.7373117047492794,0,0,0,0.9150999999999989,3.0873335463258784,10.086318695846645,0.0,0,9.514787357740145,9.009556041131106,11.766970819925048,6.2521412623371635,0,0.0,0.0,5.0,-5.0,0
312,18.4695,9.009556041131106,17.28180037751293,0.7373117047492794,1,0,1,8.9957,3.0873335463258784,10.086318695846645,0.0,0,11.305729886192116,9.009556041131106,11.766970819925048,6.2521412623371635,0,2.9307294033604014,0.0,5.0,-5.0,0
313,7.0427,9.009556041131106,17.28180037751293,0.7373117047492794,0,0,0,11.4268,3.0873335463258784,10.086318695846645,0.0,1,10.453123908953694,9.009556041131106,11.766970819925048,6.2521412623371635,0,1.7174322758272766,-0.2132971275331248,5.0,-5.0,0
