time_index,PC1,PC2,PCA_T2,PCA_T2_CL,PCA_T2_UCL,PCA_T2_beyond_UCL
0,0.3184201655919583,1.3467760030324587,2.0024523224628816,1.9982905982905974,29.480887284157742,0
1,-0.6393136204592722,0.12951600900455465,0.4075392555465432,1.9982905982905974,29.480887284157742,0
2,-0.2492493562754724,0.839088578558784,0.7990173551611363,1.9982905982905974,29.480887284157742,0
3,0.5735334026397526,0.34599881630281765,0.4395866753227582,1.9982905982905974,29.480887284157742,0
4,-1.2846502921165268,-0.5340313034945443,1.8740297633225373,1.9982905982905974,29.480887284157742,0
5,-0.22092369284499622,-1.5390753954623309,2.535359162058989,1.9982905982905974,29.480887284157742,0
6,-0.40561355120383685,0.6241538791495356,0.5662626917811674,1.9982905982905974,29.480887284157742,0
7,0.5995200345227448,-0.009284705315132966,0.34297610752881674,1.9982905982905974,29.480887284157742,0
8,-0.8546453688955187,0.4426128146088384,0.9026431481781487,1.9982905982905974,29.480887284157742,0
9,0.00400647695385665,0.08396527224101209,0.0074227714787353655,1.9982905982905974,29.480887284157742,0
10,-0.6688638860852788,0.6283942974190783,0.8416842239753846,1.9982905982905974,29.480887284157742,0
11,-0.5738555934015406,0.30572721765046607,0.4123631854026296,1.9982905982905974,29.480887284157742,0
12,-0.4669373784530964,0.8303208050512607,0.9323699375991141,1.9982905982905974,29.480887284157742,0
13,-1.7063377727681954,-1.506713549513958,5.162848353184808,1.9982905982905974,29.480887284157742,0
14,-0.40347045369838724,0.5075798924017856,0.4259917750156722,1.9982905982905974,29.480887284157742,0
15,1.642090300803096,-1.7643046221434115,5.842905286999832,1.9982905982905974,29.480887284157742,0
16,0.8962102213052651,0.3368626341612085,0.8854614640205013,1.9982905982905974,29.480887284157742,0
17,1.849025924811672,-0.8793495033780528,4.07402085534983,1.9982905982905974,29.480887284157742,0
18,-0.34166241497473493,0.6894362946301034,0.6107727734282187,1.9982905982905974,29.480887284157742,0
19,-0.33397069273165286,0.2492251523047777,0.1716651015172494,1.9982905982905974,29.480887284157742,0
20,-0.07958169556614289,0.40414664358288066,0.1776538687571392,1.9982905982905974,29.480887284157742,0
21,-0.5693676949517812,0.7278904885525759,0.8659378348081722,1.9982905982905974,29.480887284157742,0
22,0.9611797329376334,1.2170922676702414,2.4377394127089747,1.9982905982905974,29.480887284157742,0
23,-0.555344543117964,0.540621904531281,0.6013002607481663,1.9982905982905974,29.480887284157742,0
24,0.03379389776252172,0.9314813356233168,0.9127184634374588,1.9982905982905974,29.480887284157742,0
25,0.7808493369303714,-0.3229137204390499,0.6912271214269095,1.9982905982905974,29.480887284157742,0
26,0.07247700804445048,0.3730619287789552,0.15123958780992014,1.9982905982905974,29.480887284157742,0
27,-0.35419323907620437,0.19195744775473553,0.1583952396019728,1.9982905982905974,29.480887284157742,0
28,-0.49041038137459386,0.8068478021297633,0.9134309361008328,1.9982905982905974,29.480887284157742,0
29,-0.14435111187415903,0.995459527300564,1.06103735146932,1.9982905982905974,29.480887284157742,0
30,-0.3343023479498173,0.4461432069904838,0.31574654908340505,1.9982905982905974,29.480887284157742,0
31,-0.3430791905992489,0.5301363533764891,0.407574713730799,1.9982905982905974,29.480887284157742,0
32,0.7572705294848958,-0.27759304403753726,0.6280342949454126,1.9982905982905974,29.480887284157742,0
33,0.34382236613046857,1.2220096470018842,1.6817603070229539,1.9982905982905974,29.480887284157742,0
34,-0.6915054586545902,0.2602690538527598,0.527349516162882,1.9982905982905974,29.480887284157742,0
35,-0.41059483612808934,0.8866633473762677,0.9868444546553543,1.9982905982905974,29.480887284157742,0
36,0.41555488632193466,0.38020125409021394,0.31661851520939976,1.9982905982905974,29.480887284157742,0
37,0.44330470953010526,0.24123340891462305,0.2486190480679987,1.9982905982905974,29.480887284157742,0
38,-2.3039129781700067,-1.4682212618217394,7.328688999328584,1.9982905982905974,29.480887284157742,0
39,0.29319914459253593,1.590457328096893,2.739758395238649,1.9982905982905974,29.480887284157742,0
40,-0.09182099035696842,0.8322395263816866,0.7357667888493891,1.9982905982905974,29.480887284157742,0
41,0.039899422251287266,0.5362080933229483,0.3036088434781858,1.9982905982905974,29.480887284157742,0
42,-0.23347635845856465,1.0637818250457924,1.2409839799024607,1.9982905982905974,29.480887284157742,0
43,-0.83335708409642,0.06095525245744895,0.6664315143126458,1.9982905982905974,29.480887284157742,0
44,-0.21506120433476936,-0.25512571468992107,0.11251083315969665,1.9982905982905974,29.480887284157742,0
45,-0.20299729528609142,0.6107887092863639,0.4312808214575649,1.9982905982905974,29.480887284157742,0
46,0.2047795065783038,0.48162178147331824,0.28371992589962514,1.9982905982905974,29.480887284157742,0
47,-0.43906318748381806,0.8581949960205391,0.9577292000966666,1.9982905982905974,29.480887284157742,0
48,-1.7057603564278574,-0.9342122701527599,3.6927159557064075,1.9982905982905974,29.480887284157742,0
49,0.14569332717116298,1.4429515106755202,2.2078768686654655,1.9982905982905974,29.480887284157742,0
50,-0.49704678918871387,0.5612814641792182,0.5666898199175031,1.9982905982905974,29.480887284157742,0
51,0.40540000620842254,-0.09270359529386689,0.16581620020867488,1.9982905982905974,29.480887284157742,0
52,0.44992480913873695,-0.6300294239341958,0.6101707227314557,1.9982905982905974,29.480887284157742,0
53,-0.05011169634306393,0.7870532938100354,0.6532414100227013,1.9982905982905974,29.480887284157742,0
54,-0.08208707803212162,0.7687524373666106,0.627358485509788,1.9982905982905974,29.480887284157742,0
55,2.4426436415394055,-2.4001508355049386,11.744630308082414,1.9982905982905974,29.480887284157742,0
56,0.4224513138028792,0.36651232638886116,0.3113921065695583,1.9982905982905974,29.480887284157742,0
57,-1.8688048490859868,-1.614053971151955,6.068925092004481,1.9982905982905974,29.480887284157742,0
58,-0.1316670051446875,0.8419374030421075,0.7613209047439564,1.9982905982905974,29.480887284157742,0
59,2.3068813731724878,-2.241047599857956,10.353642340801702,1.9982905982905974,29.480887284157742,0
60,0.8033819127158749,-1.7631569901757,3.8819913946263678,1.9982905982905974,29.480887284157742,0
61,-0.163277887963517,0.3004549195325749,0.12028099599683716,1.9982905982905974,29.480887284157742,0
62,-1.9149082373731585,-1.9589961409101058,7.530296806044239,1.9982905982905974,29.480887284157742,0
63,-1.47647623714212,-0.6766956501002904,2.5607947404748597,1.9982905982905974,29.480887284157742,0
64,0.5128925532986903,1.4801187717512654,2.552729645241455,1.9982905982905974,29.480887284157742,0
65,0.12716597372732494,0.8059659162828879,0.6979278730940024,1.9982905982905974,29.480887284157742,0
66,-1.34982558144625,-1.9953934179107604,5.9215651052514415,1.9982905982905974,29.480887284157742,0
67,-0.2112325469783646,0.5591384622751665,0.3710457662362502,1.9982905982905974,29.480887284157742,0
68,1.3770965083173756,-1.6309503641668146,4.603936711296048,1.9982905982905974,29.480887284157742,0
69,-0.08392645241558541,0.43704044023559463,0.2074036834388687,1.9982905982905974,29.480887284157742,0
70,0.6379969156438409,-0.018948475350090713,0.388687547821373,1.9982905982905974,29.480887284157742,0
71,-1.234294696829762,-0.5907832920774173,1.820093954087116,1.9982905982905974,29.480887284157742,0
72,0.16464590121391276,0.6997981139972679,0.5403964011456194,1.9982905982905974,29.480887284157742,0
73,1.3270296827676733,-1.0116632177707974,2.7553057578105067,1.9982905982905974,29.480887284157742,0
74,0.4360697918922811,0.9683853261547761,1.1667017305090381,1.9982905982905974,29.480887284157742,0
75,-0.10886140097602334,0.7515148798327045,0.6047019932295826,1.9982905982905974,29.480887284157742,0
76,-0.5280850915790244,0.0551107534574062,0.26923272967156503,1.9982905982905974,29.480887284157742,0
77,-1.7315409540080966,-1.4122943509092913,4.9559289981138175,1.9982905982905974,29.480887284157742,0
78,-0.5484253751577576,0.7488328083465995,0.8760991100999709,1.9982905982905974,29.480887284157742,0
79,0.0899926217962393,1.0365274710334613,1.1365635569670007,1.9982905982905974,29.480887284157742,0
80,1.2104619011515576,-0.9241726185236868,2.2951759089797172,1.9982905982905974,29.480887284157742,0
81,0.8219890736375856,0.020991814527250876,0.6450385703595886,1.9982905982905974,29.480887284157742,0
82,-0.46280759700159546,0.8344505865027616,0.935930536761693,1.9982905982905974,29.480887284157742,0
83,0.6436779654583493,0.23090345288955325,0.45127491794779817,1.9982905982905974,29.480887284157742,0
84,0.30515270474505524,0.05862682877740932,0.09244467637090711,1.9982905982905974,29.480887284157742,0
85,-0.21766835219757005,0.6218507919986622,0.4514950361111323,1.9982905982905974,29.480887284157742,0
86,-0.028660238319611935,0.7609365764559356,0.6091521293648805,1.9982905982905974,29.480887284157742,0
87,1.516040186862248,-0.5897154676992691,2.5580075512592,1.9982905982905974,29.480887284157742,0
88,-1.2903593333880463,-0.9495012877688204,2.5356537240272288,1.9982905982905974,29.480887284157742,0
89,0.039552659137305705,0.07561843219284828,0.007500361061332847,1.9982905982905974,29.480887284157742,0
90,0.884815478410383,-1.2116263614652014,2.2893100312399595,1.9982905982905974,29.480887284157742,0
91,-0.5618343280766631,0.7354238554276941,0.869390546376669,1.9982905982905974,29.480887284157742,0
92,-1.013428984877421,-0.5770510104562162,1.3296427894015372,1.9982905982905974,29.480887284157742,0
93,-0.3105637076308721,0.27263213740555853,0.17010684556572342,1.9982905982905974,29.480887284157742,0
94,-0.20860101819075033,0.9786248791502073,1.0477538017199657,1.9982905982905974,29.480887284157742,0
95,0.7099590093397228,0.17101880230428776,0.5115781930764016,1.9982905982905974,29.480887284157742,0
96,-0.5275219241758737,-0.06349227738722521,0.2697100533312162,1.9982905982905974,29.480887284157742,0
97,-0.529871062695683,0.1962676794204563,0.30831733529577066,1.9982905982905974,29.480887284157742,0
98,0.27676394766441365,-0.41511595851325883,0.2541278763433038,1.9982905982905974,29.480887284157742,0
99,0.7625156782733774,-0.6393344246962624,0.98413915802843,1.9982905982905974,29.480887284157742,0
100,-0.4098979021159263,0.5086672326546838,0.43214010596411034,1.9982905982905974,29.480887284157742,0
101,0.13250067268492713,0.8322464181351775,0.7444842774606741,1.9982905982905974,29.480887284157742,0
102,0.6488877585805529,0.12939566528190616,0.41927241960035916,1.9982905982905974,29.480887284157742,0
103,-0.14060307477175715,-0.773561023886233,0.6475820058413847,1.9982905982905974,29.480887284157742,0
104,-2.271610505320043,-1.455983711628162,7.150090619370255,1.9982905982905974,29.480887284157742,0
105,0.34392894505686744,-0.0014951735661396135,0.11284654193721953,1.9982905982905974,29.480887284157742,0
106,-0.2692305864136631,0.7753152001477065,0.7007268885200338,1.9982905982905974,29.480887284157742,0
107,-0.18636268356850924,0.7028487717221412,0.5521642679628802,1.9982905982905974,29.480887284157742,0
108,-0.09737015859637087,0.48582568644005975,0.25703273827674905,1.9982905982905974,29.480887284157742,0
109,-1.415546673418848,-0.4324761758440951,2.1080840538355514,1.9982905982905974,29.480887284157742,0
110,0.08473633948662154,0.5604551578109466,0.336878432067039,1.9982905982905974,29.480887284157742,0
111,0.38187858411517045,0.13154134303184092,0.15730091639940488,1.9982905982905974,29.480887284157742,0
112,-0.5056042395806846,0.2194750047141866,0.294483113451509,1.9982905982905974,29.480887284157742,0
113,-0.36339769430141383,0.6100762844992577,0.5170365313107828,1.9982905982905974,29.480887284157742,0
114,1.35956799772114,-1.606761388991604,4.4758884523247975,1.9982905982905974,29.480887284157742,0
115,0.058351147740950834,-0.021330485512557673,0.0037262313404722663,1.9982905982905974,29.480887284157742,0
116,-0.08567156704728374,0.5250635112306222,0.29666519754144427,1.9982905982905974,29.480887284157742,0
117,-0.20094230615922595,0.16301073593391235,0.06643899670900678,1.9982905982905974,29.480887284157742,0
118,0.05985688613357434,0.5029150296558855,0.26915927472923384,1.9982905982905974,29.480887284157742,0
119,1.2232997448582115,-0.5338322957999686,1.7270223576748613,1.9982905982905974,29.480887284157742,0
120,1.6646330215975758,-0.42381407516700836,2.832217837522932,1.9982905982905974,29.480887284157742,0
121,0.0741373448276603,1.3713955283320174,1.9812813295202638,1.9982905982905974,29.480887284157742,0
122,-0.4989486861872886,0.7983094973170685,0.9070897936559429,1.9982905982905974,29.480887284157742,0
123,0.9903251155524392,-0.14308974560808135,0.9571276677256532,1.9982905982905974,29.480887284157742,0
124,-1.3119293263799996,-0.25201150502551956,1.7086886307490956,1.9982905982905974,29.480887284157742,0
125,0.175131412053075,1.0816931882445888,1.2586166487077797,1.9982905982905974,29.480887284157742,0
126,-0.15630026660743998,0.7289308436239288,0.5815733023269468,1.9982905982905974,29.480887284157742,0
127,1.4688542748918516,-1.6841683940695569,5.038423635379344,1.9982905982905974,29.480887284157742,0
128,-0.3593659461276758,0.5710991032261402,0.46588455160050085,1.9982905982905974,29.480887284157742,0
129,-0.2187717561144887,0.6420260107892977,0.4787456861419388,1.9982905982905974,29.480887284157742,0
130,-1.6665028183694588,-1.8538394534087486,6.260326919301258,1.9982905982905974,29.480887284157742,0
131,-0.5672991365693242,0.7299590469350329,0.8668632403926495,1.9982905982905974,29.480887284157742,0
132,-0.3269411818369235,0.575761683551354,0.45027350681742845,1.9982905982905974,29.480887284157742,0
133,0.22171537536178304,0.17114134052968655,0.0776694356244722,1.9982905982905974,29.480887284157742,0
134,-0.5483690071530236,0.1392705782315305,0.307250872132612,1.9982905982905974,29.480887284157742,0
135,-0.28558877439901653,0.9171659300021161,0.96163164923641,1.9982905982905974,29.480887284157742,0
136,-0.04921859107160399,0.5303631392015562,0.29785114174803173,1.9982905982905974,29.480887284157742,0
137,-1.5794222106695097,-1.7183226402787717,5.482055292412544,1.9982905982905974,29.480887284157742,0
138,2.4553588133152195,-1.9183338476052776,9.617876673511724,1.9982905982905974,29.480887284157742,0
139,-0.7335466797608304,0.5637115037435267,0.8472055128192979,1.9982905982905974,29.480887284157742,0
140,-0.44569421385025115,0.21170438672312947,0.2365929432771762,1.9982905982905974,29.480887284157742,0
141,-0.2951140795187485,0.894151784821922,0.923109991904588,1.9982905982905974,29.480887284157742,0
142,-0.01691340543041464,0.8060090812635885,0.6828468050186451,1.9982905982905974,29.480887284157742,0
143,0.162411019742292,0.20750083579341383,0.07040223547971199,1.9982905982905974,29.480887284157742,0
144,1.7772824416960988,-0.23319229751978335,3.0705197414858114,1.9982905982905974,29.480887284157742,0
145,-0.4930804354569142,0.8041777480474429,0.9114165569876163,1.9982905982905974,29.480887284157742,0
146,2.08569490844498,-0.18176362948210706,4.1846667074541655,1.9982905982905974,29.480887284157742,0
147,0.14318811840711498,0.03668043722541655,0.020973048818985183,1.9982905982905974,29.480887284157742,0
148,-0.8168572159258394,-0.18252855396401255,0.6715573627901685,1.9982905982905974,29.480887284157742,0
149,0.023863847906135157,0.37659225268116936,0.1495523039626059,1.9982905982905974,29.480887284157742,0
150,-0.7185763107217079,0.4067001257756922,0.666379679302211,1.9982905982905974,29.480887284157742,0
151,-1.8351157926787394,-0.7398952983166335,3.787877844133747,1.9982905982905974,29.480887284157742,0
152,-0.3349017370196728,0.9623564464846843,1.08006295035476,1.9982905982905974,29.480887284157742,0
153,-1.7505512079017755,-0.45329302439741836,3.139308939758468,1.9982905982905974,29.480887284157742,0
154,-0.09271264045310271,0.9484863152101555,0.9534180357041093,1.9982905982905974,29.480887284157742,0
155,-0.37394307822376555,0.41444067900990555,0.3138647122471946,1.9982905982905974,29.480887284157742,0
156,1.325477196372343,-0.6664219567242657,2.142672773299663,1.9982905982905974,29.480887284157742,0
157,-0.4315298206087,0.8657283628956571,0.96511759474439,1.9982905982905974,29.480887284157742,0
158,1.0856068658558642,-1.4964364287428178,3.4771194768796723,1.9982905982905974,29.480887284157742,0
159,1.715284274751167,-0.42939716271132417,3.0005422949316003,1.9982905982905974,29.480887284157742,0
160,-0.44018770979707095,0.4234698659620607,0.37326392638736083,1.9982905982905974,29.480887284157742,0
161,1.8335245003911376,-1.1947440670165037,4.706872327359143,1.9982905982905974,29.480887284157742,0
162,-0.4032595227151214,0.8939986607892357,0.9948729398245911,1.9982905982905974,29.480887284157742,0
163,0.07486405849468919,0.05604861541969408,0.008647383832610572,1.9982905982905974,29.480887284157742,0
164,-0.4726488329941067,-0.31735775083598733,0.3189374816583666,1.9982905982905974,29.480887284157742,0
165,-1.4802536602566847,-1.4044396924073705,4.162737656306449,1.9982905982905974,29.480887284157742,0
166,0.6035043810428381,-0.5927588114596962,0.7166277687463443,1.9982905982905974,29.480887284157742,0
167,0.7723217859729922,0.578116084100969,0.9201900073822473,1.9982905982905974,29.480887284157742,0
168,-0.1236922799743008,0.7317964326559027,0.5772613974643589,1.9982905982905974,29.480887284157742,0
169,1.807408143412776,-1.7498486036280725,6.333553353391039,1.9982905982905974,29.480887284157742,0
170,0.579331378778378,-0.040575279102975294,0.3219110148617138,1.9982905982905974,29.480887284157742,0
171,0.848376284661838,0.03967276911227371,0.6882774088985611,1.9982905982905974,29.480887284157742,0
172,0.3722060767304602,-0.4726931997415647,0.3669250207063153,1.9982905982905974,29.480887284157742,0
173,1.6159959461600586,-0.6880721286730528,2.988715190233952,1.9982905982905974,29.480887284157742,0
174,1.4733167857211942,-1.9257522462865022,5.967244066534121,1.9982905982905974,29.480887284157742,0
175,-0.3077163403953964,0.5612021014404746,0.42124111483139104,1.9982905982905974,29.480887284157742,0
176,-0.23359874660569763,0.9184009363332928,0.938262947631914,1.9982905982905974,29.480887284157742,0
177,-0.45824649290044134,0.27387272569863513,0.2791347330430986,1.9982905982905974,29.480887284157742,0
178,-0.9778162179927006,-1.0489242072637945,2.0681294491206335,1.9982905982905974,29.480887284157742,0
179,0.05263906972221405,0.1286965485929111,0.02004554948524372,1.9982905982905974,29.480887284157742,0
180,2.052778369112468,-1.9450746268367154,7.995046183993646,1.9982905982905974,29.480887284157742,0
181,-0.2936963928179474,0.2517597414691533,0.1488835854464871,1.9982905982905974,29.480887284157742,0
182,0.5037526734500505,0.27293165208838144,0.320356605548401,1.9982905982905974,29.480887284157742,0
183,-0.9434481505843871,0.034345418181345184,0.8503765255481799,1.9982905982905974,29.480887284157742,0
184,1.5199728338536398,-1.5042832630301575,4.581555956054537,1.9982905982905974,29.480887284157742,0
185,0.6644862427990457,-0.15800552214070213,0.4474555904241152,1.9982905982905974,29.480887284157742,0
186,0.4376700699670994,-0.6349833300293812,0.606378333833639,1.9982905982905974,29.480887284157742,0
187,-0.08554481279054323,1.0296063197860783,1.120793999089312,1.9982905982905974,29.480887284157742,0
188,-0.003943253738901671,-0.44995926950899984,0.21273869967757347,1.9982905982905974,29.480887284157742,0
189,1.3745362803742749,-1.000751379356522,2.8546703611438184,1.9982905982905974,29.480887284157742,0
190,2.0960649231464306,-2.0919798181422635,8.78949141699266,1.9982905982905974,29.480887284157742,0
191,1.7856326821521955,-1.4592045645285638,5.278953877419048,1.9982905982905974,29.480887284157742,0
192,-0.07051202796207667,1.0891296604870184,1.2510614926213435,1.9982905982905974,29.480887284157742,0
193,-0.3627764685043781,0.22041937653205249,0.17659783996350892,1.9982905982905974,29.480887284157742,0
194,1.3567211990590768,-0.8056857847303658,2.4380202597019753,1.9982905982905974,29.480887284157742,0
195,-0.3454425823941078,0.9518156011102493,1.0657048362747825,1.9982905982905974,29.480887284157742,0
196,-0.1536170548397445,0.934306461501657,0.9396795409080121,1.9982905982905974,29.480887284157742,0
197,-0.07548995913532595,0.05969636479034971,0.009180765780166786,1.9982905982905974,29.480887284157742,0
198,1.582529477381872,-0.1567285973030778,2.4149694901352103,1.9982905982905974,29.480887284157742,0
199,0.33706272444008456,0.669686370982675,0.579591594005712,1.9982905982905974,29.480887284157742,0
200,0.7127026049116898,-0.2348882890712251,0.5425407163807658,1.9982905982905974,29.480887284157742,0
201,-1.7680037452457456,-1.1671125518190515,4.413186713245539,1.9982905982905974,29.480887284157742,0
202,0.20182950592253154,0.0835208565884795,0.046189993333626264,1.9982905982905974,29.480887284157742,0
203,0.2710926886169945,-2.921730860900067,9.039237676240077,1.9982905982905974,29.480887284157742,0
204,0.05684823908991741,1.1506243725652978,1.3941144656310656,1.9982905982905974,29.480887284157742,0
205,-0.2960928220180027,0.6988081991365013,0.5967176585804428,1.9982905982905974,29.480887284157742,0
206,-0.26615517971333696,1.03110300379102,1.18463232488807,1.9982905982905974,29.480887284157742,0
207,-0.676607078709793,0.5167772701877776,0.7173246803797253,1.9982905982905974,29.480887284157742,0
208,-0.3413714834499106,0.9558867000544465,1.0711974448816277,1.9982905982905974,29.480887284157742,0
209,-0.1366080479141391,0.6360175264423815,0.4428216872639471,1.9982905982905974,29.480887284157742,0
210,0.4527551205759975,0.09040216714718599,0.2041415334755151,1.9982905982905974,29.480887284157742,0
211,1.4264596232420654,-0.6370998761260248,2.367623719029867,1.9982905982905974,29.480887284157742,0
212,-1.3888842312058538,-1.5427551273011961,4.340950154156372,1.9982905982905974,29.480887284157742,0
213,0.7959644758029125,0.4405853182213077,0.8083593917186471,1.9982905982905974,29.480887284157742,0
214,0.5958447359393171,0.5596205036179551,0.6677406938842891,1.9982905982905974,29.480887284157742,0
215,-1.1516499211725704,-0.42963159114120514,1.4592062771837218,1.9982905982905974,29.480887284157742,0
216,-0.6101042912109443,0.09751926065929893,0.36509134277779687,1.9982905982905974,29.480887284157742,0
217,2.645514115064321,-0.018452969224239304,6.677058745890677,1.9982905982905974,29.480887284157742,0
218,0.03762192560361201,-0.023942230655282944,0.0019525607118539249,1.9982905982905974,29.480887284157742,0
219,-0.5350897753729819,0.7621684081313753,0.8834859475965462,1.9982905982905974,29.480887284157742,0
220,-0.2013990329036556,1.0958591506007016,1.300462506140859,1.9982905982905974,29.480887284157742,0
221,1.4911784383687432,-1.1756799377304337,3.573566827665936,1.9982905982905974,29.480887284157742,0
222,0.24480038070709545,0.6231205730618321,0.46512632934654263,1.9982905982905974,29.480887284157742,0
223,-0.06928784740760616,0.50241543393627,0.2697934774235191,1.9982905982905974,29.480887284157742,0
224,2.0474943194769475,-0.3662924969854341,4.140299085710088,1.9982905982905974,29.480887284157742,0
225,-0.42052739100467507,0.16266845403175556,0.19650795477500205,1.9982905982905974,29.480887284157742,0
226,0.0185209985305371,1.3157791820348943,1.8193403673922675,1.9982905982905974,29.480887284157742,0
227,1.2757147483813716,-0.6712048992721239,2.0259093147877394,1.9982905982905974,29.480887284157742,0
228,2.218781017835838,-1.117068954968795,6.007541932754263,1.9982905982905974,29.480887284157742,0
229,-1.0587651352381786,0.23849304826617854,1.129163546419485,1.9982905982905974,29.480887284157742,0
230,0.18076034980109074,0.7675703096007919,0.6501928992713897,1.9982905982905974,29.480887284157742,0
231,0.6068335144619539,0.6126396699368768,0.7456505674911886,1.9982905982905974,29.480887284157742,0
232,-0.266544766138733,0.41372716520307923,0.24762175918583634,1.9982905982905974,29.480887284157742,0
233,0.8028610124270263,-0.392531579985867,0.7768151171510932,1.9982905982905974,29.480887284157742,0
234,-0.3473065201884443,0.4348821624590128,0.31377838653170287,1.9982905982905974,29.480887284157742,0
235,0.8298116871133846,-0.1240745129051789,0.6730770619829791,1.9982905982905974,29.480887284157742,0
236,0.28463700330645475,0.9415113162981769,1.008657322869181,1.9982905982905974,29.480887284157742,0
237,0.5566372619708713,-0.12710397901456172,0.312561820249825,1.9982905982905974,29.480887284157742,0
238,-0.3695462446209368,-0.11223046959624303,0.14351448638871092,1.9982905982905974,29.480887284157742,0
239,0.2882569933895476,0.3602647361975079,0.215636916914239,1.9982905982905974,29.480887284157742,0
240,-0.3526833749703976,-0.1163005526545662,0.13287330542720677,1.9982905982905974,29.480887284157742,0
241,0.5388597296284722,1.4144088673500232,2.3789458522856046,1.9982905982905974,29.480887284157742,0
242,-0.23573635260218986,0.5901853674633593,0.41898553721624837,1.9982905982905974,29.480887284157742,0
243,-1.0765952946710742,0.12628277151397804,1.1224794704086303,1.9982905982905974,29.480887284157742,0
244,-0.08945200084257175,-0.8104375779137826,0.697728579058658,1.9982905982905974,29.480887284157742,0
245,0.3739463213369456,0.9830346483013828,1.148731938775313,1.9982905982905974,29.480887284157742,0
246,0.0236439686988817,0.8770805066528388,0.8087889250014296,1.9982905982905974,29.480887284157742,0
247,1.07711506832613,-0.40498830017614346,1.2791194477790737,1.9982905982905974,29.480887284157742,0
248,-0.1430402340934549,1.020687813447978,1.1141195978912017,1.9982905982905974,29.480887284157742,0
249,-0.8474420911239842,0.44981609238037296,0.8977009006730408,1.9982905982905974,29.480887284157742,0
250,-0.5996405334071,0.6976176500972571,0.8543574518063712,1.9982905982905974,29.480887284157742,0
251,-0.04781640058855541,0.21888258012552536,0.052518765901995695,1.9982905982905974,29.480887284157742,0
252,-0.11830934294792785,0.023030292460030646,0.013910304545412496,1.9982905982905974,29.480887284157742,0
253,-2.4087718200850667,-1.554623381836407,8.074533206655978,1.9982905982905974,29.480887284157742,0
254,0.8671568893754785,-0.0467247546421055,0.7196537798023832,1.9982905982905974,29.480887284157742,0
255,-0.5078394477676784,0.5967501170794071,0.6201915446517227,1.9982905982905974,29.480887284157742,0
256,-0.23673315097583358,0.5727705291704533,0.39815576010607967,1.9982905982905974,29.480887284157742,0
257,-0.6448247495790043,0.21864971103212164,0.4468966787044147,1.9982905982905974,29.480887284157742,0
258,0.166649336427054,0.14217402900545453,0.04773192614724316,1.9982905982905974,29.480887284157742,0
259,1.1684931670535939,-0.4814317007948047,1.5460716818161,1.9982905982905974,29.480887284157742,0
260,0.442174757947562,0.12312050565595876,0.2024486997446998,1.9982905982905974,29.480887284157742,0
261,-0.35390753407267284,0.9433506494316842,1.0544968980528915,1.9982905982905974,29.480887284157742,0
262,-0.8765748256209714,-0.7356470386687027,1.3016291600075398,1.9982905982905974,29.480887284157742,0
263,-0.931328735314686,0.36592944818967116,0.9681518648836845,1.9982905982905974,29.480887284157742,0
264,-1.9890719071947058,-1.0918117380125907,5.026819065900409,1.9982905982905974,29.480887284157742,0
265,-1.5317608147331796,-0.2345026312288224,2.2961060733947396,1.9982905982905974,29.480887284157742,0
266,0.00232087893146613,-0.2843129970330502,0.08493555196392143,1.9982905982905974,29.480887284157742,0
267,-0.03546221357809344,0.7250616982777696,0.553556545203689,1.9982905982905974,29.480887284157742,0
268,0.10327897454443329,0.8729258758267278,0.8107922475395772,1.9982905982905974,29.480887284157742,0
269,-1.081257205203768,-0.30823520261454707,1.215144611177705,1.9982905982905974,29.480887284157742,0
270,0.34223814842782524,0.4928646131314836,0.366963509865788,1.9982905982905974,29.480887284157742,0
271,-0.538230984221135,0.4841617244872919,0.5226547576231911,1.9982905982905974,29.480887284157742,0
272,0.8614235221168055,-0.20103325542756784,0.7503678865392256,1.9982905982905974,29.480887284157742,0
273,-0.3231215828221185,0.7434417121317403,0.6803191155886533,1.9982905982905974,29.480887284157742,0
274,-1.4883837982771904,-0.8124186067146139,2.8068239359386005,1.9982905982905974,29.480887284157742,0
275,0.07720551355312776,-0.596465679310574,0.3794876459966069,1.9982905982905974,29.480887284157742,0
276,-0.2215323684830319,0.904999531169467,0.9073493526273854,1.9982905982905974,29.480887284157742,0
277,-1.7190332891591646,-1.2776996405745633,4.534348758829141,1.9982905982905974,29.480887284157742,0
278,-0.6286762986102378,0.24318290825167557,0.43918233034021453,1.9982905982905974,29.480887284157742,0
279,0.37132499341825154,0.9428470871419957,1.0655494106862045,1.9982905982905974,29.480887284157742,0
280,1.7057182202171215,-1.1881611763051962,4.258867608483727,1.9982905982905974,29.480887284157742,0
281,1.2746452945133677,0.07699556696031998,1.5561886265364533,1.9982905982905974,29.480887284157742,0
282,-0.3489497258271118,0.26153413131791625,0.1880294207332408,1.9982905982905974,29.480887284157742,0
283,-0.219224104700711,0.9673740610626974,1.0290858597201027,1.9982905982905974,29.480887284157742,0
284,-1.7151701207069114,-0.9021217168008089,3.6615094896664075,1.9982905982905974,29.480887284157742,0
285,-0.2507437639877037,0.6142592262273016,0.4564154828510728,1.9982905982905974,29.480887284157742,0
286,-0.4725942724909485,0.4605416879865859,0.4359156852733901,1.9982905982905974,29.480887284157742,0
287,-0.6797345389058665,0.41200227007909224,0.6191268566410392,1.9982905982905974,29.480887284157742,0
288,-0.31309886970224277,0.7847661929026403,0.7405887410249621,1.9982905982905974,29.480887284157742,0
289,0.9291301740081305,-0.07042237388589065,0.8287699653756281,1.9982905982905974,29.480887284157742,0
290,-0.6493182473472888,0.25195631988654443,0.4689129616064766,1.9982905982905974,29.480887284157742,0
291,-0.45285560037895656,0.6832644654268375,0.6861511833405305,1.9982905982905974,29.480887284157742,0
292,0.20357654822375557,0.7825016340012602,0.6828760599523166,1.9982905982905974,29.480887284157742,0
293,1.0677763126360256,-0.5396857586630784,1.393704310406348,1.9982905982905974,29.480887284157742,0
294,-0.5399895427630512,-0.14677984009293152,0.3008075426957635,1.9982905982905974,29.480887284157742,0
295,-0.7410140288152318,0.5562441546891252,0.8489229751244296,1.9982905982905974,29.480887284157742,0
296,1.1330993354816232,-0.01378252042345706,1.2250349851718068,1.9982905982905974,29.480887284157742,0
297,-0.7177423130379835,0.10192008151222681,0.5023635930209522,1.9982905982905974,29.480887284157742,0
298,1.249900369436295,-0.41786376888360666,1.6738237859334686,1.9982905982905974,29.480887284157742,0
299,-0.24807435575340595,0.6661352085318336,0.5249330708530634,1.9982905982905974,29.480887284157742,0
300,-0.14830620049032694,0.440067626924272,0.22445652589895276,1.9982905982905974,29.480887284157742,0
301,2.0740702993413707,-0.8155145650782464,4.802592190394875,1.9982905982905974,29.480887284157742,0
302,-0.17690426374517434,0.8849153851114,0.8526153403518629,1.9982905982905974,29.480887284157742,0
303,-0.10727075595096326,0.6587022772039747,0.46685500697400856,1.9982905982905974,29.480887284157742,0
304,0.6887359858590594,1.4436462940372878,2.6422641834550875,1.9982905982905974,29.480887284157742,0
305,0.16206551262730481,-0.6145009731926128,0.4218048443884809,1.9982905982905974,29.480887284157742,0
306,-0.8632496915289302,0.43400849197542696,0.908819329596226,1.9982905982905974,29.480887284157742,0
307,-1.9689214601832383,-1.3636367882229898,5.652011485201955,1.9982905982905974,29.480887284157742,0
308,-1.1594943702015181,-2.00661094623764,5.5131075095471935,1.9982905982905974,29.480887284157742,0
309,0.18665737911102534,0.38597319790546347,0.18976292829891686,1.9982905982905974,29.480887284157742,0
310,1.2849942385061983,1.7436313048134016,4.769555722309453,1.9982905982905974,29.480887284157742,0
311,-0.020295914760539165,1.0918598395002839,1.252967553929117,1.9982905982905974,29.480887284157742,0
312,-0.34331065335000677,0.5123669570118236,0.38826282222109676,1.9982905982905974,29.480887284157742,0
313,-1.1075058048377504,-0.17983502839157237,1.2041087169821576,1.9982905982905974,29.480887284157742,0
