feature,n_models,mean_pos_mean,mean_neg_mean,mean_pos_median,mean_neg_median,mean_mean_gap,mean_median_gap,mean_p95_gap,mean_ks_stat,max_ks_stat,mean_wasserstein_distance,mean_distribution_sep_score
103,10,0.7032917842146326,-0.0512052619209145,0.6469691130288461,-0.1376096352374962,0.754497046135547,0.7845787482663422,0.761695201441905,0.3521470497374112,0.3521470497374112,0.7639390297672425,0.9830689350248261
59,10,0.5903329662877204,-0.04257078479641221,0.2438670437447905,-0.2291242514549774,0.6329037510841325,0.47299129519976796,0.3857481239763052,0.36105447430748633,0.36105447430748633,0.6588396210853033,0.9406482300100725
510,10,0.5769057574404554,-0.041714906459009715,0.1697321509225343,-0.2527708951926937,0.6186206638994651,0.42250304611522804,1.7330961701830492,0.26306250643600043,0.26306250643600043,0.6227984098999723,0.7340337380712149
348,10,0.5236829542206037,-0.04040968603611432,0.0187708106511307,-0.1841524312444063,0.564092640256718,0.20292324189553704,0.6343380541654486,0.2426423643291113,0.24264236432911132,0.5857051879477612,0.674272220718002
129,10,0.42531475532099694,-0.030547655679397344,0.460546058970014,0.3447014723017579,0.45586241100039426,0.11584458666825607,0.22396620089196184,0.2628153640201833,0.2628153640201833,0.45592167876014605,0.6393252961283873
64,10,0.4007753787817966,-0.03042790082042137,0.0793374662304257,-0.1296015883795223,0.43120327960221794,0.20893905460994802,1.423336453494946,0.2245288847698486,0.2245288847698486,0.5415266490840429,0.6148939418032636
65,8,0.2785470914977409,-0.021440770764142716,0.0972474690136667,-0.1561740419056232,0.29998786226188356,0.2534215109192899,1.1415165542955157,0.21598187622284007,0.21598187622284007,0.4330670837104632,0.5362512777615185
28,10,-0.42169903251282176,0.02949002396653421,-0.4011897571526529,-0.07268094799345065,-0.451189056479356,-0.32850880915920233,-0.5646142293603595,0.20267737617135206,0.20267737617135206,0.45199691675932485,0.5227997478999946
125,10,-0.37788631848539306,0.02749603285710194,-0.540050795708347,-0.12849043071005684,-0.405382351342495,-0.41156036499829013,-1.120744183723866,0.21092575429924829,0.21092575429924829,0.4125495035552591,0.5162013546369417
79,10,0.32556138090128606,-0.026855962926328875,0.2852801393533037,-0.1596350208452765,0.3524173438276149,0.44491516019858024,0.3492368029325761,0.2227576974564926,0.22275769745649263,0.36896744601931286,0.5140796167321937
122,10,-0.3764760504581225,0.02684335336592546,-0.5171176699640857,-0.0208077164944322,-0.4033194038240479,-0.49630995346965345,-1.4925303232410498,0.1982494078879621,0.1982494078879621,0.414086425601271,0.4929743250458821
21,10,0.4137994974237639,-0.029261830581654668,0.2545778489965707,0.1472925971725681,0.44306132800541864,0.10728525182400261,3.454723159608369,0.17966223869838327,0.17966223869838327,0.4618921928433132,0.48464107107720855
477,10,0.21608533858956308,-0.015556459384958185,-0.0217364255944852,-0.10776970824009399,0.23164179797452128,0.0860332826456088,0.3074107468518014,0.2424467099165894,0.24244670991658943,0.24954698416412907,0.4840649615599836
377,10,-0.29433527384633895,0.01999693109349759,-0.3714959728317686,0.0554598948876092,-0.31433220493983655,-0.4269558677193778,-0.4269558677193778,0.22184121099783746,0.2218412109978375,0.3179814003904293,0.4835447213486893
102,8,-0.1966074659755045,0.013502952469843354,-0.3005768479479141,-0.0310065500261438,-0.21011041844534784,-0.26957029792177034,0.3268539862301456,0.20091648645865515,0.20091648645865515,0.3679473962669662,0.47514929631284564
38,3,0.2122340412419048,-0.015065480916366307,0.1299196772643588,-0.036757726536534,0.2272995221582711,0.1666774038008928,1.6886315321188008,0.1563690660076202,0.1563690660076202,0.4693374269524326,0.46407150751653264
33,10,0.3225567825414758,-0.022895406656336468,-0.1057833327067178,-0.1448918629162779,0.3454521891978123,0.039108530209560094,0.023519341391192383,0.19950571516836577,0.19950571516836577,0.3454521891978126,0.45660314345315295
89,1,0.10158239706004428,-0.00998486037194734,-0.0848875503934705,0.012638309375173,0.11156725743199161,-0.0975258597686435,-0.06391426881266477,0.1791164658634538,0.1791164658634538,0.30627779601790106,0.4537302526480658
80,1,-0.19804969528308036,0.018263400813392294,0.1469008761909228,0.2079215442052925,-0.21631309609647265,-0.0610206680143697,0.31110370575993085,0.17211409741530223,0.17211409741530223,0.29060188840804485,0.43372549469715027
130,10,0.3358811651012257,-0.025188567071226152,0.375682084102417,0.15313338695566975,0.3610697321724518,0.22254869714674724,0.03353473518649519,0.17769539697250541,0.17769539697250541,0.3623853664411778,0.42470901011641643
0,8,-0.11906898517712831,0.007527423893436662,-0.348133659792372,-0.02654051226281555,-0.12659640907056496,-0.3215931475295564,0.792978363734119,0.1877149624137576,0.1877149624137576,0.3047220852846911,0.4152276251324618
298,3,0.39480107850363866,-0.027431669765232463,-0.088524228979803,-0.1747092684942156,0.4222327482688712,0.08618503951441263,5.719678278038096,0.14258057872515703,0.14258057872515703,0.42314010727453666,0.41201203981608786
124,10,0.3274434570633101,-0.024386598271365457,0.2991009479565267,-0.2236608866797079,0.35183005533467554,0.5227618346362346,0.6970157795149745,0.17331891669241067,0.17331891669241067,0.3519789903302984,0.4105135868924436
95,3,0.29235570410985173,-0.020626698411133744,0.3830604694868797,-0.5580014712997856,0.31298240252098547,0.9410619407866654,0.0,0.16282566162084233,0.16282566162084233,0.35527253031001854,0.4062786447869356
545,5,-0.21613956397271483,0.015734566537522497,-0.3737353644723715,-0.3737353644723715,-0.23187413051023734,0.0,-1.1365337626659011,0.16876737720111215,0.16876737720111215,0.33960984229235436,0.40458824635217977
14,10,-0.3003407025322141,0.022083549076890138,-0.2963467085002608,-0.0212044375124078,-0.32242425160910426,-0.275142270987853,-0.1317670565698903,0.17658325610132838,0.17658325610132838,0.32826944315684353,0.40332911912195374
316,10,-0.2901502796518953,0.020752210529895024,-0.3850173040371883,-0.1203553963759352,-0.31090249018179034,-0.2646619076612531,-0.587301838515911,0.17751004016064256,0.17751004016064256,0.32056525660487134,0.4007400222493741
61,1,0.11058375115626448,-0.007036483413889144,0.112349410500567,0.0492819912844288,0.11762023457015362,0.0630674192161382,0.5336852506443446,0.1455668829162805,0.1455668829162805,0.3020077291736062,0.3951541410343551
62,1,-0.13217132557742214,0.009373703080471007,-0.1090787929054519,-0.040438541875497905,-0.14154502865789315,-0.068640251029954,0.23190539038258295,0.1539491298527443,0.1539491298527443,0.2740552124058246,0.39452068807983176
41,6,0.04221000695708845,-0.003035744775612548,-0.0647180506299564,-0.12201943089289462,0.04524575173270099,0.057301380262938205,0.05320842452987096,0.20296570898980537,0.20296570898980537,0.18614574186828645,0.37945859784153874
40,1,-0.17332833757746177,0.012196498530649835,0.3889616545437869,0.4442404635267338,-0.1855248361081116,-0.0552788089829469,0.017437212539473612,0.16841725877870456,0.16841725877870456,0.19353147452636096,0.37644512270470104
428,8,-0.08051365399862534,0.006057800126308834,-0.095168249845197,-0.1559747619007941,-0.08657145412493418,0.06080651205559709,-0.04471709803908924,0.20489136031304706,0.20489136031304706,0.16975769435203772,0.37489170629622864
282,6,0.18718970081658112,-0.013700301758300866,0.2858712954028456,-0.1041559593904829,0.20089000257488196,0.3900272547933285,0.34352400518335346,0.18074348676758314,0.18074348676758314,0.2558125924524354,0.37426904278802087
542,1,-0.18300530560501413,0.01411794769140756,-0.6121175618220817,-0.6121175618220817,-0.1971232532964217,0.0,-0.4014134118096149,0.14169498506847905,0.14169498506847905,0.27216528874332147,0.37295171820381245
128,1,0.1521983437867886,-0.013164054281732515,0.2164053087987853,0.011873953302149,0.1653623980685211,0.2045313554966363,-0.10984091313708433,0.16287714962413757,0.16287714962413757,0.2020095006761738,0.37160403075845566
100,5,0.3540306867870301,-0.02481067996746932,0.048074981970692,0.048074981970692,0.3788413667544994,0.0,0.5302111499949047,0.13767892081145094,0.13767892081145094,0.3793183898314181,0.37138508661726827
78,1,-0.15800169446191709,0.013327226109646585,-0.1555187873418476,0.054684129443231,-0.17132892057156368,-0.2102029167850786,0.007315885829280999,0.14715271341777367,0.14715271341777367,0.2510020146260517,0.3709801742016525
452,8,-0.27354000088779873,0.019479005130219353,-0.4043036715763059,-0.06177385250761465,-0.29301900601801806,-0.3425298190686913,-0.584697800508138,0.16670785706930286,0.16670785706930286,0.2987212359131517,0.3662385560221203
63,10,0.26828996516332054,-0.019445723552891328,-0.0809845807401488,-0.1091560821917054,0.28773568871621186,0.028171501451556603,1.2892741930564466,0.15626609000102976,0.15626609000102976,0.32671337698802105,0.36383189003070043
295,10,0.3387913174754383,-0.023719525606852893,-0.0824906996668492,-0.19678010700448434,0.3625108430822912,0.11428940733763512,4.0104022817746765,0.14307486355679128,0.14307486355679128,0.3700334114462767,0.3632219580947408
571,6,-0.06831322743330434,0.004846152031593081,0.3687776556054301,0.0280982101774342,-0.07315937946489742,0.34067944542799583,-0.01492517741176047,0.1637009576768613,0.1637009576768613,0.29612109280244603,0.36315560540474046
11,1,-0.1181373138373627,0.00906150754163715,-0.1106745310009041,0.1370898591695656,-0.12719882137899985,-0.2477643901704697,-0.021679384139916547,0.16174441355164246,0.16174441355164246,0.18099958556652243,0.3586478505455752
434,3,0.47875205354074063,-0.033566246398088834,-0.10881684470013801,-0.1279121729778524,0.5123182999388295,0.019095328277714402,5.23657723797977,0.0794459890845433,0.0794459890845433,0.5124730341181161,0.3558261337010687
76,6,-0.19051722372197397,0.02073803413014714,-0.1553787392295526,0.05123122040915099,-0.2112552578521211,-0.20660995963870357,0.054347402426701885,0.17723200494284833,0.17723200494284833,0.2237358056909595,0.3500229691049493
55,8,0.012895445055161875,-2.322829379847436e-05,-0.2329416312432057,-0.0576745531609328,0.012918673348960349,-0.17526707808227288,0.2122679056774215,0.1625476264030481,0.1625476264030481,0.26334811309178363,0.3441022020819269
133,8,0.24239293400394352,-0.017510520973872158,0.1222732321194762,-0.015157755383009,0.2599034549778157,0.1374309875024852,-0.012712671204197612,0.15659561322211923,0.15659561322211923,0.29254310872665173,0.3435223531101147
425,6,0.12091581100697901,-0.009206374604133266,-0.1577811387274507,-0.2503519318361473,0.13012218561111227,0.09257079310869659,-0.03542853963888426,0.18741633199464525,0.18741633199464525,0.17542337678097664,0.34349286283220676
22,3,-0.32756801165219507,0.02333274960280841,-0.17550440344965149,-0.11591631030131135,-0.35090076125500347,-0.05958809314834016,0.07049858907690942,0.11886520440737308,0.11886520440737308,0.37753942115822275,0.34297402167418417
288,6,0.14927894458342794,-0.011266685802115352,0.12352965273131729,-0.1230693346215914,0.1605456303855433,0.24659898735290872,0.1109695443088452,0.17305117907527545,0.17305117907527545,0.22404616047934733,0.34208896198687166
137,6,0.17975941878354607,-0.012401486405692901,0.3086368998808477,-0.08996685024094901,0.19216090518923898,0.3986037501217967,-0.2531230094372474,0.168746781999794,0.16874678199979404,0.23509813105062985,0.3397558192192176
582,10,0.2553901563035078,-0.017660026101505157,0.3183346211040398,-0.0119429441999272,0.27305018240501294,0.330277565303967,0.6395374673613485,0.1462774173617547,0.1462774173617547,0.3136199584357518,0.337451489774526
486,8,0.1653576477238005,-0.01348965394572058,0.016714152476091,-0.17390700468231565,0.17884730166952106,0.19062115715840666,-0.036658141757267115,0.17918854906806714,0.17918854906806714,0.1889039633309857,0.33569116230009327
460,8,0.1801710802898646,-0.013018770126975089,-0.146366522143721,-0.22451599674738926,0.19318985041683967,0.07814947460366825,0.3447191668320242,0.169622078055813,0.169622078055813,0.2151311922193433,0.3315031700821427
476,1,0.13621883826257866,-0.010437906976098046,-0.1771014894575853,-0.27274028712027054,0.14665674523867672,0.09563879766268524,0.04672192531570607,0.14016064257028113,0.14016064257028113,0.19810494766145567,0.33140886278433823
467,1,0.20942359652623352,-0.013771237422988638,-0.0399164196250747,-0.06456766987445255,0.22319483394922215,0.024651250249377844,-0.07780011314112983,0.12190299660179178,0.12190299660179178,0.2480236327834007,0.3270190748583245
35,6,-0.03151782773156804,0.0020980272960546826,-0.1726907490294817,-0.1553755152220539,-0.033615855027622724,-0.017315233807427804,-0.001406184958473805,0.19697250540624034,0.19697250540624034,0.10943841868431804,0.32613656695149446
6,1,0.0812124981944278,-0.007822124582502069,0.1207014751956478,0.07088762280506565,0.08903462277692988,0.049813852390582156,-0.02220339183577491,0.13278756049840387,0.13278756049840387,0.20788836173066771,0.32417705451022044
213,1,0.16473178870176017,-0.014253183627197038,-0.0618398542400057,-0.0982240788251814,0.17898497232895721,0.0363842245851757,0.3049344536662355,0.1318195860364535,0.1318195860364535,0.21033566314765478,0.3238394778294653
159,3,0.36550757457101807,-0.025817395163295388,-0.1948089185642451,-0.264076156007183,0.39132496973431347,0.06926723744293789,3.5951319683762364,0.10021624961383997,0.10021624961383997,0.39788038335306536,0.3227161555327094
333,8,0.20572933692786868,-0.014944564147697712,-0.0334140756342098,-0.08066970804367804,0.2206739010755664,0.04725563240946824,0.19029240048915602,0.15275460817629494,0.15275460817629494,0.25775499948752995,0.3221477137128662
144,8,-0.2007756818203348,0.014840782575800338,-0.3701842845049647,-0.1887478866870145,-0.21561646439613516,-0.1814363978179502,-0.5391020501980923,0.1593141797961075,0.1593141797961075,0.23321483642385582,0.321448693714226
511,5,0.2404161742791077,-0.01782157997115354,0.0466545801963687,-0.8374816063277984,0.2582377542502612,0.8841361865241671,0.06440815382957088,0.14846050870147257,0.14846050870147257,0.2595169378440646,0.32116760016120605
324,1,0.1127408464612705,-0.0077260718735882375,0.1746140249570436,-0.14684154585110065,0.12046691833485873,0.32145557080814424,0.029487448998627652,0.13761713520749666,0.13761713520749666,0.18620668562368342,0.32087809041358684
134,1,-0.11805361332990817,0.008451850088150857,-0.2523540383463959,-0.1187760578538048,-0.12650546341805902,-0.13357798049259112,0.05880771021583109,0.14494902687673772,0.14494902687673772,0.1598295515303263,0.3193099857986125
17,1,-0.03797924947951228,0.0035476381049157502,-0.0307224799478913,0.1065131362577163,-0.041526887584428025,-0.1372356162056076,-0.0007624200900311351,0.15697662444650395,0.15697662444650395,0.11216542262724602,0.31442581348017296
10,1,0.11451488701425011,-0.00805464570777001,0.3016871278482487,0.0319771280353688,0.12256953272202012,0.2697099998128799,0.08199183994311432,0.12140871177015755,0.12140871177015755,0.22367164956671626,0.31337642522571435
104,1,-0.16479113245361804,0.011306603251262917,0.2467541600333214,0.0167322120439882,-0.17609773570488096,0.2300219479893332,-0.11501097399466675,0.09833178869323447,0.09833178869323447,0.29561516021627765,0.3124834383905626
44,1,-0.10120969961331822,0.007178567066637968,-0.1904323287212952,0.0413452270831927,-0.10838826667995619,-0.2317775558044879,-0.14853149640115815,0.12292245906703737,0.12292245906703737,0.2128661266557366,0.31023268666641246
547,3,0.22015866884713828,0.013482045428081032,0.2376399667903394,-0.005657968268923799,0.20667662341905724,0.24329793505926323,0.1371244400495064,0.1451446812892596,0.1451446812892596,0.21747820610655144,0.30917724933678786
91,8,0.07668116136219738,-0.005281938497222076,0.1055105095573893,-0.0209631199010839,0.08196309985941946,0.1264736294584732,-0.4196214348818641,0.154762640304809,0.154762640304809,0.22182139927102218,0.30645573842000545
83,1,-0.11332949579357207,0.008039613804159108,-0.1615317944605846,0.0437862427505653,-0.12136910959773117,-0.2053180372111499,-0.16056724384546905,0.1346102358150551,0.1346102358150551,0.1682762839343548,0.30639548838467645
56,10,0.2281230927111355,-0.015453384663354951,0.4347525596944844,0.2906688044599451,0.24357647737449045,0.1440837552345393,-0.02665549471840234,0.1466275357841623,0.1466275357841623,0.2553324422751152,0.30520084445386086
339,1,0.09760460883033815,-0.007094094364986445,0.0219763928836566,0.01014728052373505,0.1046987031953246,0.01182911235992155,0.10115789383435692,0.12229430542683555,0.12229430542683555,0.2040098282630956,0.3045182980504857
280,8,-0.19125403380620762,0.013262983495224088,-0.2617418217641674,-0.1676321209516629,-0.2045170173014317,-0.09410970081250447,-0.475253989103147,0.15355782102770055,0.15355782102770055,0.22010764130278374,0.3031961552590273
544,1,0.047779960063464674,-0.0034916454280483076,0.3018890646394068,0.3018890646394068,0.05127160549151298,0.0,-1.037813850910954,0.10946349500566369,0.10946349500566369,0.23746659583402605,0.30057870732900027
281,8,-0.20095990837102332,0.014229668346613421,-0.3460462940242044,-0.1971477467696444,-0.21518957671763675,-0.14889854725456,-0.10981267860025334,0.15280609617959015,0.15280609617959015,0.21713418162501605,0.3001253923167767
66,1,-0.18631908830404553,0.014517669590368914,-0.1385845563283186,-0.013325296056072,-0.20083675789441444,-0.1252592602722466,-0.1583671010417822,0.11401503449696221,0.11401503449696221,0.213826942739628,0.295782738889743
416,8,-0.20901293890429376,0.01276499833123749,-0.4415347746160978,-0.1530919453867149,-0.22177793723553124,-0.2884428292293829,-0.4197432734107165,0.1340335701781485,0.1340335701781485,0.27343336676048957,0.29453910960502167
200,10,0.23871624589822799,-0.01684079574871647,0.015509658965984902,-0.057164779815555955,0.2555570416469445,0.07267443878154085,0.08015407080212289,0.1367624343527958,0.1367624343527958,0.269327748371516,0.2943528788344702
37,8,0.12398544223598343,-0.00830850661088907,0.1698134591005763,0.0268477368036215,0.1322939488468725,0.1429657222969548,-0.058812363012473945,0.14782205746061167,0.14782205746061167,0.22088298392575195,0.2925436886828125
468,6,-0.13618596076564696,0.009867605696281326,-0.5310808755522319,-0.29347781251061145,-0.1460535664619283,-0.2376030630416205,-0.08800404090273739,0.15479353310678612,0.15479353310678612,0.19638047843209416,0.29166210143995763
560,1,0.12128276064700126,-0.007876697632615337,-0.1299030001162488,-0.2665217178331021,0.1291594582796166,0.13661871771685327,-0.24571278201133628,0.1247451343836886,0.1247451343836886,0.16792465841052068,0.28964707177268467
165,5,0.37967735699459393,-0.026438201194278775,-0.1624892763372483,-0.1572813667047511,0.4061155581888727,-0.005207909632497204,6.789161194664052,0.0775821233652559,0.0775821233652559,0.4256102264054217,0.2894612362542196
NA_72,3,0.3614457831325301,0.5222222222222223,0.0,1.0,-0.16077643908969214,-1.0,0.0,0.1607764390896921,0.1607764390896921,0.16077643908969202,0.2849238326425591
26,3,-0.3600989594485167,0.025167491465277487,0.2441965262740303,0.248332993531762,-0.3852664509137942,-0.004136467257731702,0.0034384384079900743,0.07587272165585418,0.07587272165585418,0.4043208864978684,0.28409397163784966
183,8,0.1408604676062957,-0.010115319192433983,0.4657879776212821,0.01972771604086285,0.1509757867987297,0.4460602615804192,-0.16827420413993321,0.14826485428895067,0.14826485428895067,0.20036174982926966,0.28222296727244683
57,6,-0.18687531063459403,0.013460956350731515,-0.1299185746106598,0.037084147270272,-0.20033626698532556,-0.1670027218809318,0.009543012678895568,0.14162290186386572,0.14162290186386572,0.22026790684321854,0.2791243417981706
120,1,-0.05716481175433109,0.004055281517614007,-0.0655440694081921,0.0157404625076391,-0.061220093271945095,-0.08128453191583121,0.13909567705400905,0.11504479456286686,0.11504479456286686,0.1786226317985196,0.278989014004713
101,1,-0.1494895910691812,0.010395874732902762,0.0416719148099151,0.0416719148099151,-0.15988546580208396,0.0,-0.8814669437758331,0.09625167336010709,0.09625167336010709,0.23733946056306807,0.27832929510192783
423,8,0.20342186880349952,-0.014787558908503516,-0.1396352764160621,-0.2464919927686029,0.21820942771200305,0.10685671635254079,0.5500802694381539,0.13495005663680362,0.13495005663680362,0.2396271714368368,0.2778981248411389
70,3,-0.22881287342029258,0.016966713357365413,-0.18236202923587777,-0.006391254548286649,-0.245779586777658,-0.17597077468759115,-0.2959007006721299,0.12704149933065595,0.12704149933065595,0.24625488145636157,0.27775785494328936
488,8,-0.19021890188223214,0.010388066864895474,-0.1687238193389359,-0.00056516930096165,-0.2006069687471276,-0.16815865003797426,0.02599811771530458,0.14374420759962928,0.14374420759962928,0.20564361691499292,0.27637088238092394
522,1,0.12531327686193225,-0.008889745281658711,-0.033801269343894,-0.1591020808909466,0.13420302214359095,0.1253008115470526,0.2516491515050219,0.11834002677376171,0.11834002677376171,0.15657063543610272,0.2729190604471835
484,8,-0.18001138237809836,0.011891266911411185,-0.3984875523066974,-0.3406722580884358,-0.19190264928950954,-0.05781529421826159,-0.7626891725712925,0.14573164452682524,0.14573164452682524,0.19190264928950948,0.27272505140592246
16,8,0.20973333914139136,-0.015070001707148123,0.1576640570411457,-0.0049921090990383,0.22480334084853948,0.162656166140184,0.21320715110728083,0.13830707445165277,0.13830707445165277,0.2287429236319888,0.27248933363742567
126,8,0.12370606920593522,-0.010314295386232483,0.0417439170594482,-0.0639999994404245,0.1340203645921677,0.1057439164998727,-0.115143375744305,0.14455771805169396,0.14455771805169396,0.1942599995835537,0.27174220587051756
497,1,0.14433464351377318,-0.013780633599233838,-0.1426378602877744,-0.17509529176448485,0.15811527711300702,0.03245743147671046,-0.0013129768900894678,0.11409741530223458,0.11409741530223458,0.16773630172049722,0.2716705513162255
366,1,0.08654866834608035,-0.006580312726326475,-0.2120995572152933,-0.2532753092445194,0.09312898107240683,0.041175752029226104,0.5682253780033131,0.11818556276387601,0.11818556276387601,0.1505039017066598,0.26946771632516714
222,1,0.15067647256137676,-0.010689014720166014,-0.1222663743976432,-0.1168827583573393,0.16136548728154276,-0.005383616040303893,0.1633030198892173,0.11231593038821955,0.11231593038821955,0.16755687672092673,0.2685850513192539
3,1,-0.1512347274217798,0.011236283698249852,-0.3456667900246585,-0.245182243494606,-0.16247101112002965,-0.10048454653005251,-0.816841511920636,0.10797034291010195,0.10797034291010195,0.18061149305518415,0.2681575139917111
58,8,0.16598006957965386,-0.010659359866617632,0.1634775881256426,-0.2836427795959482,0.17663942944627148,0.4471203677215908,0.22084678848939765,0.13728761198640715,0.13728761198640715,0.20922456801418324,0.26585453022060573
487,1,-0.08132096944774861,0.007063212785584668,-0.5211388119791742,-0.4713215423677636,-0.08838418223333327,-0.04981726961141064,-0.2649371174465034,0.11572443620636391,0.11572443620636391,0.14848646375552974,0.26427403754880147
567,1,0.11118937201024116,-0.016674757714197956,-0.0685286659668574,-0.2450270427408844,0.1278641297244391,0.17649837677402702,0.49187310790445515,0.11139944392956441,0.11139944392956441,0.15530854017210996,0.2606018402005483
25,8,-0.17940545556558268,0.012167474553454617,0.4314860143923371,0.4427276566257475,-0.1915729301190373,-0.011241642233410398,0.03780002200984345,0.119956750077232,0.119956750077232,0.25912674488753457,0.2595680837342106
309,1,0.06681409543243118,-0.004838769012029614,0.0960672110250149,0.0264862709201811,0.0716528644444608,0.0695809401048338,-0.2010522953555447,0.10665225002574401,0.10665225002574401,0.16724969753459082,0.25891416523896943
588,3,0.12020353669546761,-0.008122820865087877,-0.0085345539313291,-0.2490388325620975,0.1283263575605555,0.2405042786307684,-0.03435775409010988,0.1284934610235815,0.1284934610235815,0.17810352920555297,0.25739600743027946
405,8,-0.0074515160215120595,-0.00011577994668768428,-0.0537620403597826,-0.0723309945630507,-0.007335736074824376,0.018568954203268102,-0.00928447710163427,0.14711152301513747,0.14711152301513747,0.15761397186998613,0.2567160365193911
67,8,0.16585292002501692,-0.012058943111901114,-0.0571809234893684,-0.057293481531844256,0.17791186313691804,0.00011255804247585488,0.0004068522421638021,0.13991350015446402,0.13991350015446402,0.18245330506452676,0.2563452492331699
555,1,0.1482200686336015,0.04011436447685635,0.0332127398055198,-0.01277251413016815,0.10810570415674514,0.04598525393568795,-0.43182948436854285,0.10750695088044486,0.10750695088044486,0.15861751308544308,0.25580739205017017
19,8,0.12000897467930202,-0.008435684720770671,0.0576938510841126,0.0661008836780716,0.12844465940007269,-0.008407032593958995,0.01807512007701606,0.14916074554628772,0.14916074554628772,0.14825527019736984,0.25557604522971794
441,1,0.17503309045208387,-0.012382163605922997,0.0769413443265533,0.0394248513379855,0.18741525405800688,0.037516492988567796,0.4807470601535029,0.09660179178251467,0.09660179178251467,0.1911883170692657,0.25463480312425174
563,8,-0.01952164570709094,0.045518959010344674,-0.0790054285279027,-0.02601385585824085,-0.06504060471743561,-0.05299157266966185,-0.6668244226486191,0.12834929461435485,0.12834929461435485,0.22015598159926025,0.2545494232190174
408,1,-0.056786868644274825,0.0035809757312883148,-0.2275460305159455,-0.14159295785801063,-0.06036784437556314,-0.08595307265793486,-0.3588080354484482,0.11536402018329729,0.11536402018329729,0.12905585155741933,0.2534455224575619
558,1,0.16134686366547743,-0.011130029583681166,-0.2144666443349351,-0.2681645575859497,0.1724768932491586,0.05369791325101461,0.9419210627708698,0.09899083513541344,0.09899083513541344,0.18054322310979698,0.2530450875343404
352,1,-0.06661056189490942,0.003789957024276005,-0.0027668511932103,-0.1208510403462136,-0.07040051891918543,0.11808418915300331,-0.20701634410885805,0.10298630419112347,0.10298630419112347,0.16579152317056423,0.251991862081537
132,8,0.04142552681563266,-0.0032810726303815784,0.1206272744032266,-0.153901283072972,0.04470659944601424,0.2745285574761986,-0.27863714813230045,0.12336525589537638,0.12336525589537638,0.2328777129825432,0.25185429678031923
90,8,-0.15490007986264026,0.0112867208360612,-0.1152094003781243,0.00195802103176035,-0.16618680069870145,-0.11716742140988465,-0.3805417680028742,0.1337246421583771,0.1337246421583771,0.19592084917848726,0.25172999991194867
562,3,-0.2257921924208666,-0.01655270944231932,0.05089083951058251,0.1887927251301679,-0.20923948297854725,-0.13790188561958538,-0.3153883427831796,0.12132633096488517,0.12132633096488518,0.21931067641847649,0.25145904174887573
181,1,-0.11589136927853355,0.008365176435503066,-0.2752714679620462,-0.0822180283626469,-0.12425654571403662,-0.1930534395993993,-0.16014660330405062,0.10689939244156112,0.10689939244156112,0.15179875329620618,0.25119962968391585
87,1,-0.1045054667617449,0.007413635676250923,0.3709854694814207,0.3785300589878589,-0.11191910243799581,-0.007544589506438215,0.01735255586480655,0.09775512305632787,0.09775512305632787,0.1764001319334253,0.2487904593179536
419,3,0.08493242100734405,-0.005877686792864191,0.123432226206676,-0.12585488728293895,0.09081010780020822,0.24928711348961496,-0.007003250076750289,0.13265369168983626,0.13265369168983626,0.14713338881232815,0.24828898464387775
68,3,-0.17500709240783138,0.011938970013857207,-0.0762207838821816,0.05681070481166304,-0.18694606242168862,-0.13303148869384465,0.3063856874962201,0.10403665945834621,0.10403665945834621,0.2441675949504897,0.24827012206104251
NA_112,3,0.3132530120481928,0.45726495726495725,0.0,0.0,-0.14401194521676447,0.0,0.0,0.1440119452167645,0.1440119452167645,0.14401194521676453,0.24548878904535174
553,5,0.20429054928450982,-0.02369334101717907,-0.064152850818067,-0.10084600104094603,0.22798389030168892,0.03669315022287904,0.23216993306911204,0.10363505303264339,0.10363505303264339,0.268597383901329,0.24524537871314306
249,3,0.45705189854317974,-0.03242333981118274,-0.0713974120796145,-0.0713974120796145,0.4894752383543624,0.0,0.0,0.02409638554216868,0.024096385542168676,0.48947523835436196,0.24521785032928278
31,8,-0.18178969310012272,0.013276080265425145,-0.4438816427274017,-0.45355803578927,-0.19506577336554787,0.009676393061868294,-0.08545929833967159,0.11847389558232932,0.11847389558232932,0.23174365902970664,0.2417923782207697
30,3,0.1646368422036052,-0.011659017022724752,0.2855464335729884,0.0800515293086398,0.17629585922632995,0.20549490426434866,-0.17759559609415243,0.1169189578828133,0.1169189578828133,0.18589240840562782,0.24039489204067888
368,1,0.05023789830457981,-0.0043929283690036305,-0.035063253741818,-0.1720954270292572,0.05463082667358344,0.13703217328743922,-0.013703217328745021,0.10456183709195757,0.10456183709195757,0.1377287771970405,0.23987200547160092
123,3,0.21066695641963232,-0.01586253764298236,0.0852875704887081,-0.0068052528056853,0.22652949406261472,0.09209282329439339,0.8702771801320391,0.1107300998867264,0.1107300998867264,0.22846248312538073,0.23849181805070105
393,1,0.019653573818245874,-0.0013942278862513252,-0.0054657269779673,-0.0183196231930458,0.021047801704497198,0.012853896215078502,-0.1322665920531576,0.09945422716507053,0.09945422716507053,0.15081711640495052,0.23818278307914661
438,1,0.07045767512593233,-0.005426841115652995,-0.2148466553506579,-0.1768330283534612,0.07588451624158532,-0.03801362699719668,-0.2884414052990263,0.07954896509113377,0.07954896509113377,0.21353995158471795,0.2377635431997692
310,8,0.15420075522474838,-0.011074368011557197,0.0648005498315571,-0.0627807073583575,0.16527512323630558,0.1275812571899146,-0.09067382207426045,0.12440531356194007,0.12440531356194007,0.20260667495895146,0.23737712059055568
108,1,-0.0794660938122402,0.005419432117182288,-0.1305434669677057,0.037779694567351155,-0.08488552592942249,-0.16832316153505683,-0.1232241627375612,0.1063845124086088,0.1063845124086088,0.12326769427729176,0.23532358802945702
439,1,-0.08854353850047865,0.006122751135810272,-0.1840863909590811,-0.13303675738377396,-0.09466628963628893,-0.051049633575307146,-0.09435688793912145,0.10742457007517249,0.10742457007517249,0.11624653776686682,0.23337566644983693
357,1,0.07046470533193494,-0.005191030712946306,-0.0031696133441091,-0.2003195633477112,0.07565573604488125,0.1971499500036021,0.0,0.10378951704252909,0.10378951704252909,0.12736014266306395,0.2331198500362277
32,3,0.21215765607547268,-0.015187148382253346,-0.0860629032890252,-0.1137867789937577,0.22734480445772606,0.027723875704732504,0.027054678704961366,0.10267737617135207,0.10267737617135207,0.24235368022637774,0.23283737210876362
86,1,0.07658716409710196,-0.00543310651287477,0.1844343946448001,0.0553288157679836,0.08202027060997673,0.1291055788768165,-0.029855665115263497,0.10306868499639583,0.10306868499639583,0.12882287098465245,0.23267919178798135
115,6,-0.16543419251204122,0.011735929896151858,-0.0070384258648829,0.08786912395216485,-0.17717012240819308,-0.09490754981704776,-0.41884984305331163,0.12236638863144887,0.12236638863144887,0.20346514430029342,0.2326679112366431
23,1,0.034792692191535565,-0.0020443697318392354,0.0537532692961656,-0.0030389625064171,0.0368370619233748,0.0567922318025827,0.37429126398093127,0.09962928637627433,0.09962928637627433,0.13972378828678408,0.2326399720551266
577,1,-0.15174806860961212,0.010765033927006536,-0.2326177579243586,-0.21914162340040372,-0.16251310253661866,-0.01347613452395488,-0.5970608726976456,0.08826073524868705,0.08826073524868705,0.17467771534081616,0.23194322813575072
98,3,-0.12995761429863908,0.008799111730115442,-0.0168860063686609,0.0526956617591707,-0.13875672602875452,-0.0695816681278316,-0.7082602029285111,0.10821748532591906,0.10821748532591906,0.19937804846035315,0.23173559527140788
354,3,-0.059616772590923815,0.005160283623642621,0.1250718677269027,0.17873905056963368,-0.06477705621456643,-0.053667182842730976,0.16599654630638017,0.11256307280403666,0.11256307280403666,0.1839857692198399,0.2313833721600138
118,1,-0.061570329417940425,0.001967239624279258,-0.0646290078208189,0.0623061458984972,-0.06353756904221969,-0.1269351537193161,-0.13645529024826608,0.09945422716507053,0.09945422716507053,0.1363866615570546,0.23059022638274188
483,1,-0.1138971404849076,0.010924410984035543,-0.3062911791682079,-0.28821411881217407,-0.12482155146894314,-0.018077060356033847,-0.6933781348034336,0.08572752548656164,0.08572752548656164,0.17895924384573078,0.22994271172087583
338,8,0.029856892193423124,-0.0025165544522817627,-0.0723784676738478,-0.09254195731938811,0.032373446645704886,0.02016348964554031,-0.04808045376251491,0.1506847904438266,0.1506847904438266,0.09549208413770724,0.22978433660655323
227,8,0.14220491181666625,-0.010316440173841892,-0.1571428743829484,-0.2469039518922257,0.15252135199050815,0.08976107750927728,0.45239583064675637,0.13041911234682318,0.13041911234682318,0.16544025504803236,0.22874816605492546
332,1,0.14533004772086597,-0.010770792704039384,-0.0819327619962042,-0.09850789642928826,0.15610084042490535,0.01657513443308406,6.676151097478877e-05,0.07942539388322521,0.07942539388322521,0.1954088455023269,0.22801642095356994
437,3,0.25877739954452084,-0.0182902693286138,-0.1088723215627561,-0.14556072820496846,0.2770676688731346,0.03668840664221236,0.2676225530388898,0.07622284007826176,0.07622284007826176,0.307897590960793,0.22631730092415536
2,8,-0.017925747764162222,0.0017345762587748894,-0.1441076694935351,0.033459155611486754,-0.01966032402293711,-0.17756682510502186,-0.05398311235703401,0.12000823808052724,0.12000823808052724,0.19788283564766476,0.22631461060457064
323,1,-0.011086557846452927,0.0006546893711843459,0.0068194835235383,0.0158605695872641,-0.011741247217637273,-0.0090410860637258,0.07959983615258814,0.10775409329626197,0.10775409329626197,0.09388069239908811,0.2221611852340562
34,1,0.03967152237033938,-0.0029706918003291134,-0.1779948290876567,-0.1613469537031033,0.04264221417066849,-0.016647875384553396,-0.048754492197622123,0.10025744001647616,0.10025744001647616,0.11519052972131348,0.22078650803269656
566,3,0.06088538294189292,-0.007727209206921811,-0.0455782790693798,-0.2574875541368029,0.06861259214881474,0.2119092750674231,-0.07724133950866374,0.113304500051488,0.113304500051488,0.1611173577909504,0.22038842081506163
442,1,-0.09949415510840091,0.006867693052359924,-0.2014586586613259,-0.10663560534723066,-0.10636184816076084,-0.09482305331409524,-0.15601511956325576,0.09627226856142519,0.09627226856142519,0.12488084705078151,0.219193986109669
447,1,-0.11659433247577403,0.008364049874226799,-0.1704538724317124,-0.0242878439088613,-0.12495838235000083,-0.1461660285228511,-0.16136729548922757,0.09295644114921223,0.09295644114921223,0.1347358977581404,0.21881196049174606
585,1,0.03600052004427299,-0.0026509274606953694,-0.1373107015563607,-0.09170901422724856,0.03865144750496836,-0.04560168732911213,0.6108443134030574,0.09519102049222532,0.09519102049222532,0.12261129812616825,0.21618446220035317
248,1,0.07474726421369315,-0.005302583700629474,-0.073600140770098,-0.0811171338187272,0.08004984791432262,0.007516993048629211,0.14808476305799445,0.08524353825558645,0.08524353825558645,0.15252988540875154,0.2152243445920089
432,1,0.01744030799958911,-0.001049067311359111,-0.3102360044315321,-0.34365038276240056,0.01848937531094822,0.033414378330868466,0.24520656133744745,0.09573679332715478,0.09573679332715478,0.1180049108183625,0.21467716746584425
8,8,0.03328338589454476,-0.003391569836446949,0.0214512450614831,-0.0117358699509788,0.036674955730991714,0.0331871150124619,-0.4143648360127108,0.10860879415096282,0.10860879415096282,0.2168003538427121,0.21460667936653213
82,1,-0.08739921371403044,0.004999166402084268,0.0113357763493853,0.0389376765692018,-0.0923983801161147,-0.0276019002198165,-0.2848516102685055,0.08427556379363609,0.08427556379363609,0.15124529783465135,0.21292324153262057
7,1,0.03203532108695673,-0.018650144110732063,0.0184623226317328,0.0462785910708339,0.050685465197688795,-0.0278162684391011,-0.1001385663807689,0.09702399340953557,0.09702399340953557,0.11034847269716808,0.21280994337688255
154,3,0.07861398201630822,-0.0050181095578177145,0.0059902000746416,-0.05232965798770555,0.08363209157412593,0.05831985806234715,-0.10832068120872873,0.10153434249819791,0.10153434249819791,0.18689154954947515,0.21274446004207084
285,1,-0.03599309422498058,0.002608821734858769,-0.2055554961454222,-0.2529870743009949,-0.03860191595983935,0.04743157815557267,-0.14655464696773324,0.09843476469982494,0.09843476469982494,0.10398135441332308,0.21182856735516714
212,1,-0.007555752025598764,0.00013200372095455694,-0.2170964758240535,-0.3061014286244208,-0.007687755746553321,0.0890049528003673,0.07339004880030253,0.08799299763155184,0.08799299763155184,0.13591691619195856,0.2110997776547227
71,3,-0.07502536684390042,0.005890777394498129,-0.115742504722997,-0.0443705897850529,-0.08091614423839855,-0.0713719149379441,0.3632987184681262,0.09880547832355062,0.09880547832355062,0.19216037158683555,0.2105904131397293
523,1,-0.05279588353950631,0.003745349003229981,-0.0882173219335365,-0.08714411519881379,-0.05654123254273629,-0.0010732067347227064,-0.11980130896405428,0.11082277829265781,0.11082277829265781,0.06181174659842957,0.2104404619831475
551,10,0.21596552516924988,-0.02123578683115883,-0.0014668786754071,-0.05216019608436164,0.23720131200040867,0.05069331740895454,0.23394892511717194,0.0813304500051488,0.0813304500051488,0.30609680792642446,0.20975304075672446
48,6,-0.04551920259002518,0.0033655797487348892,-0.1262409254516723,0.00514556111124105,-0.04888478233876007,-0.13138648656291332,0.2949130313733812,0.11495211615693542,0.11495211615693543,0.17630641338182199,0.20353194960586304
302,1,0.0671359581098969,-0.005131723039894386,-0.1306746349554242,-0.1092330677323429,0.07226768114979129,-0.021441567223081298,-0.01244109540036975,0.07218618061991557,0.07218618061991557,0.16895902380090563,0.20194532820812552
525,6,-0.05587306178230297,0.003904458864029039,-0.1782590185596625,-0.09708507477132605,-0.059777520646331996,-0.08117394378833645,0.08368491835600222,0.1286273298321491,0.1286273298321491,0.12410321940213588,0.20165198188309388
499,1,-0.10442586459755758,0.007326515995013397,-0.8068866385758996,-0.8068866385758996,-0.11175238059257098,0.0,-0.07006065711944731,0.08718978478014623,0.08718978478014623,0.11915178998906739,0.2009302514353365
182,8,-0.09573850675954164,0.007382902430539928,-0.1787749351437653,-0.1456288239165347,-0.10312140919008157,-0.0331461112272306,-0.6865980182783463,0.11497271135825353,0.11497271135825353,0.16591402214590384,0.19918199785991084
362,1,0.08627944100733037,-0.007079953099793938,-0.2684195795304367,-0.25667769090437953,0.09335939410712431,-0.011741888626057184,0.4932861971565401,0.07607867366903512,0.07607867366903512,0.1495600719171454,0.19827406416407894
471,5,0.2339406208050831,-0.01786517686554314,-0.2005246374370946,-0.21739132581154114,0.2518057976706263,0.016866688374446548,0.3803529056054096,0.07927092987333952,0.07927092987333952,0.2637311423389647,0.19827239806786504
223,1,-0.02776806284249919,0.0019698711247240377,-0.1900525346514523,-0.06375953869249609,-0.02973793396722323,-0.1262929959589562,-0.054953808390622694,0.0923488827103285,0.0923488827103285,0.09226117574933895,0.195443880618495
39,8,-0.0076312674093615114,0.0004615173755281304,-0.2304537519017632,-0.1503548085602628,-0.008092784784889642,-0.08009894334150042,-0.4264463448652128,0.10800123571207909,0.10800123571207909,0.18029392448243195,0.19355251903240722
113,1,-0.02844785783437941,0.0020180958976667666,0.15247165078569,0.0690012827175097,-0.030465953732046178,0.0834703680681803,-0.258340789171017,0.07390587992997631,0.07390587992997631,0.1467722976296304,0.1931591823743495
546,1,-0.07128342990494162,0.03616532731805384,-0.1803526944410506,-0.10436775527410735,-0.10744875722299546,-0.07598493916694324,-0.13449972021749756,0.08288538770466482,0.08288538770466482,0.11795257828408479,0.19307224756082306
60,1,-0.0415258283403607,0.004461875257770034,-0.2931263440726598,-0.22634868615507947,-0.04598770359813073,-0.06677765791758034,-0.1307773453222445,0.08614972711358254,0.08614972711358254,0.1059788349216733,0.19225307916280615
304,1,-0.07549719365417538,0.00500338434527321,-0.00563068168836,0.09785838552163745,-0.0805005779994486,-0.10348906720999745,-0.2624297390892325,0.08145402121305735,0.08145402121305735,0.11788476216217258,0.19063331579629503
344,8,-0.1337363361136914,0.009372258720087458,-0.0306027816270381,0.01029700008356395,-0.14310859483377886,-0.04089978171060205,-0.3441795475228451,0.11569354340438678,0.11569354340438678,0.14745097033959018,0.19051897937410311
271,8,0.1415578806743268,-0.010035541921606151,0.0552579537773321,-0.025392424761047548,0.15159342259593298,0.08065037853837964,0.14331444693866158,0.10677582123365256,0.10677582123365256,0.17772662967383626,0.18978834174640108
586,8,0.09700029092128427,-0.007180107037268436,0.1071251793737314,-0.0823690564666746,0.10418039795855272,0.18949423584040598,-0.010710543764893554,0.11289259602512615,0.11289259602512615,0.14947786270987584,0.18621468936553992
116,3,-0.016278671576904446,0.0011548117443259062,0.3437632813118004,0.35404311691200424,-0.01743348332123035,-0.010279835600203902,-0.04214732596080084,0.11536402018329729,0.11536402018329729,0.08897250111500288,0.18518956037002657
296,3,-0.09374552282738552,0.007368112313618819,-0.258662660332648,-0.36311165651999194,-0.10111363514100434,0.10444899618734399,-1.2427050546386256,0.09162805066419526,0.09162805066419524,0.16902532745998158,0.18494122660110465
561,3,0.12958815655500605,-0.008697867761789088,0.0290074978243583,-0.1418928528745252,0.13828602431679515,0.17090035069888346,0.010363054589516363,0.09766244465039646,0.09766244465039646,0.14804852378036787,0.18466674696570376
337,5,0.22579725762570022,-0.016537355328438103,-0.1035057689853617,-0.16320975316665487,0.24233461295413833,0.05970398418129317,-0.06941645049785727,0.07545052002883328,0.07545052002883328,0.24918754267681514,0.18288357204924552
168,1,0.02988734053245513,-0.0023082639543424324,-0.1815865524596086,-0.0969137913127073,0.03219560448679756,-0.08467276114690131,0.11113299900530982,0.06957059005251777,0.06957059005251777,0.14000896408237046,0.18232175753568208
334,3,0.16534734380358193,-0.01268732444243701,-0.19768229750698288,-0.22028275389262075,0.1780346682460189,0.022600456385637846,0.11193873103945318,0.08517145505097312,0.08517145505097312,0.18578697332598093,0.18216505263046215
482,1,-0.07895216311000168,0.005144187524830372,-0.2248395166133445,-0.07878867898233355,-0.08409635063483205,-0.14605083763101095,0.07481836717570922,0.0810421171866955,0.0810421171866955,0.1016479965315375,0.18139878921621372
433,3,0.12658701587093568,-0.009254732750807588,-0.2258389027625041,-0.23541920509700734,0.13584174862174328,0.009580302334503243,0.32240078649990167,0.09716815981876221,0.09716815981876223,0.13694366078824013,0.1777621928376013
119,1,-0.01316542629766643,0.0009339575920621749,-0.0719942770951733,-0.1681543461230453,-0.014099383889728605,0.09616006902787201,-0.053422260571045266,0.08065080836165174,0.08065080836165174,0.09460124586286114,0.17703415087889018
424,1,-0.08867791085315697,0.005938445506963474,-0.0939030660539314,-0.10533247226030515,-0.09461635636012045,0.011429406206373754,0.014967650580163167,0.07450314076820101,0.07450314076820101,0.109322813723378,0.1744580019501917
574,3,-0.09584336084943866,0.006799144402139734,-0.2205511357215236,-0.2258477394150964,-0.1026425052515784,0.005296603693572793,-1.8527722406035247,0.1027494593759654,0.1027494593759654,0.10910629121655531,0.1729514036435087
53,1,0.007471771607034426,-0.0005157552025848644,0.039627583186527,0.06594771017015225,0.00798752680961929,-0.026320126983625243,-0.007018700528964139,0.07101225414478426,0.07101225414478426,0.11529687672535235,0.17174007922972137
92,8,-0.07086487437504958,0.004859977375716299,-0.160566413754832,-0.0385134995167673,-0.07572485175076588,-0.12205291423806469,-0.39972329412966223,0.10150344969622078,0.10150344969622078,0.161656463046344,0.17085668631625311
106,1,-0.09135801538733967,0.005892682911716199,-0.1753978123588522,-0.108003579038702,-0.09725069829905587,-0.06739423332015021,0.23587981662051716,0.062022448769436724,0.062022448769436724,0.14039105801120882,0.1698495396237265
473,1,0.0009153732656503816,0.00014234403037750444,-0.2641389577317702,-0.2235937858072537,0.0007730292352728772,-0.04054517192451651,0.1043378800854673,0.07067243332303573,0.07067243332303573,0.11216253111851544,0.1695203933199141
548,1,0.06330774932986938,0.03375244097004966,-0.3471545790498503,-0.2867746209766688,0.029555308359819718,-0.06037995807318153,-0.054431635470925555,0.0714859437751004,0.0714859437751004,0.10635063586976658,0.1678283517071878
107,8,-0.19624308457539452,0.013994495828077859,0.0069638276876572,0.0069638276876572,-0.21023758040347237,0.0,-0.31885653142569614,0.08586139429512923,0.08586139429512923,0.21035493219869172,0.16717548807829133
29,1,0.06422600546674989,-0.004458974240894883,0.024938901331492,0.024938901331492,0.06868497970764477,0.0,0.03755094717878338,0.07144475337246421,0.07144475337246421,0.10421373981830666,0.16663486957994794
184,1,-0.030230460407963584,0.0021271353447160405,-0.1176918776673844,-0.1060156176885877,-0.03235759575267962,-0.011676259978796705,-0.11859744064177846,0.07084749253423953,0.07084749253423953,0.10557417165326441,0.16634786308560687
448,1,-0.01769576846706496,0.0011989200664365538,-0.3732831992582265,-0.3373567959331505,-0.018894688533501514,-0.03592640332507602,0.1940458627786934,0.08043455874781176,0.08043455874781176,0.07027959945949824,0.1638742813342749
139,8,-0.07069636621557004,0.005863986374625377,-0.3634064059942239,-0.3087847309340913,-0.07656035259019542,-0.0546216750601326,-0.7309370846887935,0.10196684172587787,0.10196684172587787,0.14153607843173382,0.1607940295306588
277,1,-0.0192033517240554,0.01179554904812522,-0.1179192927827236,-0.1266038533325083,-0.03099890077218062,0.008684560549784684,0.007034494045326634,0.06998249407887962,0.06998249407887962,0.09387636995652489,0.15874076270213391
552,6,0.03682689270198094,0.037402380409863926,-0.0917687254317226,-0.17425096958137554,-0.0005754877078829879,0.08248224414965294,-0.24638412005833565,0.10201832972917309,0.1020183297291731,0.13793941617675315,0.1576046816448787
45,1,0.010727064674504983,-0.0007652265754316682,0.0062129150016536,-0.038736081816204096,0.011492291249936651,0.044948996817857696,0.32040807854550724,0.05927298939347132,0.05927298939347132,0.12458248696145673,0.1569155740855513
18,3,0.0288557303189548,-0.002069615060607478,-0.0630270584105934,-0.14456185808458416,0.030925345379562277,0.08153479967399076,-0.07896907157415245,0.09289465554525796,0.09289465554525796,0.1118878272203353,0.15639643174473364
88,8,0.09833079775920706,-0.006975603601726325,-0.0280790753546887,0.0311100448235318,0.10530640136093339,-0.059189120178220506,-0.047126239235311784,0.09962928637627433,0.09962928637627433,0.1344512079931214,0.15242228004300112
474,1,0.046656510495350266,-0.003386865733735303,-0.1548026012538366,-0.19490962915752205,0.05004337622908557,0.04010702790368545,-0.18969581615987918,0.058346205334157145,0.058346205334157145,0.11860117311795026,0.15221245561296606
412,3,0.015725566187899682,-0.0002981841959051357,-0.13361613841037,-0.2353227522030117,0.016023750383804818,0.10170661379264168,-0.4011656290603778,0.09158686026155906,0.09158686026155906,0.10821528237915673,0.15201617040971221
96,1,-0.03711005344414833,0.002882338825076703,-0.0424814985219699,-0.0622562136673373,-0.03999239226922503,0.019774715145367404,-0.11300800280233259,0.05881989496447328,0.05881989496447328,0.11475105034283056,0.15098204104039492
51,3,0.025745179914378736,-0.0012888307363553872,0.5616375970341408,0.40238049577744023,0.02703401065073412,0.15925710125670056,-0.05161519839384221,0.08953763773040883,0.08953763773040882,0.11175168995315875,0.1501716221656605
81,8,-0.005745206757299043,-0.0005950941757300119,0.0615009895064123,0.09131242294898495,-0.005150112581569031,-0.02981143344257265,0.12679691486582212,0.0875604984038719,0.0875604984038719,0.17228689430035052,0.14972463349923198
570,1,-0.033057173629130646,0.0023450815480535996,0.1090059628791951,0.1161662627464619,-0.03540225517718425,-0.007160299867266795,-0.060779654630998936,0.06564720420142107,0.06564720420142107,0.08794262555464533,0.14833982463310846
24,8,-0.06944160630834835,0.00517181701288778,0.127418282834732,0.07888737456403874,-0.07461342332123613,0.04853090827069326,-0.8422775866516706,0.08467717021933889,0.08467717021933889,0.17942377666943374,0.1480441362142963
367,1,0.008434624148083747,-0.0012720293861509585,-0.1689911382063688,-0.2043060980994612,0.009706653534234704,0.03531495989309241,-0.43084251069572854,0.05479353310678612,0.05479353310678612,0.1178476957287238,0.14585111273093238
156,8,0.022994449611020425,-0.0016312301860808233,-0.1184171430469268,-0.1207113498863735,0.024625679797101247,0.0022942068394466997,0.5313956591868556,0.09344042838018742,0.09344042838018742,0.14097204096037394,0.1440239137530267
273,6,0.08967857654311756,-0.002603649838023929,-0.1876444534814844,-0.1534523323817742,0.09228222638114149,-0.034192121099710204,0.39028443284318337,0.08260735248687055,0.08260735248687055,0.17782252806180474,0.1416697266855165
46,1,-0.03123447989708044,0.0022296445835515394,-0.0999711461868158,-0.01910673617147325,-0.03346412448063198,-0.08086441001534254,-0.2736009380823974,0.060591082277829264,0.060591082277829264,0.0911474808365685,0.14153687360638462
221,1,0.09512808361191026,-0.006748402512639788,-0.0577803331377348,0.02568754966472735,0.10187648612455005,-0.08346788280246215,-0.05992565944792183,0.04576253732880239,0.04576253732880239,0.13437070927723993,0.13938171104328537
485,1,-0.047809488974945434,0.0022788362251806513,-0.456518658548459,-0.391336119605905,-0.050088325200126085,-0.06518253894255405,-0.12493352700088023,0.06375244568015652,0.06375244568015652,0.07377449174011692,0.13770400649813308
252,8,-0.027600402082051112,0.0019579772417181907,-0.0287935706095858,-0.0304561448770907,-0.029558379323769302,0.0016625742675049002,-0.0021536314246921586,0.12029657089898053,0.12029657089898053,0.03297933589619326,0.13706635254092317
131,8,0.09777440112352001,-0.006572168978663907,0.039508696803321,-0.0476274015494089,0.10434657010218391,0.0871360983527299,0.0,0.08745752239728144,0.08745752239728144,0.14870871330092367,0.13668533844842054
173,8,-0.02125491308083062,0.0013806143659745172,-0.0378287968927237,0.0582670093241444,-0.022635527446805137,-0.0960958062168681,-0.3205630753038802,0.08748841519925857,0.08748841519925857,0.14797252687091345,0.13634406623593834
217,8,0.06776790574147326,-0.005496971290282446,-0.1411916520372576,-0.2136120189362331,0.0732648770317557,0.07242036689897552,0.14566839513393903,0.07978580990629183,0.07978580990629183,0.16578082128458405,0.13116998143698833
489,8,0.08445941979103976,-0.005927048445939121,-0.1813803753560449,-0.22148343222310285,0.09038646823697888,0.04010305686705795,0.20450210240358935,0.08387395736793327,0.08387395736793327,0.14788363894097692,0.1293168011188011
1,1,0.05402150573648754,-0.0030199837522478287,0.0977502409917328,0.0572833650871985,0.05704148948873537,0.040466875904534294,-0.1421950550670259,0.052116156935434046,0.052116156935434046,0.09349957187514203,0.1285451045355265
75,8,0.12376876132845457,-0.00908623690709515,0.034336230048914,0.0299309480927111,0.13285499823554972,0.004405281956202899,0.07775322652698113,0.06194006796416435,0.06194006796416435,0.22259632404193064,0.12765433135174856
NA_109,1,0.7108433734939759,0.6495726495726496,1.0,1.0,0.061270723921326264,0.0,0.0,0.061270723921326334,0.061270723921326334,0.06127072392132632,0.12695838582777835
9,8,-0.06365403156812785,0.0043024804331804325,-0.0521844902412724,-0.0323517416969184,-0.06795651200130828,-0.019832748544353997,-0.4743332360191328,0.08492431263515601,0.08492431263515601,0.13831052056258503,0.12613141025527227
496,1,0.005812321474271148,0.00021181367254689007,-0.2842593906626902,-0.2995635116243899,0.0056005078017242575,0.015304120961699696,0.16329535361707848,0.05857275254865616,0.05857275254865616,0.06724998149496508,0.12557449322744868
500,1,-0.015938701131646225,0.0013968286687364693,-0.7451791565961735,-0.7451791565961735,-0.017335529800382693,0.0,-0.04435419553565767,0.06526619297703636,0.06526619297703636,0.0447902649235823,0.12499557704551505
275,3,-0.04921116269117227,0.020304258403568552,-0.0493275964097916,-0.049323310008162,-0.06951542109474082,-4.286401629596814e-06,-0.0002877400179618142,0.08672639275048914,0.08672639275048914,0.06953339998808623,0.12221409055631131
15,8,-0.01888788284021008,0.0013612231030698447,-0.0304643053370645,-0.06503114264097935,-0.020249105943279926,0.034566837303914855,-0.12499250164568565,0.0919266810833076,0.0919266810833076,0.10586931714777909,0.12198451386582852
269,3,0.05976842403809977,-0.0030442874991666153,-0.0675067630416965,-0.05561551309246815,0.06281271153726638,-0.011891249949228355,-0.1982249746081901,0.07186695499948512,0.07186695499948512,0.11915490517974704,0.12179176991276781
418,1,-0.057961931319878854,0.004214541255037619,-0.1789147027967967,-0.07000645488004754,-0.06217647257491647,-0.10890824791674915,-0.07410685584450749,0.0560086499845536,0.0560086499845536,0.06779787479323364,0.12155766295138598
406,3,0.043999614381857156,-0.0038006773860130177,-0.26176225450848,-0.2909975102349976,0.04780029176787017,0.029235255726517584,0.22871855280432607,0.07572855524662754,0.07572855524662754,0.10431756583278624,0.12085248599233167
20,1,0.05854920768021374,-0.0041534908012439,0.0976879942733533,0.06606524014986964,0.06270269848145764,0.03162275412348366,0.1905989634897014,0.048573782308722065,0.048573782308722065,0.08975248163437112,0.12062596744960834
349,3,0.034677083951717556,-0.005107668243056815,-0.025487713881245305,-0.1303168368230303,0.03978475219477437,0.104829122941785,0.04955558539066929,0.07602718566573988,0.07602718566573988,0.09556820083342273,0.11667327856918898
254,1,-0.024771195893354882,0.0017572728710670631,0.1144610765781752,0.1090202674373385,-0.026528468764421945,0.005440809140836694,-0.14200511857583575,0.05335186901451962,0.05335186901451962,0.06595329679192441,0.11612643225410199
490,6,-0.09727339406394801,0.0069005912028269655,-0.22134462896601118,-0.1440496038036413,-0.10417398526677497,-0.07729502516236991,-0.35831429438322404,0.08138193800844404,0.08138193800844404,0.13390696903641902,0.11541732868091552
NA_578,1,0.5542168674698795,0.6094017094017095,1.0,1.0,-0.05518484193182993,0.0,0.0,0.05518484193182988,0.05518484193182988,0.055184841931829876,0.11353817369681482
77,3,-0.06923810823696483,0.002566046383107565,-0.0679701107366536,-0.09826756616075555,-0.07180415462007239,0.03029745542410195,-0.18337933546166973,0.06647101225414478,0.06647101225414478,0.11811986727816053,0.11134532794277367
376,1,-0.02135400757120467,0.0013114530481266571,0.0081239845458058,-0.0859788364431118,-0.022665460619331328,0.0941028209889176,-0.018820564197784995,0.04309545875810936,0.04309545875810936,0.08465861361612058,0.10874778632404139
472,1,-0.03358276626889478,0.002875411067672567,-0.0391208657858622,0.00499830213539,-0.03645817733656735,-0.0441191679212522,-0.05327298271781933,0.045371228503758625,0.045371228503758625,0.07632378421642169,0.10818342680357196
353,3,-0.03947652268615712,0.004397246375384167,0.0442769544709966,0.1079940819141103,-0.043873769061541286,-0.0637171274431137,-0.2532755815863792,0.06623416743898672,0.06623416743898672,0.10748222234977824,0.10516488799236934
589,3,-0.05031747240095847,0.0038687084486370067,-0.2478302935251525,-0.2967792518266857,-0.05418618084959548,0.048948958301533174,-0.6154706591383479,0.060611677479147356,0.060611677479147356,0.10885258621023558,0.09560272756139443
185,1,-0.02648222626558362,0.0019255414858115277,-0.0946660748164496,-0.0858471042002312,-0.028407767751395148,-0.008818970616218405,-0.016063125050969074,0.04332200597260838,0.04332200597260838,0.056677072313888376,0.09440572153189342
480,8,-0.06510679096573427,0.0047174480573210255,-0.2801899865522186,-0.12644663393710476,-0.06982423902305529,-0.15374335261511385,-0.2064005893933154,0.07859128822984245,0.07859128822984245,0.09390066589001096,0.08971828647340031
162,3,-0.035178807809088976,0.0019753558286655887,-0.4863509344728161,-0.4614374993094889,-0.03715416363775456,-0.02491343516332717,-0.3014075411958439,0.06123983111934919,0.06123983111934919,0.09205896234897405,0.08768181774574034
47,6,0.0831829499085553,-0.005529724848624444,0.49262845485077894,0.37230794290834107,0.08871267475717975,0.12032051194243798,0.031025878734501244,0.07386468952734013,0.07386468952734013,0.09131900535736971,0.07769271978902147
521,1,0.10080529615571163,-0.007151144940960678,-0.1161003982103422,-0.1161003982103422,0.10795644109667231,0.0,0.0,0.014694676140459273,0.014694676140459273,0.10795644109667243,0.07332125624931268
84,3,-0.009184613582228426,-5.993391618794844e-05,0.0367265367440068,-0.0029674786422147,-0.009124679666040478,0.0396940153862215,-0.2977051153966943,0.04676140459272989,0.04676140459272989,0.09610861485370865,0.06333973673755801
NA_85,1,0.891566265060241,0.8606837606837607,1.0,1.0,0.030882504376480213,0.0,0.0,0.03088250437648028,0.03088250437648028,0.030882504376480283,0.05994815571191823
43,6,-0.03729928111174986,0.0026265196809553758,-0.2340814587963567,-0.31483133666434765,-0.03992580079270524,0.08074987786799095,-0.16786827337829457,0.05953042940994748,0.05953042940994748,0.08149252987433965,0.0445690782146144
NA_157,1,0.9156626506024096,0.911965811965812,1.0,1.0,0.0036968386365976436,0.0,0.0,0.0036968386365976726,0.0036968386365976726,0.003696838636597685,0.0
