artifact_key,feature_set,category,model,balance_method,feature,pos_n,neg_n,pos_mean,neg_mean,pos_median,neg_median,pos_p95,neg_p95,mean_gap,median_gap,p95_gap,ks_stat,wasserstein_distance,distribution_sep_score,threshold
RFERF_RF_SMOTE,RFERF,supervised,RF,SMOTE,103,83,1170,0.7032917842146326,-0.0512052619209145,0.6469691130288461,-0.1376096352374962,2.3240061874481497,1.5623109860062447,0.754497046135547,0.7845787482663422,0.761695201441905,0.3521470497374112,0.7639390297672425,0.9822751955192788,0.1755144641265648
RFERF_RF_SMOTE,RFERF,supervised,RF,SMOTE,59,83,1170,0.5903329662877204,-0.04257078479641221,0.2438670437447905,-0.2291242514549774,2.3813566425017894,1.9956085185254842,0.6329037510841325,0.4729912951997679,0.3857481239763052,0.36105447430748633,0.6588396210853033,0.9424868924712666,0.1755144641265648
RFERF_RF_SMOTE,RFERF,supervised,RF,SMOTE,510,83,1170,0.5769057574404554,-0.041714906459009715,0.1697321509225343,-0.2527708951926937,3.069606046929173,1.3365098767461234,0.6186206638994651,0.422503046115228,1.7330961701830494,0.26306250643600043,0.6227984098999723,0.7277708716160912,0.1755144641265648
RFERF_RF_SMOTE,RFERF,supervised,RF,SMOTE,348,83,1170,0.5236829542206037,-0.04040968603611432,0.0187708106511307,-0.1841524312444063,2.0618020100553958,1.4274639558899471,0.564092640256718,0.202923241895537,0.6343380541654486,0.24264236432911132,0.5857051879477612,0.6668386455901929,0.1755144641265648
RFERF_RF_SMOTE,RFERF,supervised,RF,SMOTE,129,83,1170,0.42531475532099694,-0.030547655679397344,0.460546058970014,0.3447014723017579,1.3410465558352778,1.117080354943316,0.45586241100039426,0.11584458666825609,0.22396620089196184,0.2628153640201833,0.45592167876014605,0.6359598331751461,0.1755144641265648
RFERF_RF_SMOTE,RFERF,supervised,RF,SMOTE,64,83,1170,0.4007753787817966,-0.030427900820421374,0.0793374662304257,-0.1296015883795223,3.0450285500365784,1.6216920965416324,0.43120327960221794,0.208939054609948,1.423336453494946,0.2245288847698486,0.5415266490840429,0.6066191585524952,0.1755144641265648
RFERF_RF_SMOTE,RFERF,supervised,RF,SMOTE,65,83,1170,0.2785470914977409,-0.021440770764142716,0.0972474690136667,-0.1561740419056232,2.549736858289646,1.4082203039941301,0.29998786226188356,0.2534215109192899,1.1415165542955157,0.21598187622284007,0.4330670837104632,0.5302596707448626,0.1755144641265648
RFERF_RF_SMOTE,RFERF,supervised,RF,SMOTE,28,83,1170,-0.42169903251282176,0.02949002396653421,-0.401189757152653,-0.07268094799345065,1.1171079021475157,1.6817221315078752,-0.451189056479356,-0.32850880915920233,-0.5646142293603595,0.20267737617135206,0.4519969167593248,0.5141440580426917,0.1755144641265648
RFERF_RF_SMOTE,RFERF,supervised,RF,SMOTE,125,83,1170,-0.37788631848539306,0.027496032857101945,-0.540050795708347,-0.12849043071005684,0.9409325899267574,2.0616767736506234,-0.405382351342495,-0.4115603649982902,-1.120744183723866,0.21092575429924829,0.4125495035552591,0.5089707898295426,0.1755144641265648
RFERF_RF_SMOTE,RFERF,supervised,RF,SMOTE,79,83,1170,0.32556138090128606,-0.026855962926328875,0.2852801393533037,-0.1596350208452765,2.3400970491248048,1.9908602461922287,0.3524173438276149,0.44491516019858024,0.3492368029325761,0.22275769745649263,0.36896744601931286,0.5086658415817078,0.1755144641265648
RFERF_RF_SMOTE,RFERF,supervised,RF,SMOTE,122,83,1170,-0.3764760504581225,0.026843353365925457,-0.5171176699640857,-0.0208077164944322,0.8089604869626448,2.3014908102036946,-0.40331940382404796,-0.4963099534696535,-1.4925303232410498,0.1982494078879621,0.41408642560127107,0.4845872848769551,0.1755144641265648
RFERF_RF_SMOTE,RFERF,supervised,RF,SMOTE,477,83,1170,0.21608533858956308,-0.015556459384958185,-0.0217364255944852,-0.107769708240094,0.6164201349385624,0.309009388086761,0.23164179797452128,0.0860332826456088,0.3074107468518014,0.24244670991658943,0.24954698416412907,0.482494874125606,0.1755144641265648
RFERF_RF_SMOTE,RFERF,supervised,RF,SMOTE,377,83,1170,-0.29433527384633895,0.01999693109349759,-0.3714959728317686,0.0554598948876092,1.1228495641860532,1.549805431905431,-0.31433220493983655,-0.4269558677193778,-0.4269558677193779,0.2218412109978375,0.3179814003904293,0.47894125399335796,0.1755144641265648
RFERF_RF_SMOTE,RFERF,supervised,RF,SMOTE,21,83,1170,0.41379949742376393,-0.02926183058165467,0.2545778489965707,0.1472925971725681,4.287162251931244,0.8324390923228757,0.4430613280054186,0.10728525182400261,3.4547231596083687,0.17966223869838327,0.4618921928433132,0.47376139216839364,0.1755144641265648
RFERF_RF_SMOTE,RFERF,supervised,RF,SMOTE,102,83,1170,-0.1966074659755045,0.013502952469843354,-0.3005768479479141,-0.0310065500261438,2.009704788645924,1.6828508024157782,-0.21011041844534784,-0.26957029792177034,0.3268539862301456,0.20091648645865515,0.3679473962669662,0.4646460136356729,0.1755144641265648
RFERF_RF_SMOTE,RFERF,supervised,RF,SMOTE,33,83,1170,0.3225567825414758,-0.022895406656336468,-0.1057833327067178,-0.1448918629162779,0.5129041261370826,0.4893847847458902,0.3454521891978123,0.039108530209560094,0.023519341391192383,0.19950571516836577,0.3454521891978126,0.44952877487890425,0.1755144641265648
RFERF_RF_SMOTE,RFERF,supervised,RF,SMOTE,130,83,1170,0.3358811651012257,-0.025188567071226152,0.375682084102417,0.15313338695566975,1.3459944036622313,1.3124596684757361,0.3610697321724518,0.22254869714674724,0.03353473518649519,0.17769539697250541,0.3623853664411778,0.4153948891687832,0.1755144641265648
RFERF_RF_SMOTE,RFERF,supervised,RF,SMOTE,0,83,1170,-0.11906898517712831,0.007527423893436662,-0.348133659792372,-0.02654051226281555,2.3827587379198105,1.5897803741856915,-0.12659640907056496,-0.3215931475295564,0.792978363734119,0.1877149624137576,0.3047220852846911,0.40377789791627483,0.1755144641265648
RFERF_RF_SMOTE,RFERF,supervised,RF,SMOTE,124,83,1170,0.3274434570633101,-0.024386598271365457,0.2991009479565267,-0.2236608866797079,2.39014828650145,1.6931325069864755,0.35183005533467554,0.5227618346362346,0.6970157795149745,0.17331891669241067,0.3519789903302984,0.40099153275810695,0.1755144641265648
RFERF_RF_SMOTE,RFERF,supervised,RF,SMOTE,14,83,1170,-0.3003407025322141,0.022083549076890138,-0.2963467085002608,-0.0212044375124078,1.4701834760699442,1.6019505326398344,-0.32242425160910426,-0.275142270987853,-0.1317670565698903,0.17658325610132838,0.32826944315684353,0.3945127367361311,0.1755144641265648
RFERF_RF_SMOTE,RFERF,supervised,RF,SMOTE,316,83,1170,-0.2901502796518953,0.020752210529895024,-0.3850173040371883,-0.1203553963759352,1.296310843164253,1.883612681680164,-0.31090249018179034,-0.2646619076612531,-0.587301838515911,0.17751004016064256,0.32056525660487134,0.3921410064312275,0.1755144641265648
RFERF_RF_SMOTE,RFERF,supervised,RF,SMOTE,41,83,1170,0.04221000695708845,-0.003035744775612548,-0.0647180506299564,-0.1220194308928946,0.9480611068745126,0.8948526823446417,0.045245751732701,0.0573013802629382,0.05320842452987096,0.20296570898980537,0.18614574186828645,0.36923718825918794,0.1755144641265648
RFERF_RF_SMOTE,RFERF,supervised,RF,SMOTE,428,83,1170,-0.08051365399862534,0.006057800126308834,-0.095168249845197,-0.1559747619007941,0.10563528569869085,0.1503523837377801,-0.08657145412493418,0.06080651205559709,-0.04471709803908924,0.20489136031304706,0.16975769435203772,0.3641010622638405,0.1755144641265648
RFERF_RF_SMOTE,RFERF,supervised,RF,SMOTE,282,83,1170,0.1871897008165811,-0.013700301758300866,0.2858712954028456,-0.1041559593904829,1.5159572528279561,1.1724332476446027,0.20089000257488196,0.3900272547933285,0.34352400518335346,0.18074348676758314,0.2558125924524354,0.36314088475787815,0.1755144641265648
RFERF_RF_SMOTE,RFERF,supervised,RF,SMOTE,452,83,1170,-0.27354000088779873,0.019479005130219353,-0.4043036715763059,-0.06177385250761465,1.1384619911055023,1.7231597916136403,-0.29301900601801806,-0.3425298190686913,-0.584697800508138,0.16670785706930286,0.2987212359131517,0.3586922273152277,0.1755144641265648
RFERF_RF_SMOTE,RFERF,supervised,RF,SMOTE,63,83,1170,0.26828996516332054,-0.019445723552891328,-0.0809845807401488,-0.1091560821917054,2.3943664462129113,1.1050922531564646,0.28773568871621186,0.0281715014515566,1.2892741930564466,0.15626609000102976,0.32671337698802105,0.35323227009015373,0.1755144641265648
RFERF_RF_SMOTE,RFERF,supervised,RF,SMOTE,571,83,1170,-0.06831322743330434,0.004846152031593081,0.3687776556054301,0.0280982101774342,1.305409800074008,1.3203349774857684,-0.07315937946489742,0.3406794454279959,-0.01492517741176047,0.1637009576768613,0.29612109280244603,0.3512859597266963,0.1755144641265648
RFERF_RF_SMOTE,RFERF,supervised,RF,SMOTE,295,83,1170,0.3387913174754383,-0.023719525606852893,-0.0824906996668492,-0.19678010700448434,4.6918196462842054,0.6814173645095293,0.3625108430822912,0.11428940733763514,4.0104022817746765,0.14307486355679128,0.3700334114462767,0.35068900689598304,0.1755144641265648
RFERF_RF_SMOTE,RFERF,supervised,RF,SMOTE,76,83,1170,-0.19051722372197397,0.02073803413014714,-0.1553787392295526,0.051231220409151,1.5984104399065147,1.5440630374798128,-0.2112552578521211,-0.2066099596387036,0.054347402426701885,0.17723200494284833,0.2237358056909595,0.3386001733283007,0.1755144641265648
RFERF_RF_SMOTE,RFERF,supervised,RF,SMOTE,133,83,1170,0.24239293400394352,-0.017510520973872158,0.1222732321194762,-0.015157755383009,1.5446900499745626,1.5574027211787602,0.2599034549778157,0.1374309875024852,-0.012712671204197612,0.15659561322211923,0.29254310872665173,0.3351891331666378,0.1755144641265648
RFERF_RF_SMOTE,RFERF,supervised,RF,SMOTE,425,83,1170,0.12091581100697901,-0.009206374604133266,-0.1577811387274507,-0.2503519318361473,1.198067784417718,1.2334963240566024,0.13012218561111227,0.09257079310869659,-0.03542853963888426,0.18741633199464525,0.17542337678097664,0.3324280672906729,0.1755144641265648
RFERF_RF_SMOTE,RFERF,supervised,RF,SMOTE,55,83,1170,0.012895445055161875,-2.322829379847436e-05,-0.2329416312432057,-0.0576745531609328,2.065004503613262,1.8527365979358403,0.012918673348960349,-0.17526707808227288,0.2122679056774215,0.1625476264030481,0.26334811309178363,0.3310567362457536,0.1755144641265648
RFERF_RF_SMOTE,RFERF,supervised,RF,SMOTE,288,83,1170,0.14927894458342794,-0.011266685802115352,0.1235296527313173,-0.1230693346215914,1.3852944713536963,1.2743249270448511,0.1605456303855433,0.2465989873529087,0.1109695443088452,0.17305117907527545,0.22404616047934733,0.33045061947523796,0.1755144641265648
RFERF_RF_SMOTE,RFERF,supervised,RF,SMOTE,137,83,1170,0.17975941878354607,-0.012401486405692901,0.3086368998808477,-0.089966850240949,1.466128272819071,1.7192512822563184,0.19216090518923898,0.3986037501217967,-0.2531230094372474,0.16874678199979404,0.23509813105062988,0.3279332616232057,0.1755144641265648
RFERF_RF_SMOTE,RFERF,supervised,RF,SMOTE,582,83,1170,0.2553901563035078,-0.017660026101505157,0.3183346211040398,-0.0119429441999272,2.2489571164718085,1.60941964911046,0.27305018240501294,0.330277565303967,0.6395374673613485,0.1462774173617547,0.3136199584357518,0.3261908433637609,0.1755144641265648
RFERF_RF_SMOTE,RFERF,supervised,RF,SMOTE,486,83,1170,0.1653576477238005,-0.01348965394572058,0.016714152476091,-0.17390700468231565,1.8892732327207646,1.9259313744780318,0.17884730166952106,0.19062115715840666,-0.036658141757267115,0.17918854906806714,0.1889039633309857,0.3234326003368103,0.1755144641265648
RFERF_RF_SMOTE,RFERF,supervised,RF,SMOTE,460,83,1170,0.1801710802898646,-0.013018770126975089,-0.146366522143721,-0.22451599674738926,2.1774927306133534,1.8327735637813292,0.19318985041683967,0.07814947460366825,0.3447191668320242,0.169622078055813,0.2151311922193433,0.3187485814292843,0.1755144641265648
RFERF_RF_SMOTE,RFERF,supervised,RF,SMOTE,35,83,1170,-0.03151782773156804,0.0020980272960546826,-0.1726907490294817,-0.1553755152220539,0.041710886117151194,0.043117071075625,-0.033615855027622724,-0.017315233807427804,-0.001406184958473805,0.19697250540624034,0.10943841868431804,0.3153351400991293,0.1755144641265648
RFERF_RF_SMOTE,RFERF,supervised,RF,SMOTE,333,83,1170,0.20572933692786868,-0.014944564147697712,-0.0334140756342098,-0.08066970804367804,0.5674204131391213,0.37712801264996526,0.2206739010755664,0.04725563240946824,0.19029240048915602,0.15275460817629494,0.25775499948752995,0.3085090008269447,0.1755144641265648
RFERF_RF_SMOTE,RFERF,supervised,RF,SMOTE,144,83,1170,-0.2007756818203348,0.014840782575800338,-0.3701842845049647,-0.1887478866870145,1.3462203111755164,1.8853223613736088,-0.21561646439613516,-0.1814363978179502,-0.5391020501980923,0.1593141797961075,0.23321483642385582,0.3081328234663344,0.1755144641265648
RFERF_RF_SMOTE,RFERF,supervised,RF,SMOTE,56,83,1170,0.2281230927111355,-0.015453384663354951,0.4347525596944844,0.2906688044599451,1.0211734434990576,1.04782893821746,0.24357647737449045,0.1440837552345393,-0.02665549471840234,0.1466275357841623,0.2553324422751152,0.29499110847877164,0.1755144641265648
RFERF_RF_SMOTE,RFERF,supervised,RF,SMOTE,91,83,1170,0.07668116136219738,-0.005281938497222076,0.1055105095573893,-0.0209631199010839,1.260598684316962,1.6802201191988262,0.08196309985941946,0.1264736294584732,-0.4196214348818641,0.154762640304809,0.22182139927102218,0.292840973033129,0.1755144641265648
RFERF_RF_SMOTE,RFERF,supervised,RF,SMOTE,280,83,1170,-0.19125403380620762,0.013262983495224088,-0.2617418217641674,-0.1676321209516629,0.989917199042143,1.46517118814529,-0.2045170173014317,-0.09410970081250447,-0.475253989103147,0.15355782102770055,0.22010764130278374,0.2895057013623918,0.1755144641265648
RFERF_RF_SMOTE,RFERF,supervised,RF,SMOTE,281,83,1170,-0.20095990837102332,0.014229668346613421,-0.3460462940242044,-0.1971477467696444,1.5914960521259989,1.7013087307262522,-0.21518957671763675,-0.14889854725456,-0.10981267860025334,0.15280609617959015,0.21713418162501605,0.28638269697311114,0.1755144641265648
RFERF_RF_SMOTE,RFERF,supervised,RF,SMOTE,200,83,1170,0.23871624589822799,-0.01684079574871647,0.0155096589659849,-0.057164779815555955,0.8315852547435217,0.7514311839413989,0.2555570416469445,0.07267443878154085,0.08015407080212289,0.1367624343527958,0.269327748371516,0.28301922389027157,0.1755144641265648
RFERF_RF_SMOTE,RFERF,supervised,RF,SMOTE,416,83,1170,-0.20901293890429376,0.01276499833123749,-0.4415347746160978,-0.1530919453867149,1.2996551697561023,1.7193984431668188,-0.22177793723553124,-0.2884428292293829,-0.4197432734107165,0.1340335701781485,0.27343336676048957,0.27983578176626944,0.1755144641265648
RFERF_RF_SMOTE,RFERF,supervised,RF,SMOTE,468,83,1170,-0.13618596076564696,0.009867605696281326,-0.5310808755522319,-0.29347781251061145,2.0124875806665803,2.1004916215693177,-0.1460535664619283,-0.2376030630416205,-0.08800404090273739,0.15479353310678612,0.19638047843209416,0.278980518197636,0.1755144641265648
RFERF_RF_SMOTE,RFERF,supervised,RF,SMOTE,37,83,1170,0.12398544223598343,-0.00830850661088907,0.1698134591005763,0.0268477368036215,1.504482195408519,1.563294558420993,0.1322939488468725,0.1429657222969548,-0.058812363012473945,0.14782205746061167,0.22088298392575195,0.2785164442266984,0.1755144641265648
RFERF_RF_SMOTE,RFERF,supervised,RF,SMOTE,183,83,1170,0.1408604676062957,-0.010115319192433983,0.4657879776212821,0.01972771604086285,1.3219823290009218,1.490256533140855,0.1509757867987297,0.4460602615804192,-0.16827420413993321,0.14826485428895067,0.20036174982926966,0.26816781302057713,0.1755144641265648
RFERF_RF_SMOTE,RFERF,supervised,RF,SMOTE,57,83,1170,-0.18687531063459403,0.013460956350731515,-0.1299185746106598,0.037084147270272,1.7405119104556799,1.7309688977767843,-0.20033626698532556,-0.1670027218809318,0.009543012678895568,0.14162290186386572,0.22026790684321854,0.2658442139064349,0.1755144641265648
RFERF_RF_SMOTE,RFERF,supervised,RF,SMOTE,16,83,1170,0.20973333914139136,-0.015070001707148123,0.1576640570411457,-0.0049921090990383,1.7406314739149924,1.5274243228077116,0.22480334084853948,0.162656166140184,0.21320715110728083,0.13830707445165277,0.2287429236319888,0.2638838264014575,0.1755144641265648
RFERF_RF_SMOTE,RFERF,supervised,RF,SMOTE,423,83,1170,0.20342186880349952,-0.014787558908503516,-0.1396352764160621,-0.2464919927686029,2.3433287096771576,1.7932484402390036,0.21820942771200305,0.10685671635254079,0.5500802694381539,0.13495005663680362,0.2396271714368368,0.2631598678421544,0.1755144641265648
RFERF_RF_SMOTE,RFERF,supervised,RF,SMOTE,488,83,1170,-0.19021890188223214,0.010388066864895474,-0.1687238193389359,-0.00056516930096165,1.8997461926084172,1.8737480748931126,-0.2006069687471276,-0.16815865003797426,0.02599811771530458,0.14374420759962928,0.20564361691499292,0.26206259252583874,0.1755144641265648
RFERF_RF_SMOTE,RFERF,supervised,RF,SMOTE,484,83,1170,-0.18001138237809836,0.011891266911411185,-0.3984875523066974,-0.3406722580884358,1.4851529616973707,2.247842134268663,-0.19190264928950954,-0.05781529421826159,-0.7626891725712925,0.14573164452682524,0.19190264928950948,0.2584979635502986,0.1755144641265648
RFERF_RF_SMOTE,RFERF,supervised,RF,SMOTE,126,83,1170,0.12370606920593522,-0.010314295386232483,0.0417439170594482,-0.0639999994404245,1.54800726097985,1.663150636724155,0.1340203645921677,0.1057439164998727,-0.115143375744305,0.14455771805169396,0.1942599995835537,0.2574519806475328,0.1755144641265648
RFERF_RF_SMOTE,RFERF,supervised,RF,SMOTE,58,83,1170,0.16598006957965386,-0.010659359866617632,0.1634775881256426,-0.2836427795959482,1.7791275712251813,1.5582807827357836,0.17663942944627148,0.4471203677215908,0.22084678848939765,0.13728761198640715,0.20922456801418324,0.2511742594793581,0.1755144641265648
RFERF_RF_SMOTE,RFERF,supervised,RF,SMOTE,25,83,1170,-0.17940545556558268,0.012167474553454617,0.4314860143923371,0.4427276566257475,0.7501865717095219,0.7123865496996784,-0.1915729301190373,-0.011241642233410398,0.03780002200984345,0.119956750077232,0.25912674488753457,0.2439954908195094,0.1755144641265648
RFERF_RF_SMOTE,RFERF,supervised,RF,SMOTE,405,83,1170,-0.0074515160215120595,-0.00011577994668768428,-0.0537620403597826,-0.0723309945630507,1.71028860895067,1.7195730860523042,-0.007335736074824376,0.018568954203268102,-0.00928447710163427,0.14711152301513747,0.15761397186998613,0.2424801226324943,0.1755144641265648
RFERF_RF_SMOTE,RFERF,supervised,RF,SMOTE,67,83,1170,0.16585292002501692,-0.012058943111901114,-0.0571809234893684,-0.057293481531844256,-0.05573538155936998,-0.056142233801533784,0.17791186313691804,0.00011255804247585488,0.0004068522421638021,0.13991350015446402,0.18245330506452676,0.2417495651923284,0.1755144641265648
RFERF_RF_SMOTE,RFERF,supervised,RF,SMOTE,19,83,1170,0.12000897467930202,-0.008435684720770671,0.0576938510841126,0.0661008836780716,0.6663630108868058,0.6482878908097898,0.12844465940007269,-0.008407032593958995,0.01807512007701606,0.14916074554628772,0.14825527019736984,0.2414365292500376,0.1755144641265648
RFERF_RF_SMOTE,RFERF,supervised,RF,SMOTE,563,83,1170,-0.01952164570709094,0.045518959010344674,-0.0790054285279027,-0.02601385585824085,1.0582434005624048,1.725067823211024,-0.06504060471743561,-0.05299157266966185,-0.6668244226486191,0.12834929461435485,0.22015598159926025,0.23936993318397515,0.1755144641265648
RFERF_RF_SMOTE,RFERF,supervised,RF,SMOTE,90,83,1170,-0.15490007986264026,0.0112867208360612,-0.1152094003781243,0.00195802103176035,1.2117673213888553,1.5923090893917295,-0.16618680069870145,-0.11716742140988465,-0.3805417680028742,0.1337246421583771,0.19592084917848726,0.23680419956331533,0.1755144641265648
RFERF_RF_SMOTE,RFERF,supervised,RF,SMOTE,132,83,1170,0.04142552681563266,-0.0032810726303815784,0.1206272744032266,-0.153901283072972,1.5451877073477012,1.8238248554800016,0.04470659944601424,0.2745285574761986,-0.27863714813230045,0.12336525589537638,0.2328777129825432,0.23641389869325194,0.1755144641265648
RFERF_RF_SMOTE,RFERF,supervised,RF,SMOTE,31,83,1170,-0.18178969310012272,0.013276080265425145,-0.4438816427274017,-0.45355803578927,1.7886669295757365,1.874126227915408,-0.19506577336554787,0.009676393061868294,-0.08545929833967159,0.11847389558232932,0.23174365902970664,0.22606004097989207,0.1755144641265648
RFERF_RF_SMOTE,RFERF,supervised,RF,SMOTE,310,83,1170,0.15420075522474838,-0.011074368011557197,0.0648005498315571,-0.0627807073583575,1.5939530467221075,1.684626868796368,0.16527512323630558,0.1275812571899146,-0.09067382207426045,0.12440531356194007,0.20260667495895146,0.2219184072764393,0.1755144641265648
RFERF_RF_SMOTE,RFERF,supervised,RF,SMOTE,115,83,1170,-0.16543419251204122,0.011735929896151858,-0.0070384258648829,0.08786912395216485,1.0763860230592286,1.4952358661125402,-0.17717012240819308,-0.09490754981704776,-0.41884984305331163,0.12236638863144887,0.20346514430029342,0.21833094536242575,0.1755144641265648
RFERF_RF_SMOTE,RFERF,supervised,RF,SMOTE,338,83,1170,0.029856892193423124,-0.0025165544522817627,-0.0723784676738478,-0.09254195731938811,0.2670365613429043,0.31511701510541923,0.032373446645704886,0.02016348964554031,-0.04808045376251491,0.1506847904438266,0.09549208413770724,0.21559583609231814,0.1755144641265648
RFERF_RF_SMOTE,RFERF,supervised,RF,SMOTE,227,83,1170,0.14220491181666625,-0.010316440173841892,-0.1571428743829484,-0.2469039518922257,1.9917373211891534,1.539341490542397,0.15252135199050815,0.08976107750927728,0.45239583064675637,0.13041911234682318,0.16544025504803236,0.21354678798503185,0.1755144641265648
RFERF_RF_SMOTE,RFERF,supervised,RF,SMOTE,2,83,1170,-0.017925747764162222,0.0017345762587748894,-0.1441076694935351,0.033459155611486754,1.5006218779596288,1.5546049903166628,-0.01966032402293711,-0.17756682510502186,-0.05398311235703401,0.12000823808052724,0.19788283564766476,0.21058369937982044,0.1755144641265648
RFERF_RF_SMOTE,RFERF,supervised,RF,SMOTE,8,83,1170,0.03328338589454476,-0.003391569836446949,0.0214512450614831,-0.0117358699509788,1.2790397176152608,1.6934045536279716,0.036674955730991714,0.0331871150124619,-0.4143648360127108,0.10860879415096282,0.2168003538427121,0.19825220180946918,0.1755144641265648
RFERF_RF_SMOTE,RFERF,supervised,RF,SMOTE,551,83,1170,0.21596552516924986,-0.02123578683115883,-0.0014668786754071,-0.05216019608436165,0.6585736296806376,0.4246247045634657,0.23720131200040867,0.050693317408954545,0.2339489251171719,0.0813304500051488,0.30609680792642446,0.19283659190776473,0.1755144641265648
RFERF_RF_SMOTE,RFERF,supervised,RF,SMOTE,48,83,1170,-0.04551920259002518,0.0033655797487348897,-0.1262409254516723,0.00514556111124105,1.9241584577592485,1.6292454263858673,-0.04888478233876007,-0.13138648656291332,0.2949130313733812,0.11495211615693543,0.17630641338182199,0.18871539274813506,0.1755144641265648
RFERF_RF_SMOTE,RFERF,supervised,RF,SMOTE,525,83,1170,-0.05587306178230297,0.003904458864029039,-0.1782590185596625,-0.09708507477132605,1.2596804429660449,1.1759955246100426,-0.059777520646332,-0.08117394378833645,0.08368491835600222,0.1286273298321491,0.12410321940213588,0.1873606437680736,0.1755144641265648
RFERF_RF_SMOTE,RFERF,supervised,RF,SMOTE,182,83,1170,-0.09573850675954164,0.007382902430539928,-0.1787749351437653,-0.1456288239165347,0.9320933068431304,1.6186913251214767,-0.10312140919008157,-0.0331461112272306,-0.6865980182783463,0.11497271135825353,0.16591402214590384,0.18306939039319334,0.1755144641265648
RFERF_RF_SMOTE,RFERF,supervised,RF,SMOTE,39,83,1170,-0.0076312674093615114,0.0004615173755281304,-0.2304537519017632,-0.1503548085602628,0.49068369201853557,0.9171300368837484,-0.008092784784889642,-0.08009894334150042,-0.4264463448652128,0.10800123571207909,0.18029392448243195,0.17706596685646953,0.1755144641265648
RFERF_RF_SMOTE,RFERF,supervised,RF,SMOTE,344,83,1170,-0.1337363361136914,0.009372258720087458,-0.0306027816270381,0.01029700008356395,1.3192896066397595,1.6634691541626045,-0.14310859483377886,-0.04089978171060205,-0.3441795475228451,0.11569354340438678,0.14745097033959018,0.17440030942125448,0.1755144641265648
RFERF_RF_SMOTE,RFERF,supervised,RF,SMOTE,271,83,1170,0.1415578806743268,-0.010035541921606151,0.0552579537773321,-0.025392424761047548,1.794211939882228,1.6508974929435665,0.15159342259593298,0.08065037853837964,0.14331444693866158,0.10677582123365256,0.17772662967383626,0.17322263560233725,0.1755144641265648
RFERF_RF_SMOTE,RFERF,supervised,RF,SMOTE,586,83,1170,0.09700029092128427,-0.007180107037268436,0.1071251793737314,-0.0823690564666746,1.6535629214278267,1.6642734651927202,0.10418039795855272,0.18949423584040598,-0.010710543764893554,0.11289259602512615,0.14947786270987584,0.16993589707380574,0.1755144641265648
RFERF_RF_SMOTE,RFERF,supervised,RF,SMOTE,92,83,1170,-0.07086487437504958,0.004859977375716299,-0.160566413754832,-0.0385134995167673,1.0263981772103465,1.4261214713400088,-0.07572485175076588,-0.12205291423806469,-0.39972329412966223,0.10150344969622078,0.161656463046344,0.15393718092053402,0.1755144641265648
RFERF_RF_SMOTE,RFERF,supervised,RF,SMOTE,107,83,1170,-0.19624308457539452,0.013994495828077859,0.0069638276876572,0.0069638276876572,1.1947368400284142,1.5135933714541103,-0.21023758040347237,0.0,-0.31885653142569614,0.08586139429512923,0.21035493219869172,0.14946025331056972,0.1755144641265648
RFERF_RF_SMOTE,RFERF,supervised,RF,SMOTE,139,83,1170,-0.07069636621557004,0.005863986374625377,-0.3634064059942239,-0.3087847309340913,1.2857223328059553,2.0166594174947488,-0.07656035259019542,-0.0546216750601326,-0.7309370846887935,0.10196684172587787,0.14153607843173382,0.14384888709792137,0.1755144641265648
RFERF_RF_SMOTE,RFERF,supervised,RF,SMOTE,552,83,1170,0.03682689270198094,0.037402380409863926,-0.0917687254317226,-0.17425096958137554,1.1052148487908586,1.3515989688491943,-0.0005754877078829879,0.08248224414965294,-0.24638412005833565,0.1020183297291731,0.13793941617675315,0.1419831562513129,0.1755144641265648
RFERF_RF_SMOTE,RFERF,supervised,RF,SMOTE,88,83,1170,0.09833079775920706,-0.006975603601726325,-0.0280790753546887,0.0311100448235318,1.4458360091993792,1.492962248434691,0.10530640136093339,-0.059189120178220506,-0.047126239235311784,0.09962928637627433,0.1344512079931214,0.13532038275349673,0.1755144641265648
RFERF_RF_SMOTE,RFERF,supervised,RF,SMOTE,81,83,1170,-0.005745206757299043,-0.0005950941757300119,0.0615009895064123,0.09131242294898495,1.5338857252146714,1.4070888103488493,-0.005150112581569031,-0.02981143344257265,0.12679691486582212,0.0875604984038719,0.17228689430035052,0.13200947305486438,0.1755144641265648
RFERF_RF_SMOTE,RFERF,supervised,RF,SMOTE,24,83,1170,-0.06944160630834835,0.00517181701288778,0.127418282834732,0.07888737456403874,0.7428899670795247,1.5851675537311953,-0.07461342332123613,0.04853090827069326,-0.8422775866516706,0.08467717021933889,0.17942377666943374,0.13017745022223776,0.1755144641265648
RFERF_RF_SMOTE,RFERF,supervised,RF,SMOTE,156,83,1170,0.022994449611020425,-0.0016312301860808233,-0.1184171430469268,-0.1207113498863735,1.030865773173927,0.4994701139870715,0.024625679797101247,0.0022942068394466997,0.5313956591868556,0.09344042838018742,0.14097204096037394,0.12657359759070927,0.1755144641265648
RFERF_RF_SMOTE,RFERF,supervised,RF,SMOTE,273,83,1170,0.08967857654311756,-0.002603649838023929,-0.1876444534814844,-0.1534523323817742,2.0090155667020007,1.6187311338588173,0.09228222638114149,-0.034192121099710204,0.39028443284318337,0.08260735248687055,0.17782252806180474,0.1251824938864105,0.1755144641265648
RFERF_RF_SMOTE,RFERF,supervised,RF,SMOTE,252,83,1170,-0.027600402082051112,0.0019579772417181907,-0.0287935706095858,-0.0304561448770907,-0.0060817774323941405,-0.003928146007701982,-0.029558379323769302,0.0016625742675049002,-0.0021536314246921586,0.12029657089898053,0.03297933589619326,0.12091800143437724,0.1755144641265648
RFERF_RF_SMOTE,RFERF,supervised,RF,SMOTE,131,83,1170,0.09777440112352001,-0.006572168978663907,0.039508696803321,-0.0476274015494089,1.3901182212707328,1.3901182212707328,0.10434657010218391,0.0871360983527299,0.0,0.08745752239728144,0.14870871330092367,0.11890197316516452,0.1755144641265648
RFERF_RF_SMOTE,RFERF,supervised,RF,SMOTE,173,83,1170,-0.02125491308083062,0.0013806143659745172,-0.0378287968927237,0.0582670093241444,1.3681990808086504,1.6887621561125306,-0.022635527446805137,-0.0960958062168681,-0.3205630753038802,0.08748841519925857,0.14797252687091345,0.11856058627066032,0.1755144641265648
RFERF_RF_SMOTE,RFERF,supervised,RF,SMOTE,217,83,1170,0.06776790574147326,-0.005496971290282446,-0.1411916520372576,-0.2136120189362331,1.5524103567287848,1.4067419615948458,0.0732648770317557,0.07242036689897552,0.14566839513393903,0.07978580990629183,0.16578082128458405,0.11297839897117791,0.1755144641265648
RFERF_RF_SMOTE,RFERF,supervised,RF,SMOTE,489,83,1170,0.08445941979103976,-0.005927048445939121,-0.1813803753560449,-0.22148343222310285,2.219958022275593,2.0154559198720037,0.09038646823697888,0.04010305686705795,0.20450210240358935,0.08387395736793327,0.14788363894097692,0.11131956719296711,0.1755144641265648
RFERF_RF_SMOTE,RFERF,supervised,RF,SMOTE,75,83,1170,0.12376876132845457,-0.00908623690709515,0.034336230048914,0.0299309480927111,1.440942758664494,1.363189532137513,0.13285499823554972,0.004405281956202899,0.07775322652698113,0.06194006796416435,0.22259632404193064,0.10855822539585962,0.1755144641265648
RFERF_RF_SMOTE,RFERF,supervised,RF,SMOTE,9,83,1170,-0.06365403156812785,0.0043024804331804325,-0.0521844902412724,-0.0323517416969184,1.2422328980868953,1.716566134106028,-0.06795651200130828,-0.019832748544353997,-0.4743332360191328,0.08492431263515601,0.13831052056258503,0.10817100242385697,0.1755144641265648
RFERF_RF_SMOTE,RFERF,supervised,RF,SMOTE,15,83,1170,-0.01888788284021008,0.0013612231030698447,-0.0304643053370645,-0.06503114264097935,0.6104843002387805,0.7354768018844662,-0.020249105943279926,0.034566837303914855,-0.12499250164568565,0.0919266810833076,0.10586931714777909,0.104352289419531,0.1755144641265648
RFERF_RF_SMOTE,RFERF,supervised,RF,SMOTE,490,83,1170,-0.09727339406394801,0.0069005912028269655,-0.2213446289660112,-0.1440496038036413,1.4537904028120363,1.8121046971952603,-0.10417398526677497,-0.07729502516236991,-0.35831429438322404,0.08138193800844404,0.13390696903641902,0.09871232585126996,0.1755144641265648
RFERF_RF_SMOTE,RFERF,supervised,RF,SMOTE,480,83,1170,-0.06510679096573427,0.0047174480573210255,-0.2801899865522186,-0.12644663393710476,1.6934970895130252,1.8998976789063406,-0.06982423902305529,-0.15374335261511385,-0.2064005893933154,0.07859128822984245,0.09390066589001096,0.0712667557507659,0.1755144641265648
RFERF_RF_SMOTE,RFERF,supervised,RF,SMOTE,47,83,1170,0.0831829499085553,-0.005529724848624443,0.492628454850779,0.372307942908341,1.2607356880763185,1.2297098093418173,0.08871267475717975,0.12032051194243798,0.031025878734501244,0.07386468952734013,0.09131900535736971,0.060448588030250994,0.1755144641265648
RFERF_RF_SMOTE,RFERF,supervised,RF,SMOTE,43,83,1170,-0.03729928111174986,0.0026265196809553758,-0.2340814587963567,-0.31483133666434765,1.5390881169473523,1.7069563903256468,-0.03992580079270524,0.08074987786799095,-0.16786827337829457,0.05953042940994748,0.08149252987433965,0.026547671169789427,0.1755144641265648
