artifact_key,feature_set,category,model,balance_method,feature,tp_n,fp_n,tn_n,fn_n,tp_mean,fp_mean,tn_mean,fn_mean,tp_median,fp_median,tn_median,fn_median,tp_vs_tn_smd,tp_vs_fp_smd,fp_vs_tn_smd,monitor_direction,suggested_threshold,tp_trigger_rate,fp_trigger_rate,tn_trigger_rate,group_source,threshold
RFERF_LR_SMOTE,RFERF,supervised,LR,SMOTE,0,45,188,982,38,-0.22380002907655513,-0.05285046413674946,0.01908653076683279,0.004954619440613934,-0.4009873167426543,-0.01339383244058465,-0.027541528492935098,-0.3360547306156034,-0.24629695808393048,-0.17381261465715087,-0.07308659413163597,low,-2.1872794243770555,0.0,0.02127659574468085,0.010183299389002037,train_oof,0.2526011564304778
RFERF_LR_SMOTE,RFERF,supervised,LR,SMOTE,2,45,188,982,38,0.03184945245246591,0.013592872563247014,-0.0005356474736495156,-0.07687006381016914,0.0372111503461785,-0.1095710732053563,0.06518302284371949,-0.1478613535549829,0.03209528265850631,0.018623642596186377,0.014180559472740523,low,-2.5553411916221265,0.0,0.005319148936170213,0.013238289205702648,train_oof,0.2526011564304778
RFERF_LR_SMOTE,RFERF,supervised,LR,SMOTE,8,45,188,982,38,-0.007777497502779632,-0.0008920557751742183,-0.0038700918766906107,0.08190811623348158,-0.1275521284638477,-0.0320545117953412,-0.004962989336188901,0.10882140499224374,-0.0038173540632600454,-0.007491429041348777,0.002934177532368486,low,-2.351698393553977,0.0,0.0,0.010183299389002037,train_oof,0.2526011564304778
RFERF_LR_SMOTE,RFERF,supervised,LR,SMOTE,9,45,188,982,38,-0.08817725611806321,-0.05970968206483931,0.01655735471997037,-0.03461337091688861,-0.0323517416969184,-0.06871178069490065,-0.0257408255154671,-0.10507181969288296,-0.1042785778079193,-0.029336871006437146,-0.07547051155294213,low,-2.2879302336462946,0.0,0.015957446808510637,0.010183299389002037,train_oof,0.2526011564304778
RFERF_LR_SMOTE,RFERF,supervised,LR,SMOTE,14,45,188,982,38,-0.4224179726999363,-0.09988246475910387,0.04543345803938186,-0.155775514175701,-0.5755210966222594,-0.27309423031859675,0.009642162625942498,-0.04315506621578255,-0.484454725596355,-0.2869310169301841,-0.1460442983394998,low,-2.128374386822614,0.022222222222222223,0.015957446808510637,0.010183299389002037,train_oof,0.2526011564304778
RFERF_LR_SMOTE,RFERF,supervised,LR,SMOTE,15,45,188,982,38,-0.016610592805773105,0.017488679170115002,-0.0017263143109876838,-0.021584673670464394,-0.0576886182044268,-0.1076939251267492,-0.0515600862055359,-0.0224668639275645,-0.017991529277574164,-0.02208453777005705,0.018672834949287072,low,-0.9191181641950343,0.0,0.031914893617021274,0.010183299389002037,train_oof,0.2526011564304778
RFERF_LR_SMOTE,RFERF,supervised,LR,SMOTE,16,45,188,982,38,0.2073822707872645,0.0935709029226645,-0.03586887143261123,0.2125174990344362,0.1449067106772109,0.11909301764393379,-0.0275167987728637,0.23650047089953274,0.2544506698412862,0.10173198789262,0.13004759580733777,high,1.883240666245474,0.044444444444444446,0.015957446808510637,0.010183299389002037,train_oof,0.2526011564304778
RFERF_LR_SMOTE,RFERF,supervised,LR,SMOTE,19,45,188,982,38,0.1253938163338026,0.12771261575373075,-0.034500736135441,0.11363218850949873,-0.000629937536488,0.07766055349476281,0.0650500046038197,0.0767366216726649,0.14714844983799552,-0.006173040901846937,0.15783550268199623,low,-1.8851135830309378,0.0,0.0,0.010183299389002037,train_oof,0.2526011564304778
RFERF_LR_SMOTE,RFERF,supervised,LR,SMOTE,21,45,188,982,38,0.6453710291519843,0.2403993107490228,-0.08088738513375994,0.13957005195613456,0.2735105404949241,0.22913704479565833,0.12776825906489114,0.23446186427957025,0.7633181667204593,0.30476242901376693,0.34396762533386877,high,1.634439737125309,0.1111111111111111,0.047872340425531915,0.010183299389002037,train_oof,0.2526011564304778
RFERF_LR_SMOTE,RFERF,supervised,LR,SMOTE,24,45,188,982,38,-0.0442181818558286,-0.0885308873356562,0.023110827621366674,-0.0993114510547533,0.1316457138687645,0.04878806560172725,0.07923965484696675,0.01424995405368165,-0.0666286884753642,0.04612864792234679,-0.10989265244080965,high,3.212069868078609,0.0,0.005319148936170213,0.010183299389002037,train_oof,0.2526011564304778
RFERF_LR_SMOTE,RFERF,supervised,LR,SMOTE,25,45,188,982,38,-0.32854201244901515,-0.014436447264231298,0.01726068972832728,-0.0027963750457285627,0.4174339616005731,0.4522830525241459,0.4410414102907348,0.4500347240774635,-0.36153450335666937,-0.24017948590556798,-0.033178134940116,low,-3.169942699714187,0.08888888888888889,0.03723404255319149,0.010183299389002037,train_oof,0.2526011564304778
RFERF_LR_SMOTE,RFERF,supervised,LR,SMOTE,28,45,188,982,38,-0.6415539858595996,-0.39532541542106553,0.11081925268839647,-0.1613444824969006,-0.4529821457746905,-0.41738580218856614,-0.0095717185504524,-0.3591266473831207,-0.7739447940366069,-0.25491763261195655,-0.5162553037862824,low,-2.304431577576284,0.044444444444444446,0.02127659574468085,0.010183299389002037,train_oof,0.2526011564304778
RFERF_LR_SMOTE,RFERF,supervised,LR,SMOTE,31,45,188,982,38,-0.13963801195530212,-0.18839358786413635,0.05188493730041245,-0.23170615761372612,-0.4282505462428455,-0.4865880313369933,-0.4481615858124587,-0.4710499770934164,-0.18654447455376896,0.059238981286148996,-0.23867262166482706,high,1.9511931161187297,0.0,0.0,0.010183299389002037,train_oof,0.2526011564304778
RFERF_LR_SMOTE,RFERF,supervised,LR,SMOTE,33,45,188,982,38,0.42784288465606,0.2011009929040221,-0.06577862775343161,0.1978758721426261,-0.0639636392243969,-0.0811117469246028,-0.1546520506982136,-0.1256426036796833,0.5711109684293296,0.14611587537626977,0.29541584678118704,high,1.3364199702378898,0.044444444444444446,0.03723404255319149,0.01120162932790224,train_oof,0.2526011564304778
RFERF_LR_SMOTE,RFERF,supervised,LR,SMOTE,35,45,188,982,38,0.0034032910259084183,-0.07227645893791193,0.016336727308260114,-0.07287178415489545,-0.1750404154125366,-0.15745406625321928,-0.1505315876016079,-0.1647380320406843,-0.012096011381786658,0.11994244315681911,-0.08715021462521008,low,-0.3208643260162251,0.0,0.005319148936170213,0.012219959266802444,train_oof,0.2526011564304778
RFERF_LR_SMOTE,RFERF,supervised,LR,SMOTE,37,45,188,982,38,0.2071934857912101,0.1298472760729529,-0.03475788252184864,0.025449601183741392,0.2058768845448523,0.1137863517139151,0.00398610103093445,0.0909247159412281,0.2495227888087963,0.06939834490883363,0.163789714148941,high,2.86555451105964,0.0,0.015957446808510637,0.015274949083503055,train_oof,0.2526011564304778
RFERF_LR_SMOTE,RFERF,supervised,LR,SMOTE,39,45,188,982,38,0.06770663114552884,-0.07316901679676925,0.014557790720122742,-0.09684719990857377,-0.2056509959877056,-0.20511413979909085,-0.1439125342968708,-0.24178141748156257,0.051274955061845415,0.16919170103025058,-0.08717289189039275,low,-1.5225592266627026,0.0,0.005319148936170213,0.01120162932790224,train_oof,0.2526011564304778
RFERF_LR_SMOTE,RFERF,supervised,LR,SMOTE,41,45,188,982,38,0.098889011993801,0.055240721067515514,-0.014192542717066813,-0.024909867428492206,0.1126433644696137,-0.12561698209832955,-0.1220194308928946,-0.15339875817974158,0.11815250629121835,0.03873392921452838,0.06816516716758095,high,1.3064221199474908,0.0,0.015957446808510637,0.01120162932790224,train_oof,0.2526011564304778
RFERF_LR_SMOTE,RFERF,supervised,LR,SMOTE,43,45,188,982,38,0.06061352982079153,-0.08176128484495972,0.018782229712393295,-0.1532486624792331,-0.0946701625847053,-0.327547473115385,-0.3123475906697994,-0.559548640236986,0.041441575935600376,0.15360438230461895,-0.10022127564100736,high,2.372719279455234,0.0,0.010638297872340425,0.010183299389002037,train_oof,0.2526011564304778
RFERF_LR_SMOTE,RFERF,supervised,LR,SMOTE,47,45,188,982,38,0.012432269051980442,0.1554476315598926,-0.03634820041359513,0.16696665092292032,0.4180192291048125,0.5057638819187303,0.33474062149399997,0.5617208012282047,0.04831495365537938,-0.15084050320198794,0.19164203533193988,high,1.3626088062445239,0.022222222222222223,0.03723404255319149,0.010183299389002037,train_oof,0.2526011564304778
RFERF_LR_SMOTE,RFERF,supervised,LR,SMOTE,48,45,188,982,38,-0.15158302374425695,0.0045097376409252935,0.003146535264282958,0.08008269088209141,-0.4161698354110992,0.048413577826559,-0.007624590113691749,0.08734372688141605,-0.15877688871138848,-0.1366019873174084,0.001366633231277172,low,-2.2840266571148873,0.0,0.031914893617021274,0.010183299389002037,train_oof,0.2526011564304778
RFERF_LR_SMOTE,RFERF,supervised,LR,SMOTE,55,45,188,982,38,0.0724878879931974,0.04508250443813024,-0.008658541688505812,-0.057674553160932854,0.0352958418468399,-0.0187263135870944,-0.077148672947852,-0.3108381103908826,0.08329181817801014,0.023921018788577084,0.05467340995794681,high,2.298693941056292,0.044444444444444446,0.031914893617021274,0.014256619144602852,train_oof,0.2526011564304778
RFERF_LR_SMOTE,RFERF,supervised,LR,SMOTE,56,45,188,982,38,0.19932067310678206,0.22399174751630763,-0.06129420426597874,0.2622312211899751,0.506794437311762,0.463569310741405,0.25464786565131436,0.42034418417103203,0.24871460200721998,-0.03408615662017102,0.2824840322922626,high,1.183988086914101,0.022222222222222223,0.02127659574468085,0.012219959266802444,train_oof,0.2526011564304778
RFERF_LR_SMOTE,RFERF,supervised,LR,SMOTE,57,45,188,982,38,-0.25882964164096917,0.01525704380254355,0.013117102541219637,-0.10166623444283407,0.009608801646894,0.037084147270272,0.037084147270272,-0.16570487215656815,-0.27094100548044786,-0.2723719001915356,0.0021543461536408393,low,-2.6371065806772664,0.044444444444444446,0.0,0.010183299389002037,train_oof,0.2526011564304778
RFERF_LR_SMOTE,RFERF,supervised,LR,SMOTE,58,45,188,982,38,0.11600132828606166,0.09387937336114571,-0.030672885168877822,0.22516542111153925,0.0867946754557125,-0.0583129900581533,-0.2977996250119338,0.2855803798385409,0.14356763548188725,0.024892709033687014,0.12375810235640335,high,2.2115012249717947,0.0,0.005319148936170213,0.012219959266802444,train_oof,0.2526011564304778
RFERF_LR_SMOTE,RFERF,supervised,LR,SMOTE,59,45,188,982,38,0.6970549242362272,0.5848780200602934,-0.16269336658160638,0.46395170029606786,0.5458692587160796,-0.00427854844462735,-0.26341828525646593,0.019846787797293895,1.1980097815486466,0.0711467702965983,0.797601317882639,high,2.485428096649702,0.022222222222222223,0.03723404255319149,0.010183299389002037,train_oof,0.2526011564304778
RFERF_LR_SMOTE,RFERF,supervised,LR,SMOTE,63,45,188,982,38,0.3648758197061282,0.246486743054477,-0.07035743813760136,0.153911979520522,-0.0240820114804666,-0.04672446440878085,-0.13343726516425786,-0.0952268768156816,0.6593789066645528,0.06471336242913006,0.32219028143193484,high,2.0559138012827636,0.1111111111111111,0.026595744680851064,0.010183299389002037,train_oof,0.2526011564304778
RFERF_LR_SMOTE,RFERF,supervised,LR,SMOTE,64,45,188,982,38,0.7497478366968492,0.1799520153780034,-0.07070430025555768,-0.012481479275502583,0.4704794905982912,-0.06976996298417845,-0.13365865740107497,-0.312818825392828,0.8982026402819152,0.44139359184089244,0.2661762116481709,high,2.679840204759915,0.15555555555555556,0.0425531914893617,0.010183299389002037,train_oof,0.2526011564304778
RFERF_LR_SMOTE,RFERF,supervised,LR,SMOTE,65,45,188,982,38,0.5218049693127725,0.21237526714994143,-0.06620392262549488,-0.009521448020059942,0.402233773352724,-0.12188410371212541,-0.15793092271019438,-0.15346694152192594,0.6547153796419184,0.23324039595985688,0.2865034665171335,high,2.3610023313722377,0.1111111111111111,0.047872340425531915,0.010183299389002037,train_oof,0.2526011564304778
RFERF_LR_SMOTE,RFERF,supervised,LR,SMOTE,67,45,188,982,38,-0.057144754967651736,0.15371711350545908,-0.043796110773880466,0.4299291140952823,-0.0571820868799883,-0.05724505539729065,-0.057310350695832846,-0.05717016212613425,-0.03923377621156259,-0.11464720702251713,0.2249988332227361,high,-0.05567498704381416,0.022222222222222223,0.02127659574468085,0.010183299389002037,train_oof,0.2526011564304778
RFERF_LR_SMOTE,RFERF,supervised,LR,SMOTE,75,45,188,982,38,0.2799551728958705,-0.03000900533264506,-0.005080655986521444,-0.06118883131716951,0.0167151022241025,0.0982128184138558,0.02242194494577865,0.1356577150415803,0.29673504601234857,0.23120048730401044,-0.026380444342492138,low,-3.1076430195736675,0.0,0.010638297872340425,0.010183299389002037,train_oof,0.2526011564304778
RFERF_LR_SMOTE,RFERF,supervised,LR,SMOTE,76,45,188,982,38,-0.2502662762488091,-0.1226957576400813,0.04819786391915218,-0.11976176678230087,-0.1733448226763963,-0.15687591285012284,0.1111181652319636,-0.15388156560898225,-0.30043210723739694,-0.14125867818014903,-0.1730605342503826,low,-2.422069657300599,0.022222222222222223,0.005319148936170213,0.010183299389002037,train_oof,0.2526011564304778
RFERF_LR_SMOTE,RFERF,supervised,LR,SMOTE,79,45,188,982,38,0.5602924228417465,0.20118648688858548,-0.0705137842758237,0.04759041018231974,0.5617322777291206,-0.055965468954345204,-0.1725937148316429,-0.12723828587936048,0.6735456355237035,0.3009860872016836,0.2774990303438358,high,2.8547731786166546,0.022222222222222223,0.0425531914893617,0.010183299389002037,train_oof,0.2526011564304778
RFERF_LR_SMOTE,RFERF,supervised,LR,SMOTE,81,45,188,982,38,0.10350329048481043,0.04278022806519676,-0.008899127354237387,-0.13511842717558656,0.1503773317020817,0.12371442904338095,0.0852013474252574,-0.0718135237870921,0.1173932938124588,0.054466721698408244,0.052533294374938415,high,2.2430596850413176,0.0,0.02127659574468085,0.010183299389002037,train_oof,0.2526011564304778
RFERF_LR_SMOTE,RFERF,supervised,LR,SMOTE,88,45,188,982,38,0.1956159330090991,0.07046453803990664,-0.021801211166519625,-0.016875283457770358,0.4179605790297466,0.1023476565978956,0.0228375811532749,-0.062307851534659606,0.2186987289334566,0.129123362952099,0.09224989149787256,high,2.2168284194527055,0.0,0.010638297872340425,0.010183299389002037,train_oof,0.2526011564304778
RFERF_LR_SMOTE,RFERF,supervised,LR,SMOTE,90,45,188,982,38,-0.25438311409031444,-0.1220604588935035,0.03681550880872736,-0.03709122354039444,-0.1830780542350153,-0.14656164045883985,0.03899136645209785,-0.01911674771040295,-0.2927600584401534,-0.1444173178558262,-0.15973354206118542,low,-2.2640103481289615,0.0,0.010638297872340425,0.010183299389002037,train_oof,0.2526011564304778
RFERF_LR_SMOTE,RFERF,supervised,LR,SMOTE,91,45,188,982,38,0.17459422025167054,0.0630055109391847,-0.018355299489120736,-0.03926851363849454,0.161971951279922,0.06485827151716575,-0.0209631199010839,-0.0209631199010839,0.18828574558825195,0.1393061835180117,0.08042475221190926,high,2.5775505202066937,0.0,0.0,0.010183299389002037,train_oof,0.2526011564304778
RFERF_LR_SMOTE,RFERF,supervised,LR,SMOTE,92,45,188,982,38,-0.13886811789028722,-0.06328131412779207,0.01790535701182583,0.00966528241931075,-0.2215928708738644,-0.0690267280762835,-0.0385134995167673,-0.0842833423560416,-0.15149141369364022,-0.09203573409795884,-0.08039817969720368,low,-2.2891692380666804,0.022222222222222223,0.010638297872340425,0.010183299389002037,train_oof,0.2526011564304778
RFERF_LR_SMOTE,RFERF,supervised,LR,SMOTE,102,45,188,982,38,-0.46884433946813026,-0.13261470804569342,0.04147659827118848,0.125778305265763,-0.4899178905358243,-0.1208633160000672,-0.0310065500261438,-0.032611135132821,-0.5052353424755364,-0.40066163855201026,-0.17820907687792376,low,-2.226271526173361,0.022222222222222223,0.005319148936170213,0.010183299389002037,train_oof,0.2526011564304778
RFERF_LR_SMOTE,RFERF,supervised,LR,SMOTE,103,45,188,982,38,0.86272826880209,0.503494421732891,-0.1574003133739852,0.5144854208873803,1.0065677059842526,0.49986059772890673,-0.2029911975930242,0.3200613012512036,1.1536920267698587,0.3221089302741165,0.7041537104680218,high,2.156956295629774,0.022222222222222223,0.0425531914893617,0.010183299389002037,train_oof,0.2526011564304778
RFERF_LR_SMOTE,RFERF,supervised,LR,SMOTE,107,45,188,982,38,-0.1927844941394903,-0.04767759320020277,0.025801372342657034,-0.20033878377580736,-0.0855401014717522,0.047575308782032,0.0069638276876572,0.0250133748407127,-0.22341763002661594,-0.13980002156524124,-0.0741016633203509,low,-2.5932990590494,0.022222222222222223,0.031914893617021274,0.01120162932790224,train_oof,0.2526011564304778
RFERF_LR_SMOTE,RFERF,supervised,LR,SMOTE,115,45,188,982,38,-0.29557820997314493,-0.11835561443058344,0.03664143940065921,-0.011316277097576337,-0.1323255776801448,-0.0439097813678462,0.10867615765065985,0.1276213744880319,-0.33124676594916963,-0.17603506669080296,-0.15522899529634865,low,-2.8751087803202116,0.0,0.005319148936170213,0.010183299389002037,train_oof,0.2526011564304778
RFERF_LR_SMOTE,RFERF,supervised,LR,SMOTE,122,45,188,982,38,-0.4028876013083719,-0.26362976546650696,0.08245327835624855,-0.34519921392493236,-0.7065574066679046,-0.3232465943900025,0.016858663902818,-0.3470650408176754,-0.47665767565548706,-0.1693962844659663,-0.34554247425920337,low,-1.759975282907244,0.0,0.005319148936170213,0.010183299389002037,train_oof,0.2526011564304778
RFERF_LR_SMOTE,RFERF,supervised,LR,SMOTE,124,45,188,982,38,0.3649302160218302,0.21429118223096838,-0.07008051144289168,0.2830512425071679,0.2991009479565267,0.0377200306384171,-0.2236608866797079,-0.1365339142403381,0.4386894189737801,0.15010516698977092,0.2874924992640113,high,2.1287673691833247,0.1111111111111111,0.047872340425531915,0.01120162932790224,train_oof,0.2526011564304778
RFERF_LR_SMOTE,RFERF,supervised,LR,SMOTE,125,45,188,982,38,-0.33084839145909767,-0.30922123110982486,0.09195921577541379,-0.433589126806006,-0.4864437716144117,-0.47036166438623106,-0.0826041901067694,-0.5811495141803635,-0.4205316380725563,-0.02370036590101673,-0.4022034409922392,low,-1.5678761376693908,0.06666666666666667,0.05851063829787234,0.01120162932790224,train_oof,0.2526011564304778
RFERF_LR_SMOTE,RFERF,supervised,LR,SMOTE,126,45,188,982,38,-0.01987476020961344,0.022578352997217367,-0.016611462286526338,0.29373599877697965,-0.0639999994404245,-0.018960923894181497,-0.0953315302551998,0.1455296128833968,-0.0032186916786501383,-0.04751773060294437,0.03892044669602811,high,4.717974891164911,0.0,0.005319148936170213,0.01120162932790224,train_oof,0.2526011564304778
RFERF_LR_SMOTE,RFERF,supervised,LR,SMOTE,129,45,188,982,38,0.4658398418201898,0.4017730783625472,-0.11331374325565556,0.37732452130879524,0.460546058970014,0.460546058970014,0.2260957717237532,0.47985349008139,0.5732025891696659,0.0823207268903091,0.5194895702442595,high,1.8557100112785483,0.022222222222222223,0.005319148936170213,0.010183299389002037,train_oof,0.2526011564304778
RFERF_LR_SMOTE,RFERF,supervised,LR,SMOTE,130,45,188,982,38,0.3083145271944332,0.18076548983661242,-0.06461765332242131,0.3685258678855852,0.3915348680087602,0.20861813062787235,0.1049653127787032,0.3098320586452972,0.3651693219937207,0.15508630581543653,0.24401385182198798,high,1.5804814665353697,0.0,0.02127659574468085,0.010183299389002037,train_oof,0.2526011564304778
RFERF_LR_SMOTE,RFERF,supervised,LR,SMOTE,131,45,188,982,38,0.10340850226199291,0.07751486736142718,-0.02267029813542269,0.09110243924901258,0.039508696803321,0.039508696803321,-0.0476274015494089,0.01772467221513855,0.13342163445540697,0.020889410874874656,0.10007666214373553,high,1.8257987130344795,0.044444444444444446,0.05319148936170213,0.023421588594704685,train_oof,0.2526011564304778
RFERF_LR_SMOTE,RFERF,supervised,LR,SMOTE,132,45,188,982,38,0.10722247862623041,0.00863440434291787,-0.005562243374760697,-0.03649191611796996,0.1467728513057182,-0.008233068901931,-0.19311964842670926,-0.05678914029227665,0.11441467925595822,0.09401775016130419,0.014362170116952096,high,2.0085060054719763,0.0,0.010638297872340425,0.010183299389002037,train_oof,0.2526011564304778
RFERF_LR_SMOTE,RFERF,supervised,LR,SMOTE,133,45,188,982,38,0.18483224307998264,0.18660538723965756,-0.05658770095772511,0.31055691009810754,0.1222732321194762,0.2522122796976641,-0.0351565858625062,0.3375578984894064,0.23911391220038547,-0.0018820192541712493,0.24346882957205218,high,2.1469719020373548,0.0,0.005319148936170213,0.014256619144602852,train_oof,0.2526011564304778
RFERF_LR_SMOTE,RFERF,supervised,LR,SMOTE,137,45,188,982,38,0.2589130611646346,0.16014587359061805,-0.045434993207430635,0.08602484227962552,0.3201906317684365,0.1420705985014496,-0.1583264305758465,0.030384111012826797,0.30636924911161406,0.10092786887212295,0.205433993146856,high,2.1895074263009753,0.022222222222222223,0.02127659574468085,0.010183299389002037,train_oof,0.2526011564304778
RFERF_LR_SMOTE,RFERF,supervised,LR,SMOTE,139,45,188,982,38,-0.18196002773512437,0.059699292831159614,-0.00444256924027121,0.06106323295232316,-0.3634064059942239,-0.3428690929934642,-0.3086175797159625,-0.3229056658416133,-0.18156425155832978,-0.23947877588157424,0.06427173127881332,low,-1.1134096129512383,0.0,0.0,0.010183299389002037,train_oof,0.2526011564304778
RFERF_LR_SMOTE,RFERF,supervised,LR,SMOTE,144,45,188,982,38,-0.37506598130724156,-0.2832485350686757,0.07190879858105645,0.005620725466791578,-0.3343851746216024,-0.37913406197580546,-0.1565365711373263,-0.40842424278946554,-0.4299866177377573,-0.16429897373441213,-0.3560348868104211,low,-1.1476107725902018,0.0,0.015957446808510637,0.010183299389002037,train_oof,0.2526011564304778
RFERF_LR_SMOTE,RFERF,supervised,LR,SMOTE,156,45,188,982,38,-0.022264385287002624,0.21344963886134247,-0.0428076083743859,0.07659043830604773,-0.1379179011822242,-0.1040783503003845,-0.1230055567258203,-0.0599148686410344,0.037843073804595284,-0.11682775049245765,0.2500285411479202,low,-0.4840678291179514,0.044444444444444446,0.010638297872340425,0.010183299389002037,train_oof,0.2526011564304778
RFERF_LR_SMOTE,RFERF,supervised,LR,SMOTE,173,45,188,982,38,-0.13211410241275254,-0.0766775861056587,0.016324546839158897,0.11002570586486635,-0.1516814368670571,-0.0315616790959715,0.0634896074881053,0.06140056822252085,-0.15007332717277,-0.05657278318084882,-0.092255505709444,low,-2.733733969128998,0.0,0.010638297872340425,0.01120162932790224,train_oof,0.2526011564304778
RFERF_LR_SMOTE,RFERF,supervised,LR,SMOTE,182,45,188,982,38,-0.2122893364957429,-0.038861068983229295,0.016236127100385776,0.04228221266490722,-0.3681812850136541,-0.2367806297914187,-0.09354207770231535,0.19056744710251722,-0.226925018220606,-0.18511515776131424,-0.054213357217355304,low,-1.5059689044758082,0.0,0.010638297872340425,0.010183299389002037,train_oof,0.2526011564304778
RFERF_LR_SMOTE,RFERF,supervised,LR,SMOTE,183,45,188,982,38,0.0900705197116364,0.10105813019197088,-0.03139903455319582,0.20100645853418167,0.4088876851947259,0.24359891799161937,-0.0327112424036624,0.484437816398624,0.12321824343897306,-0.010538439154278366,0.13208139588846057,high,1.9061596397351979,0.0,0.010638297872340425,0.010183299389002037,train_oof,0.2526011564304778
RFERF_LR_SMOTE,RFERF,supervised,LR,SMOTE,200,45,188,982,38,0.15739279686941188,0.16213592603249097,-0.05110517833004742,0.3350203302744576,0.1407006629984204,0.0293018882237955,-0.07891406441441125,-0.13302204073351476,0.28658809752682646,-0.0032907772041692084,0.22956284202202684,high,1.1216570548495224,0.0,0.02127659574468085,0.010183299389002037,train_oof,0.2526011564304778
RFERF_LR_SMOTE,RFERF,supervised,LR,SMOTE,217,45,188,982,38,0.0053963668033354725,0.06662618501235582,-0.019304663128262078,0.14162893869453114,-0.1080851985977258,-0.0894628185379893,-0.22395778563608687,-0.238441859015882,0.025260208779786183,-0.0588860857439548,0.08534235357787942,high,2.628908073381945,0.0,0.010638297872340425,0.010183299389002037,train_oof,0.2526011564304778
RFERF_LR_SMOTE,RFERF,supervised,LR,SMOTE,227,45,188,982,38,-0.03666356145938506,0.07354953097996147,-0.026372247278643367,0.3540228406962006,-0.1661189821338761,-0.16163092825841224,-0.2738322751450091,-0.1526548205074844,-0.010534926207902208,-0.1183542564490632,0.10094892070849514,high,4.323371070570115,0.0,0.010638297872340425,0.010183299389002037,train_oof,0.2526011564304778
RFERF_LR_SMOTE,RFERF,supervised,LR,SMOTE,252,45,188,982,38,-0.026433190877036956,0.1614523432095944,-0.0285765856930687,-0.02898262587746262,-0.0273436835184424,-0.0311651021316287,-0.030370652972867,-0.029950839069199348,0.1096172886593227,-0.08087113927801548,0.183894848939373,high,0.0053988539296323315,0.0,0.010638297872340425,0.010183299389002037,train_oof,0.2526011564304778
RFERF_LR_SMOTE,RFERF,supervised,LR,SMOTE,271,45,188,982,38,0.09311848399068491,0.06003924908069611,-0.023451082357892113,0.1989203241154817,-0.0117231535823837,0.062271638354677944,-0.0596047696738355,0.18765628749208274,0.11626750547367962,0.034032583494473835,0.08385257849268073,high,2.2164240013485936,0.0,0.0,0.010183299389002037,train_oof,0.2526011564304778
RFERF_LR_SMOTE,RFERF,supervised,LR,SMOTE,273,45,188,982,38,0.14453421376038428,0.10181360798169567,-0.022593919155852123,0.024717953522670155,-0.2662939358924575,-0.16767159104518214,-0.1502587020937358,-0.12398729103380249,0.168130052133624,0.03949501094823058,0.12435565631404522,low,-2.796662974903808,0.0,0.0,0.012219959266802444,train_oof,0.2526011564304778
RFERF_LR_SMOTE,RFERF,supervised,LR,SMOTE,280,45,188,982,38,-0.24396554494402786,-0.2278690039185324,0.05942674483309194,-0.12883250745878883,-0.4813311236600117,-0.3401665724412546,-0.1362622206808282,-0.1441046957485369,-0.2886488446496117,-0.023812350070035324,-0.28369156962046466,low,-1.3970185125656813,0.0,0.005319148936170213,0.010183299389002037,train_oof,0.2526011564304778
RFERF_LR_SMOTE,RFERF,supervised,LR,SMOTE,281,45,188,982,38,-0.1950797113910899,-0.26377588659830364,0.06745272774543666,-0.20792329953147076,-0.3088216572105596,-0.3832709308378492,-0.1413107915491586,-0.3460462940242044,-0.25177644527199616,0.09529085148072022,-0.3301101361905507,low,-1.276662214365321,0.044444444444444446,0.015957446808510637,0.01120162932790224,train_oof,0.2526011564304778
RFERF_LR_SMOTE,RFERF,supervised,LR,SMOTE,282,45,188,982,38,0.2332009481743442,0.047131208180742595,-0.025346252744594316,0.13270269736659848,0.4358817780156345,-0.0441517663453553,-0.1041559593904829,0.1658629093125907,0.24982002623342106,0.24212562010353145,0.0721315079756121,high,1.8444802097500226,0.0,0.0,0.010183299389002037,train_oof,0.2526011564304778
RFERF_LR_SMOTE,RFERF,supervised,LR,SMOTE,288,45,188,982,38,0.1801560868642077,0.02733855837379941,-0.018657506479378062,0.11271390767197827,0.3290288088587416,0.00023015905486304875,-0.1230693346215914,0.02078007466760535,0.1922040343203416,0.21186014156928185,0.046023330969735064,high,1.8065677414149088,0.022222222222222223,0.0,0.010183299389002037,train_oof,0.2526011564304778
RFERF_LR_SMOTE,RFERF,supervised,LR,SMOTE,295,45,188,982,38,0.3595295847200476,0.1869300453209181,-0.06404754936899235,0.3142328431068221,-0.0542768870766801,-0.17685859742865126,-0.1990705183719288,-0.1572932306907982,0.4860635874181834,0.12302832783296097,0.2639474362144004,high,5.2972862026459095,0.0,0.0425531914893617,0.010183299389002037,train_oof,0.2526011564304778
RFERF_LR_SMOTE,RFERF,supervised,LR,SMOTE,310,45,188,982,38,0.21977127533089424,0.11474061550984413,-0.03516114693418799,0.07655145509904941,0.14226059883972,0.09897410086457,-0.1037889685979735,-0.017215972647673602,0.25325555838856645,0.11028715903619685,0.14886026156854978,high,2.520739750737417,0.0,0.02127659574468085,0.012219959266802444,train_oof,0.2526011564304778
RFERF_LR_SMOTE,RFERF,supervised,LR,SMOTE,316,45,188,982,38,-0.3308902338092375,-0.2866393073259584,0.07960109582205434,-0.24190559709714798,-0.5038833490360002,-0.45944421768997135,-0.0673342352250128,-0.2227478899101806,-0.4219487311694238,-0.04264836389311177,-0.3675884684340111,low,-1.8616087997403052,0.0,0.03723404255319149,0.010183299389002037,train_oof,0.2526011564304778
RFERF_LR_SMOTE,RFERF,supervised,LR,SMOTE,333,45,188,982,38,0.02669726857358416,0.1607587602567313,-0.04858226780149878,0.4177409968211004,-0.0334140756342098,-0.10288582022271556,-0.07856209358277874,-0.036741190286321,0.19800327943956988,-0.06657196665192615,0.21784075837985128,high,0.7194268702339126,0.022222222222222223,0.026595744680851064,0.010183299389002037,train_oof,0.2526011564304778
RFERF_LR_SMOTE,RFERF,supervised,LR,SMOTE,338,45,188,982,38,-0.04281949562169407,0.06957755516466897,-0.016318685417645053,0.11592103565869345,-0.0723784676738478,-0.1049074122953825,-0.08860315409344399,-0.07353225851781126,-0.026625451379374575,-0.12305439597044052,0.08452048004726659,high,0.5455448018578207,0.0,0.02127659574468085,0.010183299389002037,train_oof,0.2526011564304778
RFERF_LR_SMOTE,RFERF,supervised,LR,SMOTE,344,45,188,982,38,-0.33211041960377247,0.0050271277991487074,0.010204116778271256,0.10118034170350994,-0.1899013113092602,-0.09751014898456836,0.013263309406872599,0.09232262053498361,-0.35335155914338545,-0.2969857770804686,-0.005174256532041075,low,-2.074065375708732,0.06666666666666667,0.02127659574468085,0.010183299389002037,train_oof,0.2526011564304778
RFERF_LR_SMOTE,RFERF,supervised,LR,SMOTE,348,45,188,982,38,0.8304637782332782,0.17169721975623523,-0.08101671077029118,0.16038987315296319,0.1324078261126312,-0.1760355015685849,-0.1841524312444063,-0.19226936092022762,0.9955784236524475,0.40223161748513403,0.298242722340552,high,2.663266499033758,0.044444444444444446,0.03723404255319149,0.010183299389002037,train_oof,0.2526011564304778
RFERF_LR_SMOTE,RFERF,supervised,LR,SMOTE,377,45,188,982,38,-0.49009482497604034,-0.23033668986823955,0.0679223086299605,-0.0625147527716926,-0.3714959728317686,-0.3714959728317686,0.0554598948876092,-0.1580180389720797,-0.5489700026621687,-0.311781633500902,-0.29647275053378563,low,-1.6523635759899018,0.06666666666666667,0.06382978723404255,0.019348268839103868,train_oof,0.2526011564304778
RFERF_LR_SMOTE,RFERF,supervised,LR,SMOTE,405,45,188,982,38,-0.08491661907859882,-0.031933642067643264,0.005975623392151063,0.08428347444082757,-0.1187533800712203,-0.1001844258679525,-0.0537620403597826,0.24798346544332103,-0.09264543617349477,-0.0494584185241753,-0.0383173910653918,low,-1.5207094224179487,0.13333333333333333,0.03723404255319149,0.013238289205702648,train_oof,0.2526011564304778
RFERF_LR_SMOTE,RFERF,supervised,LR,SMOTE,416,45,188,982,38,-0.21837719630332997,-0.21065916795352052,0.055538667640335763,-0.1979236867212246,-0.4928619424418692,-0.4534252382050796,-0.1280228846532786,-0.2707084477210596,-0.26598619505949356,-0.009128046634667162,-0.263702667362574,low,-2.1572295833095927,0.0,0.005319148936170213,0.01120162932790224,train_oof,0.2526011564304778
RFERF_LR_SMOTE,RFERF,supervised,LR,SMOTE,423,45,188,982,38,0.14352600670460433,0.20904358852207752,-0.05763914314164938,0.27435117918377017,-0.2723032948288679,0.031057286015091654,-0.2735447507421896,0.1079543463955311,0.21252438689974013,-0.05540663769839121,0.26920978144241176,high,3.539899372667537,0.0,0.010638297872340425,0.010183299389002037,train_oof,0.2526011564304778
RFERF_LR_SMOTE,RFERF,supervised,LR,SMOTE,425,45,188,982,38,0.20344754282176203,0.023574003535309588,-0.015482047812091776,0.023180865436841176,-0.1577811387274507,-0.21904135494396426,-0.25292058883507423,-0.20467490141312375,0.2152971051393114,0.17986773121302366,0.03883190057694572,high,2.1258329844400197,0.022222222222222223,0.015957446808510637,0.010183299389002037,train_oof,0.2526011564304778
RFERF_LR_SMOTE,RFERF,supervised,LR,SMOTE,428,45,188,982,38,-0.05860664236682408,-0.07849024615183339,0.022244187804812653,-0.10645616777312684,-0.0432450611141641,-0.12574633142427843,-0.1582584206644275,-0.12732522468430252,-0.07374783404759377,0.08336570283357052,-0.09761326630637457,high,6.441373360475646,0.0,0.0,0.01120162932790224,train_oof,0.2526011564304778
RFERF_LR_SMOTE,RFERF,supervised,LR,SMOTE,452,45,188,982,38,-0.3578443070599411,-0.2691162089062644,0.07472941270543212,-0.17370595410499864,-0.443400013111964,-0.2964065055505236,0.009156521311966051,-0.03359827676404005,-0.45138365584697937,-0.08159094418567348,-0.344275067060661,low,-2.0591207595912064,0.0,0.026595744680851064,0.010183299389002037,train_oof,0.2526011564304778
RFERF_LR_SMOTE,RFERF,supervised,LR,SMOTE,460,45,188,982,38,0.3020103018828391,0.20710669386292524,-0.05516091598247535,0.03588779156134206,0.0783976942280376,-0.09951991131031435,-0.257708914806982,-0.25017097726799853,0.37639148979501413,0.08014197121711503,0.2638635204399522,high,2.938911386827603,0.022222222222222223,0.015957446808510637,0.010183299389002037,train_oof,0.2526011564304778
RFERF_LR_SMOTE,RFERF,supervised,LR,SMOTE,468,45,188,982,38,-0.4299881789760773,-0.20310137819243684,0.050639671858276246,0.21173771869407323,-0.6468591228110918,-0.6579706921590808,-0.22664994763933105,-0.2138162394174025,-0.4924853143193471,-0.2337803360241168,-0.25569868451754496,low,-0.9802319324172032,0.06666666666666667,0.13297872340425532,0.1629327902240326,train_oof,0.2526011564304778
RFERF_LR_SMOTE,RFERF,supervised,LR,SMOTE,477,45,188,982,38,0.09137652440682721,0.19830861089835988,-0.05650007772840401,0.36376682906911867,0.0399887606317464,-0.1072315867080374,-0.1078799790458433,-0.06116485489820721,0.34603205875941573,-0.05630896923906064,0.2734525896763725,high,0.6878015150826491,0.022222222222222223,0.0425531914893617,0.010183299389002037,train_oof,0.2526011564304778
RFERF_LR_SMOTE,RFERF,supervised,LR,SMOTE,480,45,188,982,38,-0.18318824216782276,0.0817533397964714,-0.010030767469115095,0.07472650651042315,-0.4030406208184361,-0.1263275174657092,-0.12644663393710476,0.0279477040449381,-0.17945891874090233,-0.23441591827751518,0.09155253652763598,low,-1.7027879210807884,0.0,0.010638297872340425,0.010183299389002037,train_oof,0.2526011564304778
RFERF_LR_SMOTE,RFERF,supervised,LR,SMOTE,484,45,188,982,38,-0.29681813697639586,-0.04818682538863323,0.023392979082906447,-0.04168759403800924,-0.4212884102733357,-0.5316794662119069,-0.3072208965427816,-0.3307458694088068,-0.329284616526337,-0.23529563304507717,-0.07141180843538648,low,-1.0153846670981137,0.28888888888888886,0.20212765957446807,0.12321792260692464,train_oof,0.2526011564304778
RFERF_LR_SMOTE,RFERF,supervised,LR,SMOTE,486,45,188,982,38,0.08933691660650646,0.17196734573831987,-0.048994659995211014,0.25538219773112236,-0.0236321189492952,0.0102836119076722,-0.21771460679792415,0.03324444890569225,0.13936366377346446,-0.08897679641817462,0.22192700867970752,high,2.2839546827200574,0.0,0.010638297872340425,0.010183299389002037,train_oof,0.2526011564304778
RFERF_LR_SMOTE,RFERF,supervised,LR,SMOTE,488,45,188,982,38,-0.3147856988599422,-0.029436507468032447,0.01801232345816477,-0.04270558967178621,-0.1687238193389359,-0.05222077168821115,0.0072289194437300495,-0.2457856473710926,-0.339221480149048,-0.2797757197144333,-0.047930347358187506,low,-1.395282106447686,0.28888888888888886,0.16489361702127658,0.1354378818737271,train_oof,0.2526011564304778
RFERF_LR_SMOTE,RFERF,supervised,LR,SMOTE,489,45,188,982,38,0.06210693001042266,0.11241517405870363,-0.028583196949882945,0.11092947347861264,-0.1552947025392865,-0.053643661290994,-0.23965251343068739,-0.24671188459470364,0.09233597494791922,-0.05021644005617781,0.14277063478845783,high,2.863485613371059,0.0,0.015957446808510637,0.010183299389002037,train_oof,0.2526011564304778
RFERF_LR_SMOTE,RFERF,supervised,LR,SMOTE,490,45,188,982,38,-0.08316749777280576,-0.11875266798462641,0.030956408644009486,-0.11397774493503743,-0.0871542866071567,-0.3138764730411716,-0.1112953401903788,-0.31833698531793686,-0.11345476542670198,0.03688047970605858,-0.14932037251968097,high,2.9168314897727794,0.022222222222222223,0.0,0.010183299389002037,train_oof,0.2526011564304778
RFERF_LR_SMOTE,RFERF,supervised,LR,SMOTE,510,45,188,982,38,0.6787152018211978,0.3362417187169861,-0.11407320129922074,0.4563419417264181,0.2587891267596156,0.0774219462023707,-0.2929384475958905,-0.10838397307415046,0.9062499356737742,0.28641517682574813,0.48739660876787605,high,3.2503569469893354,0.022222222222222223,0.031914893617021274,0.010183299389002037,train_oof,0.2526011564304778
RFERF_LR_SMOTE,RFERF,supervised,LR,SMOTE,525,45,188,982,38,-0.05130329277811806,-0.04406188373738703,0.013087424657375491,-0.06128463033989033,-0.1913602385371192,-0.1111065086752134,-0.09556126977394819,-0.1208098186585168,-0.06084991180826081,-0.011144779430417149,-0.05631506407538244,low,-1.1712495226510031,0.0,0.005319148936170213,0.010183299389002037,train_oof,0.2526011564304778
RFERF_LR_SMOTE,RFERF,supervised,LR,SMOTE,551,45,188,982,38,0.4615787411685397,0.0820937115550092,-0.04101780892545578,-0.07489223061938291,0.0222538159660552,-0.07737785012772386,-0.0468810483364034,-0.02556067663242845,0.8295346233339564,0.1880566225788819,0.15606965765256176,high,0.6928874767219133,0.06666666666666667,0.031914893617021274,0.010183299389002037,train_oof,0.2526011564304778
RFERF_LR_SMOTE,RFERF,supervised,LR,SMOTE,552,45,188,982,38,0.12941931505443363,-0.09045011541507499,0.06187923297105387,-0.07282202850487098,-0.0917687254317226,-0.25776785482078685,-0.14160355920180107,-0.0950769466441827,0.06874689406687204,0.26768466447701383,-0.1650232844163608,high,3.9139095895678153,0.022222222222222223,0.0,0.010183299389002037,train_oof,0.2526011564304778
RFERF_LR_SMOTE,RFERF,supervised,LR,SMOTE,563,45,188,982,38,-0.006331134840516772,0.04801710700720653,0.04504069849770717,-0.035141987522770875,0.0119510897918226,-0.02374779379457975,-0.02601385585824085,-0.1452448943649783,-0.05467642773161497,-0.06521670736489968,0.0031706608153937127,high,2.5111729639657567,0.0,0.015957446808510637,0.010183299389002037,train_oof,0.2526011564304778
RFERF_LR_SMOTE,RFERF,supervised,LR,SMOTE,571,45,188,982,38,-0.193454524865399,0.03524227493487104,-0.0009730649804397667,0.07988041426259718,0.3687776556054301,0.1179037843724347,0.0222808450473944,0.41077176013790884,-0.19620088689636214,-0.20135997232512645,0.03710735018541781,high,1.8692942738352456,0.0,0.010638297872340425,0.013238289205702648,train_oof,0.2526011564304778
RFERF_LR_SMOTE,RFERF,supervised,LR,SMOTE,582,45,188,982,38,0.34368926248091786,0.14776574308439386,-0.049330132625893156,0.1508254253039433,0.4084103207323855,0.1081579886378668,-0.0419681774093758,0.0781327554284183,0.39579789913391444,0.19079178653161646,0.19961356218260337,high,2.335730040447118,0.044444444444444446,0.010638297872340425,0.010183299389002037,train_oof,0.2526011564304778
RFERF_LR_SMOTE,RFERF,supervised,LR,SMOTE,586,45,188,982,38,0.12799700824890659,0.028811997262999288,-0.01407065246338894,0.060293651980678944,0.1071251793737314,-0.10296625601454484,-0.0782496165571006,-0.12768289547198897,0.14728550786124736,0.08392279553751644,0.04264624428274082,high,2.70237232240538,0.044444444444444446,0.026595744680851064,0.014256619144602852,train_oof,0.2526011564304778
