artifact_key,feature_set,category,model,balance_method,feature,group,n,non_null_n,missing_rate,mean,median,std,p01,p05,p25,p50,p75,p95,p99,group_source,threshold
ANOVA_SVM_NoResample,ANOVA,supervised,SVM,NoResample,14,TP,52,52,0.0,-0.33316220504467725,-0.41358548651729715,1.0291558365384088,-2.0087937262440776,-1.554036367611241,-1.223525715062042,-0.41358548651729715,0.45614941181497715,1.3118134870360751,1.7208708662329946,train_oof,0.07569208662861764
ANOVA_SVM_NoResample,ANOVA,supervised,SVM,NoResample,14,FP,284,284,0.0,-0.08624254036590591,-0.08371129371303905,1.046607450406328,-2.150849009941,-1.7437863534447053,-0.8231979598667629,-0.08371129371303905,0.6963587218020725,1.5834009856984887,2.1754600693082184,train_oof,0.07569208662861764
ANOVA_SVM_NoResample,ANOVA,supervised,SVM,NoResample,14,TN,886,886,0.0,0.05680658451905048,0.005971670346877249,0.9773220652100282,-2.1279404369965174,-1.5774841232146486,-0.5968750443147516,0.005971670346877249,0.6879509439214551,1.6209611512714062,2.5471366488603375,train_oof,0.07569208662861764
ANOVA_SVM_NoResample,ANOVA,supervised,SVM,NoResample,14,FN,31,31,0.0,-0.24528527896292124,-0.143415557286798,0.9738357445361419,-1.8343769958908738,-1.7688107934162627,-0.9372363579163383,-0.143415557286798,0.3433134164085435,1.3407832541765599,1.8307415378277687,train_oof,0.07569208662861764
ANOVA_SVM_NoResample,ANOVA,supervised,SVM,NoResample,14,pred_anomaly,336,336,0.0,-0.12445629799476336,-0.10595122230047824,1.0462321312570229,-2.1577401331794106,-1.6984205153748806,-0.9657956808463056,-0.10595122230047824,0.6596085959045356,1.558852082411363,2.13020308031977,train_oof,0.07569208662861764
ANOVA_SVM_NoResample,ANOVA,supervised,SVM,NoResample,14,pred_normal,917,917,0.0,0.04659410058454546,0.0021746093685342,0.9782008754047896,-2.1229688184888733,-1.6185556661303944,-0.6049211973402884,0.0021746093685342,0.6687215422525595,1.6249082865646072,2.5345683770220235,train_oof,0.07569208662861764
ANOVA_SVM_NoResample,ANOVA,supervised,SVM,NoResample,16,TP,52,52,0.0,0.05935045662171441,0.00876190494958015,1.0670467463866535,-1.6818436285346106,-1.4069945744650834,-0.6104677275436663,0.008761904949580152,0.6397522161220768,1.5125739743059388,3.1812009920075175,train_oof,0.07569208662861764
ANOVA_SVM_NoResample,ANOVA,supervised,SVM,NoResample,16,FP,284,284,0.0,0.10483365096646159,0.1307540295547186,1.2250860532091497,-2.4275822835799747,-1.3074374394421477,-0.39842667762746026,0.1307540295547186,0.7222763004137912,1.6168453474774265,2.227334204376006,train_oof,0.07569208662861764
ANOVA_SVM_NoResample,ANOVA,supervised,SVM,NoResample,16,TN,886,886,0.0,-0.0535041296521878,-0.06598817140160934,0.907982682560415,-2.527587919061018,-1.5757403801586785,-0.6241220748238168,-0.06598817140160934,0.473807046622441,1.4392291993901551,1.8496270519118727,train_oof,0.07569208662861764
ANOVA_SVM_NoResample,ANOVA,supervised,SVM,NoResample,16,FN,31,31,0.0,0.46198849691633326,0.4660330386819151,0.9157743875139569,-1.7396922142889515,-0.9616934196257814,0.0779306422665446,0.4660330386819151,1.0260606107050203,1.822198757229411,2.213291156698829,train_oof,0.07569208662861764
ANOVA_SVM_NoResample,ANOVA,supervised,SVM,NoResample,16,pred_anomaly,336,336,0.0,0.09779458517501263,0.11719934904303614,1.2006161279072385,-2.135728085474395,-1.3326032984803813,-0.40659935264185904,0.11719934904303614,0.7204324651971284,1.6378152355631468,2.2306830077965376,train_oof,0.07569208662861764
ANOVA_SVM_NoResample,ANOVA,supervised,SVM,NoResample,16,pred_normal,917,917,0.0,-0.036077443257832145,-0.0418688134322921,0.9125168653970788,-2.522231826923534,-1.5603916978145682,-0.6141553979769919,-0.0418688134322921,0.4901523966512324,1.4747404689953925,1.8766526928497245,train_oof,0.07569208662861764
ANOVA_SVM_NoResample,ANOVA,supervised,SVM,NoResample,21,TP,52,52,0.0,0.5068086218636991,0.26680521225592396,1.797879396517165,-1.8344316650673704,-1.2273194133761092,-0.03128607107492143,0.26680521225592396,0.5954649037351525,5.450477536736856,6.658556804003879,train_oof,0.07569208662861764
ANOVA_SVM_NoResample,ANOVA,supervised,SVM,NoResample,21,FP,284,284,0.0,0.22223172333660518,0.19225773948115743,1.3476548001628454,-1.490515379689052,-1.3178807877098997,-0.1545457813506597,0.19225773948115743,0.40771571304314796,1.6702106911250114,6.535383868564178,train_oof,0.07569208662861764
ANOVA_SVM_NoResample,ANOVA,supervised,SVM,NoResample,21,TN,886,886,0.0,-0.10987601716493435,0.11928799099792034,0.7498663037296833,-1.5881252372952503,-1.366533860549939,-0.8717200796190152,0.11928799099792034,0.4009117770359272,0.759153798981333,1.2751682500796817,train_oof,0.07569208662861764
ANOVA_SVM_NoResample,ANOVA,supervised,SVM,NoResample,21,FN,31,31,0.0,0.25778419191161445,0.2297286914049819,1.0864321565364072,-1.3342693987881618,-1.15965476282314,-0.05721991411693675,0.2297286914049819,0.4208305462164865,1.4374766365707758,3.8614527949693325,train_oof,0.07569208662861764
ANOVA_SVM_NoResample,ANOVA,supervised,SVM,NoResample,21,pred_anomaly,336,336,0.0,0.2662733862038935,0.20251294737609885,1.4272271581788005,-1.499792398523245,-1.309242747213776,-0.13768385298493868,0.20251294737609885,0.4302968919656632,2.6038093190839215,6.674397155890833,train_oof,0.07569208662861764
ANOVA_SVM_NoResample,ANOVA,supervised,SVM,NoResample,21,pred_normal,917,917,0.0,-0.09744693703257558,0.1299376299657442,0.7657329549704399,-1.5872259344490784,-1.366533860549939,-0.7520102489992183,0.1299376299657442,0.4013062081088095,0.7825632831569008,1.3698395961929088,train_oof,0.07569208662861764
ANOVA_SVM_NoResample,ANOVA,supervised,SVM,NoResample,22,TP,52,52,0.0,-0.4602977409294219,-0.19606649193041675,1.8712392688644037,-7.0017820714966845,-5.492482813562635,-0.510582518794367,-0.19606649193041675,0.09180274680029679,1.4098745818632286,1.7916328344038703,train_oof,0.07569208662861764
ANOVA_SVM_NoResample,ANOVA,supervised,SVM,NoResample,22,FP,284,284,0.0,-0.06747217168889619,-0.1104610623370267,1.4315069898551378,-6.374873368130267,-1.8266820719009809,-0.4199414756954834,-0.1104610623370267,0.5296913045488386,1.5693356762038562,2.7482567247316547,train_oof,0.07569208662861764
ANOVA_SVM_NoResample,ANOVA,supervised,SVM,NoResample,22,TN,886,886,0.0,0.052439518955905595,-0.1175948481364759,0.7096798300296764,-1.4714615025342914,-0.8519551510209494,-0.41028988314328746,-0.1175948481364759,0.5248655082727407,1.3175550009291808,1.4663573800165146,train_oof,0.07569208662861764
ANOVA_SVM_NoResample,ANOVA,supervised,SVM,NoResample,22,FN,31,31,0.0,-0.10492459480007281,-0.1637546386034999,1.0439132179523565,-3.1904101360803874,-1.0336568716775076,-0.4600165665100361,-0.1637546386034999,0.20090770608599,1.403160430522571,2.03932627004992,train_oof,0.07569208662861764
ANOVA_SVM_NoResample,ANOVA,supervised,SVM,NoResample,22,pred_anomaly,336,336,0.0,-0.12826660502373946,-0.11843411705405815,1.5114368011077395,-6.945089456114003,-2.57875094894644,-0.4260261753479547,-0.11843411705405815,0.4667461357301694,1.5491932221818834,2.707426291891274,train_oof,0.07569208662861764
ANOVA_SVM_NoResample,ANOVA,supervised,SVM,NoResample,22,pred_normal,917,917,0.0,0.04711968523024003,-0.1201126548892226,0.723257273793945,-1.4720405980874227,-0.8590050099286404,-0.4113389692902653,-0.1201126548892226,0.5135353778853802,1.32040851524896,1.467515571122778,train_oof,0.07569208662861764
ANOVA_SVM_NoResample,ANOVA,supervised,SVM,NoResample,26,TP,52,52,0.0,-0.49672427635427824,0.2700494466348554,2.186966481899454,-7.7533785344270125,-7.062872884509721,0.01488112267350715,0.2700494466348554,0.32989895727016616,0.44008410384800634,0.5066657149452762,train_oof,0.07569208662861764
ANOVA_SVM_NoResample,ANOVA,supervised,SVM,NoResample,26,FP,284,284,0.0,-0.24815777697233835,0.2566059280472264,1.5999995003897851,-7.746749845646496,-5.409061569027707,-0.1971128242852627,0.2566059280472264,0.3454107094866621,0.4353530194219745,0.4941218779862038,train_oof,0.07569208662861764
ANOVA_SVM_NoResample,ANOVA,supervised,SVM,NoResample,26,TN,886,886,0.0,0.11277965426017916,0.24548917229207146,0.47598231410718717,-0.7614820757620867,-0.3412428552968655,-0.08840129416799147,0.24548917229207146,0.3331305723152699,0.43085461127919134,0.505311021918369,train_oof,0.07569208662861764
ANOVA_SVM_NoResample,ANOVA,supervised,SVM,NoResample,26,FN,31,31,0.0,-0.13092100850982022,0.2038659705111422,1.171424214120727,-4.707206487072012,-1.9732084530739822,0.05547020764000285,0.2038659705111422,0.31891146611681553,0.43214725729723197,0.49734832244723387,train_oof,0.07569208662861764
ANOVA_SVM_NoResample,ANOVA,supervised,SVM,NoResample,26,pred_anomaly,336,336,0.0,-0.2866264018766862,0.2591912200833087,1.7026047655225147,-7.753792181152786,-5.416946709737759,-0.1971128242852627,0.2591912200833087,0.33933527320186846,0.4357666661477477,0.4961073822699148,train_oof,0.07569208662861764
ANOVA_SVM_NoResample,ANOVA,supervised,SVM,NoResample,26,pred_normal,917,917,0.0,0.10454113676195673,0.2441965262740303,0.5155346050290345,-0.7895480061057981,-0.3428715892795975,-0.0081279764476273,0.2441965262740303,0.3331305723152699,0.4313716696864078,0.505311021918369,train_oof,0.07569208662861764
ANOVA_SVM_NoResample,ANOVA,supervised,SVM,NoResample,28,TP,52,52,0.0,-0.6116256611882952,-0.5193393230980925,0.8198093349263165,-2.5180751806421995,-1.9796938835076405,-0.9619414045494061,-0.5193393230980925,-0.1908159491501914,0.7829290207468776,1.0122711356666696,train_oof,0.07569208662861764
ANOVA_SVM_NoResample,ANOVA,supervised,SVM,NoResample,28,FP,284,284,0.0,-0.35385429644216265,-0.3914896078775453,1.0782063414561982,-2.6300280115867603,-2.0164321065279536,-1.080884751479072,-0.3914896078775453,0.2558351435600994,1.4763600672975519,2.131568738859246,train_oof,0.07569208662861764
ANOVA_SVM_NoResample,ANOVA,supervised,SVM,NoResample,28,TN,886,886,0.0,0.15236788739324963,0.0325059560077775,0.9382119434270342,-2.250451848987074,-1.274268733461396,-0.497492140046052,0.0325059560077775,0.8788949570212782,1.6929064327516503,2.0562119785972723,train_oof,0.07569208662861764
ANOVA_SVM_NoResample,ANOVA,supervised,SVM,NoResample,28,FN,31,31,0.0,-0.10311242957331797,0.1716725120492833,1.065361073371082,-2.1916858395348213,-1.8285390498860434,-0.8931591899072286,0.1716725120492833,0.42738650727908156,1.6038864442089316,1.8281754513366721,train_oof,0.07569208662861764
ANOVA_SVM_NoResample,ANOVA,supervised,SVM,NoResample,28,pred_anomaly,336,336,0.0,-0.3937474838433498,-0.4254692599178208,1.0455200816356924,-2.6527444212284994,-2.023554288202919,-1.0388143593151902,-0.4254692599178208,0.1919175683441757,1.4096941164536823,2.0461855780552516,train_oof,0.07569208662861764
ANOVA_SVM_NoResample,ANOVA,supervised,SVM,NoResample,28,pred_normal,917,917,0.0,0.14373114821553581,0.0389872869798831,0.9432700376674109,-2.2705512573949527,-1.3275219703901808,-0.4983077682133284,0.0389872869798831,0.8675489866229179,1.6929064327516503,2.047893445178378,train_oof,0.07569208662861764
ANOVA_SVM_NoResample,ANOVA,supervised,SVM,NoResample,32,TP,52,52,0.0,0.31735625728070427,-0.1865380528258199,1.9785587876433193,-0.7731795647186046,-0.6987964062028169,-0.43503718872230585,-0.1865380528258199,0.10845832460820269,3.9837948801973404,8.189987212451058,train_oof,0.07569208662861764
ANOVA_SVM_NoResample,ANOVA,supervised,SVM,NoResample,32,FP,284,284,0.0,0.15601608181364338,-0.048611771194795,1.3881855233955946,-0.8331740317436384,-0.7108539021450897,-0.33952126695166035,-0.048611771194795,0.248057598738659,0.8254981298824673,8.482765679828706,train_oof,0.07569208662861764
ANOVA_SVM_NoResample,ANOVA,supervised,SVM,NoResample,32,TN,886,886,0.0,-0.07006493323059948,-0.1327154941300868,0.74125140912957,-0.9652443616288308,-0.8249519906057572,-0.4264212773502751,-0.1327154941300868,0.1957168333995527,0.7259598561453522,3.2074857306471087,train_oof,0.07569208662861764
ANOVA_SVM_NoResample,ANOVA,supervised,SVM,NoResample,32,FN,31,31,0.0,0.03569548631185832,0.0405109292387702,0.37474188144059617,-0.7447296102691252,-0.49142898589929834,-0.18923874071775088,0.0405109292387702,0.16127708780428254,0.7006020698326634,0.74959207019435,train_oof,0.07569208662861764
ANOVA_SVM_NoResample,ANOVA,supervised,SVM,NoResample,32,pred_anomaly,336,336,0.0,0.18098539468354563,-0.060251019012210694,1.4924199103302647,-0.8350544753129895,-0.7108539021450897,-0.36100727062282556,-0.060251019012210694,0.2066151845386549,0.844407725104522,8.482765679828706,train_oof,0.07569208662861764
ANOVA_SVM_NoResample,ANOVA,supervised,SVM,NoResample,32,pred_normal,917,917,0.0,-0.06648960825151966,-0.1222951408479649,0.7319997488737047,-0.9652443616288308,-0.8249519906057572,-0.4223343956731143,-0.1222951408479649,0.1957168333995527,0.7286844439301278,2.856359976859641,train_oof,0.07569208662861764
ANOVA_SVM_NoResample,ANOVA,supervised,SVM,NoResample,33,TP,52,52,0.0,0.5290459751610527,-0.11571296819320054,2.303267638267405,-0.3101433645083555,-0.2737263416378271,-0.225481191199066,-0.11571296819320054,0.16235071496923242,4.934482695461556,9.728758101984218,train_oof,0.07569208662861764
ANOVA_SVM_NoResample,ANOVA,supervised,SVM,NoResample,33,FP,284,284,0.0,0.17924584440631147,-0.11174789190678944,1.438561240045943,-0.5794445679732287,-0.45625879793047547,-0.243510426962918,-0.11174789190678944,0.1265633597688024,0.7299327461215092,9.602011218982692,train_oof,0.07569208662861764
ANOVA_SVM_NoResample,ANOVA,supervised,SVM,NoResample,33,TN,886,886,0.0,-0.08769011918657577,-0.1539064807982051,0.6408910066806306,-0.5931149309853022,-0.4801949806748535,-0.2834323061543078,-0.1539064807982051,0.0042221170855135,0.4284513901906129,0.6809962490481933,train_oof,0.07569208662861764
ANOVA_SVM_NoResample,ANOVA,supervised,SVM,NoResample,33,FN,31,31,0.0,-0.02381218572362084,-0.0531867652151763,0.2429600743460567,-0.43433565391612106,-0.2987164891044908,-0.21670380010350535,-0.0531867652151763,0.1313756745779507,0.41052382304948853,0.4874869704549588,train_oof,0.07569208662861764
ANOVA_SVM_NoResample,ANOVA,supervised,SVM,NoResample,33,pred_anomaly,336,336,0.0,0.23338157892787859,-0.11174789190678944,1.603719455223227,-0.5719949690905026,-0.4513041470495068,-0.2314457503991373,-0.11174789190678944,0.1416780950144383,1.1155957216715997,9.684396692933682,train_oof,0.07569208662861764
ANOVA_SVM_NoResample,ANOVA,supervised,SVM,NoResample,33,pred_normal,917,917,0.0,-0.08553066887321525,-0.1528220154891013,0.6315911310247083,-0.5931149309853022,-0.4801949806748535,-0.2804500265542717,-0.1528220154891013,0.0097800017946715,0.4286953948851611,0.671572245512082,train_oof,0.07569208662861764
ANOVA_SVM_NoResample,ANOVA,supervised,SVM,NoResample,38,TP,52,52,0.0,0.17101349064779023,0.16791809010128594,1.780263795481935,-4.708096531783788,-2.826188706878263,-0.43047284479522435,0.16791809010128594,0.4858045172562105,3.1570705217492914,3.3590001404092176,train_oof,0.07569208662861764
ANOVA_SVM_NoResample,ANOVA,supervised,SVM,NoResample,38,FP,284,284,0.0,0.22134699390451762,0.0350917797421294,1.249734467567003,-1.921138250519292,-1.2352657779156746,-0.4569820620103925,0.0350917797421294,0.4619294083055647,3.154548503198156,3.411906485126119,train_oof,0.07569208662861764
ANOVA_SVM_NoResample,ANOVA,supervised,SVM,NoResample,38,TN,886,886,0.0,-0.09084555185218011,-0.06186582233438875,0.8048215123421957,-1.867519015225292,-1.2805051862371613,-0.5874544883884703,-0.06186582233438875,0.28880684598511963,1.09299449465332,3.0926077275825676,train_oof,0.07569208662861764
ANOVA_SVM_NoResample,ANOVA,supervised,SVM,NoResample,38,FN,31,31,0.0,0.28137819062558095,0.0328499854744536,1.2898922717240084,-1.3738534995427385,-1.2001368617413664,-0.6066218293770222,0.0328499854744536,0.4939870663331891,3.253411630402189,3.39401696687015,train_oof,0.07569208662861764
ANOVA_SVM_NoResample,ANOVA,supervised,SVM,NoResample,38,pred_anomaly,336,336,0.0,0.21355728506716692,0.0350917797421294,1.342471885451341,-3.791875214589022,-1.2448606573812893,-0.4569820620103925,0.0350917797421294,0.46585254827398154,3.1559496246154533,3.393389264475202,train_oof,0.07569208662861764
ANOVA_SVM_NoResample,ANOVA,supervised,SVM,NoResample,38,pred_normal,917,917,0.0,-0.07826219741727215,-0.0588394000730359,0.8275498933897623,-1.7964989728256577,-1.286445941046472,-0.5874544883884703,-0.0588394000730359,0.312177551225532,1.146035347026262,3.238723394360461,train_oof,0.07569208662861764
ANOVA_SVM_NoResample,ANOVA,supervised,SVM,NoResample,56,TP,52,52,0.0,0.29454798248549774,0.506794437311762,0.7378489430279851,-2.144346659003753,-1.315144647628987,0.1285745798210905,0.506794437311762,0.7085116946401104,1.0968174149971963,1.2404689189660343,train_oof,0.07569208662861764
ANOVA_SVM_NoResample,ANOVA,supervised,SVM,NoResample,56,FP,284,284,0.0,0.03466647033548441,0.4059358086475797,1.1509551183533666,-4.6985193880464315,-1.6162796960691752,-0.4441583472362032,0.4059358086475797,0.6652865680697535,1.0809682019214006,1.183988086914101,train_oof,0.07569208662861764
ANOVA_SVM_NoResample,ANOVA,supervised,SVM,NoResample,56,TN,886,886,0.0,-0.03151889123183167,0.2330353023661358,0.9674336610503809,-2.7819172759166007,-1.5680116380655962,-0.5666295391855599,0.2330353023661358,0.6076530659759443,1.0399043316795618,1.183988086914101,train_oof,0.07569208662861764
ANOVA_SVM_NoResample,ANOVA,supervised,SVM,NoResample,56,FN,31,31,0.0,0.11670069696059242,0.3915274331241274,0.6718547407978332,-1.2913708280152925,-0.926838927271904,-0.4297499717127429,0.3915274331241274,0.6076530659759443,0.9246373274919192,1.052871869650664,train_oof,0.07569208662861764
ANOVA_SVM_NoResample,ANOVA,supervised,SVM,NoResample,56,pred_anomaly,336,336,0.0,0.07488622816822456,0.4059358086475797,1.100370890530876,-3.724225035150479,-1.6472577034446,-0.2604515593121581,0.4059358086475797,0.6977054129975212,1.083129458249919,1.183988086914101,train_oof,0.07569208662861764
ANOVA_SVM_NoResample,ANOVA,supervised,SVM,NoResample,56,pred_normal,917,917,0.0,-0.02650819632020118,0.2474436778895882,0.9590387418082139,-2.7494984309888304,-1.5680116380655962,-0.5450169759003695,0.2474436778895882,0.6076530659759443,1.0399043316795618,1.183988086914101,train_oof,0.07569208662861764
ANOVA_SVM_NoResample,ANOVA,supervised,SVM,NoResample,59,TP,52,52,0.0,0.7730163969540546,0.5950821087578495,1.1154410265888395,-0.8678890168281699,-0.6440916822285676,-0.0344554751166696,0.5950821087578495,1.4334147547487703,2.3456978357957676,3.819215237671461,train_oof,0.07569208662861764
ANOVA_SVM_NoResample,ANOVA,supervised,SVM,NoResample,59,FP,284,284,0.0,0.3516345345641547,-0.0091552694355951,1.5773398291741654,-2.271999689921856,-1.364354507267763,-0.42538315281007,-0.009155269435595099,1.0994657128080938,2.381049252092495,2.7891954516714814,train_oof,0.07569208662861764
ANOVA_SVM_NoResample,ANOVA,supervised,SVM,NoResample,59,TN,886,886,0.0,-0.1689300519503637,-0.270325707303901,0.6305488858653957,-1.0422088519166484,-0.8390486054250126,-0.5121842287661265,-0.270325707303901,-0.026702349636740674,1.3729900041109437,2.480909103146587,train_oof,0.07569208662861764
ANOVA_SVM_NoResample,ANOVA,supervised,SVM,NoResample,59,FN,31,31,0.0,0.2838962438796759,-0.0729628338033971,1.046225032316008,-1.3813055437922348,-0.9243329857042313,-0.22383227488637794,-0.0729628338033971,0.5231719965338186,2.330865615535701,2.4392898596738264,train_oof,0.07569208662861764
ANOVA_SVM_NoResample,ANOVA,supervised,SVM,NoResample,59,pred_anomaly,336,336,0.0,0.4168483942197344,0.11307166497561666,1.5213536885012409,-2.1939723566300686,-1.286486490323199,-0.4033492867335378,0.11307166497561666,1.178782060181959,2.3869149903311637,3.1225650601585624,train_oof,0.07569208662861764
ANOVA_SVM_NoResample,ANOVA,supervised,SVM,NoResample,59,pred_normal,917,917,0.0,-0.15362185656243432,-0.2602430993153062,0.6532152127091811,-1.042530320502844,-0.8422268298216183,-0.5081101664221664,-0.2602430993153062,-0.0153233339911493,1.5408033919890196,2.4769110021887797,train_oof,0.07569208662861764
ANOVA_SVM_NoResample,ANOVA,supervised,SVM,NoResample,63,TP,52,52,0.0,0.4737721697641616,-0.0237689207809578,1.2641221657585333,-1.010589903996963,-0.7759306896264819,-0.425097905517415,-0.023768920780957804,1.1281017549686714,2.52669722803726,4.088167945423867,train_oof,0.07569208662861764
ANOVA_SVM_NoResample,ANOVA,supervised,SVM,NoResample,63,FP,284,284,0.0,0.3364964848132521,0.10198029484945931,1.7301667052436298,-1.139377698173635,-0.9205805912508696,-0.4057262511733321,0.10198029484945931,0.7063952287471555,2.038903250503233,3.4187016905839043,train_oof,0.07569208662861764
ANOVA_SVM_NoResample,ANOVA,supervised,SVM,NoResample,63,TN,886,886,0.0,-0.13354006573797572,-0.1562129481774694,0.5322718335961106,-1.2246442863575506,-0.9764472966004745,-0.49773161705135854,-0.1562129481774694,0.1983322922472635,0.7502112729177903,1.2176390335239728,train_oof,0.07569208662861764
ANOVA_SVM_NoResample,ANOVA,supervised,SVM,NoResample,63,FN,31,31,0.0,-0.07638986190905805,-0.0809845807401488,0.4882646298949817,-0.8485857179740091,-0.7721356306581793,-0.4638079066843564,-0.0809845807401488,0.15331384656042996,0.7358890387913191,1.1373965518415385,train_oof,0.07569208662861764
ANOVA_SVM_NoResample,ANOVA,supervised,SVM,NoResample,63,pred_anomaly,336,336,0.0,0.3577415312937501,0.0735489947323527,1.665703612069517,-1.1309988581344372,-0.9045396890292218,-0.4219769907786933,0.0735489947323527,0.7555138302967068,2.325017522422113,3.44724916733504,train_oof,0.07569208662861764
ANOVA_SVM_NoResample,ANOVA,supervised,SVM,NoResample,63,pred_normal,917,917,0.0,-0.13160805230428274,-0.1525557823470356,0.5306975850240285,-1.223785352000217,-0.969298836395304,-0.4960229412125492,-0.1525557823470356,0.1949748941078489,0.7525321409967024,1.2135631255367072,train_oof,0.07569208662861764
ANOVA_SVM_NoResample,ANOVA,supervised,SVM,NoResample,64,TP,52,52,0.0,0.7951725759349861,0.5880330654977715,1.6638768885361006,-2.1058477821921433,-1.7206400326821025,-0.6136504933409371,0.5880330654977715,2.122294857378236,3.436117832507164,4.073883402798571,train_oof,0.07569208662861764
ANOVA_SVM_NoResample,ANOVA,supervised,SVM,NoResample,64,FP,284,284,0.0,0.3612865444357233,0.11021176148443905,1.4073712244094245,-1.9935801625208434,-1.5267283617279848,-0.6534756971237512,0.11021176148443905,1.167778086005053,3.0011777195171296,4.22105845003821,train_oof,0.07569208662861764
ANOVA_SVM_NoResample,ANOVA,supervised,SVM,NoResample,64,TN,886,886,0.0,-0.15598873880320363,-0.15450184949930004,0.695098452340975,-1.8553915231639437,-1.2760126531358567,-0.6107902596807432,-0.15450184949930004,0.3092008543190295,0.9977513946480696,1.409183835459973,train_oof,0.07569208662861764
ANOVA_SVM_NoResample,ANOVA,supervised,SVM,NoResample,64,FN,31,31,0.0,-0.2607941132171021,-0.3391086326524878,0.896902933939116,-1.5676641881554485,-1.3505055117078355,-0.8176500664171454,-0.3391086326524878,0.0201346865334225,1.4274812167471749,2.1366487675764883,train_oof,0.07569208662861764
ANOVA_SVM_NoResample,ANOVA,supervised,SVM,NoResample,64,pred_anomaly,336,336,0.0,0.42843557312013303,0.18288401033299614,1.455820519102529,-2.0157999181380815,-1.5393925026787605,-0.6533438423805507,0.18288401033299614,1.3410757892606633,3.082618308788517,4.283550295590979,train_oof,0.07569208662861764
ANOVA_SVM_NoResample,ANOVA,supervised,SVM,NoResample,64,pred_normal,917,917,0.0,-0.15953177763289922,-0.1670483354484507,0.702506654197405,-1.8384877450856458,-1.279829340817882,-0.6243814409029433,-0.1670483354484507,0.3072636038612386,1.0203462262963499,1.5635082497293966,train_oof,0.07569208662861764
ANOVA_SVM_NoResample,ANOVA,supervised,SVM,NoResample,65,TP,52,52,0.0,0.5696020424810396,0.41339714437943487,1.3584296909551816,-1.7372896546754049,-1.4991535536448506,-0.6455781418280124,0.41339714437943487,1.603882136726718,2.6325502036385005,3.449613393946863,train_oof,0.07569208662861764
ANOVA_SVM_NoResample,ANOVA,supervised,SVM,NoResample,65,FP,284,284,0.0,0.4054569268364345,0.05480204910867685,1.6087915743607628,-1.6771570252634773,-1.2177928526544233,-0.5506211269801691,0.05480204910867685,0.9430078375005994,2.7502352403188617,7.598238579461948,train_oof,0.07569208662861764
ANOVA_SVM_NoResample,ANOVA,supervised,SVM,NoResample,65,TN,886,886,0.0,-0.15827931040134804,-0.19013584671927897,0.5972804680954662,-1.4946841035669183,-1.1192899464706614,-0.554534801145994,-0.19013584671927897,0.24078189630229851,0.8281440642756696,1.2564579322059584,train_oof,0.07569208662861764
ANOVA_SVM_NoResample,ANOVA,supervised,SVM,NoResample,65,FN,31,31,0.0,-0.2096741166032766,-0.3827022879020223,0.7622402478361515,-1.1734545133144694,-1.075446541645303,-0.6927746596286319,-0.3827022879020223,0.1073580787800509,1.2540201746382154,1.9361383757642767,train_oof,0.07569208662861764
ANOVA_SVM_NoResample,ANOVA,supervised,SVM,NoResample,65,pred_anomaly,336,336,0.0,0.43086033759095665,0.1977861693748654,1.571917406976868,-1.6942855876912342,-1.2433517084992896,-0.5682993128191612,0.1977861693748654,1.0873420899025967,2.713328438421126,6.958687344313617,train_oof,0.07569208662861764
ANOVA_SVM_NoResample,ANOVA,supervised,SVM,NoResample,65,pred_normal,917,917,0.0,-0.160016757503049,-0.1951467168739508,0.6031466110696054,-1.492008586021031,-1.1223231294005767,-0.5615486521401184,-0.1951467168739508,0.237073305498875,0.8347791946605593,1.4287427226251517,train_oof,0.07569208662861764
ANOVA_SVM_NoResample,ANOVA,supervised,SVM,NoResample,70,TP,52,52,0.0,-0.45653802235746416,-0.35399823930555746,1.1112718319433148,-3.146325811901418,-2.262199072111488,-1.2626463797530454,-0.35399823930555746,0.2909107287747541,1.2486790548031332,1.4714257946846678,train_oof,0.07569208662861764
ANOVA_SVM_NoResample,ANOVA,supervised,SVM,NoResample,70,FP,284,284,0.0,-0.08427274731396857,-0.0945152015571855,1.2188019498933873,-2.5146531087655837,-2.049289336439334,-0.6885152572100502,-0.0945152015571855,0.5895381790828822,1.5063158503722647,2.414967650886383,train_oof,0.07569208662861764
ANOVA_SVM_NoResample,ANOVA,supervised,SVM,NoResample,70,TN,886,886,0.0,0.04941818833553567,0.01780701451289965,0.9081146579420115,-1.8094258244036385,-1.2939504067343097,-0.6198314926491739,0.01780701451289965,0.6416313844970127,1.6269709924153077,2.182765704031193,train_oof,0.07569208662861764
ANOVA_SVM_NoResample,ANOVA,supervised,SVM,NoResample,70,FN,31,31,0.0,0.15317769899044692,0.0888698223803593,0.8036993164466552,-1.4584892247504784,-1.0452331935315282,-0.3877022242598406,0.0888698223803593,0.8367103213030422,1.4140021728104812,1.6640558331982334,train_oof,0.07569208662861764
ANOVA_SVM_NoResample,ANOVA,supervised,SVM,NoResample,70,pred_anomaly,336,336,0.0,-0.1418852303564143,-0.1416725456934969,1.2087522763494372,-2.74507741354743,-2.169657947552261,-0.7716719709414935,-0.1416725456934969,0.566003950680897,1.4107420991804862,2.322511230726194,train_oof,0.07569208662861764
ANOVA_SVM_NoResample,ANOVA,supervised,SVM,NoResample,70,pred_normal,917,917,0.0,0.05292587081132874,0.0187115738360586,0.9045828054350243,-1.8002147961605652,-1.2913852228964957,-0.6021716711811214,0.0187115738360586,0.644436564132128,1.6226343363307496,2.1762208774647998,train_oof,0.07569208662861764
ANOVA_SVM_NoResample,ANOVA,supervised,SVM,NoResample,79,TP,52,52,0.0,0.5169583286352007,0.4623822905003115,0.9945595076502616,-1.3476016942221072,-1.0632879481612278,-0.14775621802444067,0.4623822905003115,0.8770604980640367,2.3342656368309402,2.400743736981,train_oof,0.07569208662861764
ANOVA_SVM_NoResample,ANOVA,supervised,SVM,NoResample,79,FP,284,284,0.0,0.3100128868397617,0.0822606002335632,1.191637842313528,-1.8313929363797867,-1.4004299700398608,-0.46740400302147894,0.0822606002335632,1.0142066760864146,2.5150394179407503,3.0490240014722945,train_oof,0.07569208662861764
ANOVA_SVM_NoResample,ANOVA,supervised,SVM,NoResample,79,TN,886,886,0.0,-0.13483649716286353,-0.20499044979755893,0.8810143326613349,-1.8999876232142863,-1.4360663785023686,-0.6337072425131812,-0.20499044979755893,0.2680018807048152,1.3262952229247391,2.9942951172032033,train_oof,0.07569208662861764
ANOVA_SVM_NoResample,ANOVA,supervised,SVM,NoResample,79,FN,31,31,0.0,0.0045084363153647085,-0.1855524088180093,1.1544465208081367,-1.3967583400770571,-1.3539946499220479,-0.8010903731704142,-0.1855524088180093,0.5790105363776092,2.1858885906870444,3.020860439875254,train_oof,0.07569208662861764
ANOVA_SVM_NoResample,ANOVA,supervised,SVM,NoResample,79,pred_anomaly,336,336,0.0,0.34204015759381773,0.1816105874623723,1.1643832699001575,-1.8088448088435092,-1.3755924732326585,-0.425288247565788,0.1816105874623723,0.9396941856648077,2.467740184890514,2.9910554437066104,train_oof,0.07569208662861764
ANOVA_SVM_NoResample,ANOVA,supervised,SVM,NoResample,79,pred_normal,917,917,0.0,-0.1301258178413531,-0.2028306674664979,0.8911799846779352,-1.8947177543264972,-1.4261313797794875,-0.639106698340834,-0.2028306674664979,0.2680018807048152,1.469704769707192,2.9972756168200676,train_oof,0.07569208662861764
ANOVA_SVM_NoResample,ANOVA,supervised,SVM,NoResample,95,TP,52,52,0.0,0.45544984954739226,0.3830604694868797,0.9289186973213186,-1.0191218222852516,-0.5580014712997856,-0.5580014712997856,0.3830604694868797,1.324122410273545,1.324122410273545,2.7263047020456783,train_oof,0.07569208662861764
ANOVA_SVM_NoResample,ANOVA,supervised,SVM,NoResample,95,FP,284,284,0.0,0.3101613050597436,0.3830604694868797,1.3568219365883225,-3.5411678235935145,-1.499063412086451,-0.5580014712997856,0.3830604694868797,1.324122410273545,2.124025059942178,3.5262073517143717,train_oof,0.07569208662861764
ANOVA_SVM_NoResample,ANOVA,supervised,SVM,NoResample,95,TN,886,886,0.0,-0.12665806746951883,-0.5580014712997856,0.8133067997110489,-1.6402227032044512,-1.499063412086451,-0.5580014712997856,-0.5580014712997856,0.3830604694868797,1.324122410273545,2.26518435106021,train_oof,0.07569208662861764
ANOVA_SVM_NoResample,ANOVA,supervised,SVM,NoResample,95,FN,31,31,0.0,0.018778427892041497,0.3830604694868797,1.231255737009411,-3.4752934877384485,-1.499063412086451,-0.5580014712997856,0.3830604694868797,0.3830604694868797,1.324122410273545,1.9828657688242097,train_oof,0.07569208662861764
ANOVA_SVM_NoResample,ANOVA,supervised,SVM,NoResample,95,pred_anomaly,336,336,0.0,0.3326464369447369,0.3830604694868797,1.2997456465322674,-3.051815614384448,-1.499063412086451,-0.5580014712997856,0.3830604694868797,1.324122410273545,1.5593878954702112,3.206246291846876,train_oof,0.07569208662861764
ANOVA_SVM_NoResample,ANOVA,supervised,SVM,NoResample,95,pred_normal,917,917,0.0,-0.12174145748455878,-0.5580014712997856,0.8303156099846505,-2.2895554423472495,-1.499063412086451,-0.5580014712997856,-0.5580014712997856,0.3830604694868797,1.324122410273545,2.26518435106021,train_oof,0.07569208662861764
ANOVA_SVM_NoResample,ANOVA,supervised,SVM,NoResample,100,TP,52,52,0.0,0.4720292415820041,0.048074981970692,1.3586883882350886,-1.3416363480159585,-1.0681590180185856,-0.3007481430259572,0.048074981970692,0.95501510696198,2.3782134569483055,5.191123136921292,train_oof,0.07569208662861764
ANOVA_SVM_NoResample,ANOVA,supervised,SVM,NoResample,100,FP,284,284,0.0,0.025475173872317586,0.048074981970692,1.3354500523395776,-3.5908478579943526,-1.626276018013224,-0.5100420180239468,0.048074981970692,0.6061919819653308,1.7224259819546082,3.117718481941205,train_oof,0.07569208662861764
ANOVA_SVM_NoResample,ANOVA,supervised,SVM,NoResample,100,TN,886,886,0.0,-0.04092939609670125,0.048074981970692,0.8310922090062343,-2.1843930180078632,-1.347217518015905,-0.5100420180239468,0.048074981970692,0.3271334819680114,1.1643089819599697,2.001484481951928,train_oof,0.07569208662861764
ANOVA_SVM_NoResample,ANOVA,supervised,SVM,NoResample,100,FN,31,31,0.0,0.15609762713094463,0.048074981970692,0.8990056844660528,-1.7378994180121523,-1.2076882680172454,-0.2309835180266273,0.048074981970692,0.6061919819653308,1.443367481957289,2.4200722319479055,train_oof,0.07569208662861764
ANOVA_SVM_NoResample,ANOVA,supervised,SVM,NoResample,100,pred_anomaly,336,336,0.0,0.09458473197024524,0.048074981970692,1.3467729314079422,-2.9238980430007593,-1.626276018013224,-0.5100420180239468,0.048074981970692,0.6061919819653308,2.001484481951928,3.84327058193421,train_oof,0.07569208662861764
ANOVA_SVM_NoResample,ANOVA,supervised,SVM,NoResample,100,pred_normal,917,917,0.0,-0.034268722465232306,0.048074981970692,0.8337132067508467,-2.1843930180078632,-1.347217518015905,-0.5100420180239468,0.048074981970692,0.3271334819680114,1.1643089819599697,2.001484481951928,train_oof,0.07569208662861764
ANOVA_SVM_NoResample,ANOVA,supervised,SVM,NoResample,103,TP,52,52,0.0,1.0141117324098905,1.039258487162017,1.1523549759842693,-1.281133160835689,-0.5887424154906425,0.3854428636067319,1.039258487162017,1.4724113377673929,2.6819702413446698,4.456752751485494,train_oof,0.07569208662861764
ANOVA_SVM_NoResample,ANOVA,supervised,SVM,NoResample,103,FP,284,284,0.0,0.5021627654174823,0.4508244259622606,1.2769272465476178,-2.4383868145285437,-1.1134294533937588,-0.2029911975930242,0.4508244259622606,1.2680939554063666,2.211222992384864,2.8052144863848447,train_oof,0.07569208662861764
ANOVA_SVM_NoResample,ANOVA,supervised,SVM,NoResample,103,TN,886,886,0.0,-0.2285828237314164,-0.268372759948553,0.7676611072580101,-1.7116707489468443,-1.4043774058758522,-0.7587344776150166,-0.268372759948553,0.1892981765401465,1.170021611873074,1.768262907426158,train_oof,0.07569208662861764
ANOVA_SVM_NoResample,ANOVA,supervised,SVM,NoResample,103,FN,31,31,0.0,0.18191638724194173,0.0912258330068538,0.9848450613501747,-1.8277230221279075,-1.2000600235148338,-0.4318266658373743,0.0912258330068538,1.0882946589286633,1.6276925483617737,1.7421102824839483,train_oof,0.07569208662861764
ANOVA_SVM_NoResample,ANOVA,supervised,SVM,NoResample,103,pred_anomaly,336,336,0.0,0.5813929626901169,0.5488967694955533,1.2704298266037721,-2.24616502120329,-1.0938149846871001,-0.1049188540597315,0.5488967694955533,1.333475517761895,2.256990086033735,3.3929947319610276,train_oof,0.07569208662861764
ANOVA_SVM_NoResample,ANOVA,supervised,SVM,NoResample,103,pred_normal,917,917,0.0,-0.2147055330660139,-0.268372759948553,0.7788683291993861,-1.7342273879595018,-1.3863974762280638,-0.7587344776150166,-0.268372759948553,0.2219889577179106,1.2746321116419173,1.7859159292621534,train_oof,0.07569208662861764
ANOVA_SVM_NoResample,ANOVA,supervised,SVM,NoResample,122,TP,52,52,0.0,-0.5062736724402167,-0.7630569772637802,0.689514564204393,-1.6648344373626591,-1.3964614770322499,-0.9657907305783932,-0.7630569772637802,0.12459559018613013,0.7319659740917945,0.8089604869626448,train_oof,0.07569208662861764
ANOVA_SVM_NoResample,ANOVA,supervised,SVM,NoResample,122,FP,284,284,0.0,-0.3044996365286081,-0.3127221645731235,0.826317421400791,-1.806637281211132,-1.460272756764062,-0.976869077754055,-0.3127221645731235,0.3863215422111428,0.8676757269936528,1.7129314598023244,train_oof,0.07569208662861764
ANOVA_SVM_NoResample,ANOVA,supervised,SVM,NoResample,122,TN,886,886,0.0,0.1330526187497263,0.12819605301822,1.039420594322745,-1.6648344373626591,-1.1751714921984031,-0.7043417372327719,0.12819605301822,0.5973640559075025,2.3289097194634576,2.734377226092684,train_oof,0.07569208662861764
ANOVA_SVM_NoResample,ANOVA,supervised,SVM,NoResample,122,FN,31,31,0.0,-0.15875100713331933,-0.0396409066930573,0.7403826577676138,-1.3959629514093448,-1.303126402077298,-0.8012772750198138,-0.0396409066930573,0.43894369129553695,0.8577052145355573,0.8676757269936528,train_oof,0.07569208662861764
ANOVA_SVM_NoResample,ANOVA,supervised,SVM,NoResample,122,pred_anomaly,336,336,0.0,-0.33572657065778566,-0.38910729053202164,0.809032785252453,-1.7864746893514274,-1.4263730144065365,-0.9671755239753509,-0.38910729053202164,0.3209592938747376,0.8427494458484136,1.3746762854878114,train_oof,0.07569208662861764
ANOVA_SVM_NoResample,ANOVA,supervised,SVM,NoResample,122,pred_normal,917,917,0.0,0.1231879378311064,0.1243186315067385,1.0317794844388477,-1.6648344373626591,-1.1928968476794624,-0.7043417372327719,0.1243186315067385,0.5973640559075025,2.3253646483672457,2.7318956763253364,train_oof,0.07569208662861764
ANOVA_SVM_NoResample,ANOVA,supervised,SVM,NoResample,123,TP,52,52,0.0,0.1543571879595054,0.0852875704887081,0.8810377013328536,-1.2021700991669373,-1.1119191323384237,-0.4672693692776692,0.0852875704887081,0.5687748927842903,1.9823997303532601,2.4327336362628555,train_oof,0.07569208662861764
ANOVA_SVM_NoResample,ANOVA,supervised,SVM,NoResample,123,FP,284,284,0.0,0.05241303047691917,0.0852875704887081,0.9723995895092505,-2.493311481754359,-1.2961047789272269,-0.5593621925720627,0.0852875704887081,0.6378445102550854,1.9271440363766104,2.3876081528485944,train_oof,0.07569208662861764
ANOVA_SVM_NoResample,ANOVA,supervised,SVM,NoResample,123,TN,886,886,0.0,-0.03774770846245419,-0.0068052528056853,1.0058149801078216,-2.677497128343162,-1.480290425516014,-0.6514550158664562,-0.0068052528056853,0.6378445102550854,1.3745870966102498,1.9271440363766104,train_oof,0.07569208662861764
ANOVA_SVM_NoResample,ANOVA,supervised,SVM,NoResample,123,FN,31,31,0.0,0.30512205190113545,-0.0068052528056853,1.1047754938769159,-1.7841967423875245,-1.2040119556328337,-0.3751765459832757,-0.0068052528056853,0.9141229801382658,2.3876081528485944,2.3876081528485944,train_oof,0.07569208662861764
ANOVA_SVM_NoResample,ANOVA,supervised,SVM,NoResample,123,pred_anomaly,336,336,0.0,0.06819010246827181,0.0852875704887081,0.9582915942244155,-2.4610789936013213,-1.227035161456432,-0.5593621925720627,0.0852875704887081,0.6378445102550854,1.9271440363766104,2.3876081528485944,train_oof,0.07569208662861764
ANOVA_SVM_NoResample,ANOVA,supervised,SVM,NoResample,123,pred_normal,917,917,0.0,-0.02615669148178759,-0.0068052528056853,1.0105661521745015,-2.6480274248889537,-1.480290425516014,-0.6514550158664562,-0.0068052528056853,0.6378445102550854,1.4666799199046432,2.1592179510785052,train_oof,0.07569208662861764
ANOVA_SVM_NoResample,ANOVA,supervised,SVM,NoResample,124,TP,52,52,0.0,0.3208826910663698,0.2991009479565267,0.844352819763473,-1.1733448862688547,-0.5721687764371874,-0.2672243728993928,0.2991009479565267,0.8218627825927614,2.0067896077682112,2.39014828650145,train_oof,0.07569208662861764
ANOVA_SVM_NoResample,ANOVA,supervised,SVM,NoResample,124,FP,284,284,0.0,0.07079397719081892,0.0377200306384171,0.9935756228863589,-2.331262349988111,-1.5174964274043792,-0.5721687764371874,0.0377200306384171,0.6476088377140061,1.8673864518652308,2.564402231380189,train_oof,0.07569208662861764
ANOVA_SVM_NoResample,ANOVA,supervised,SVM,NoResample,124,TN,886,886,0.0,-0.054895947516580314,-0.2236608866797079,0.9930645756929234,-2.401835197664001,-1.6176924457096569,-0.7464227213159271,-0.2236608866797079,0.6476088377140061,1.6060055345471056,1.9806515160363918,train_oof,0.07569208662861764
ANOVA_SVM_NoResample,ANOVA,supervised,SVM,NoResample,124,FN,31,31,0.0,0.33844861292914535,0.0377200306384171,1.2160043058974734,-1.8877860602717094,-1.0078036386340523,-0.5721687764371874,0.0377200306384171,1.039680213691186,2.5208387451604968,2.564402231380189,train_oof,0.07569208662861764
ANOVA_SVM_NoResample,ANOVA,supervised,SVM,NoResample,124,pred_anomaly,336,336,0.0,0.10949818290965416,0.0377200306384171,0.9750376530813478,-2.1665923720776967,-1.4434385008309016,-0.4850418039978175,0.0377200306384171,0.6693905808238525,1.8673864518652308,2.564402231380189,train_oof,0.07569208662861764
ANOVA_SVM_NoResample,ANOVA,supervised,SVM,NoResample,124,pred_normal,917,917,0.0,-0.04159858505876408,-0.2236608866797079,1.0031397414116172,-2.401835197664001,-1.6176924457096569,-0.7464227213159271,-0.2236608866797079,0.6476088377140061,1.6931325069864755,2.1287673691833247,train_oof,0.07569208662861764
ANOVA_SVM_NoResample,ANOVA,supervised,SVM,NoResample,125,TP,52,52,0.0,-0.504807613714283,-0.6240351334555115,0.6699812594212885,-1.8940105508520713,-1.6363859144614394,-0.9425502016136407,-0.6240351334555115,-0.17016232946019635,0.44060036505003375,1.2116123235850684,train_oof,0.07569208662861764
ANOVA_SVM_NoResample,ANOVA,supervised,SVM,NoResample,125,FP,284,284,0.0,-0.28834481033607223,-0.40424633467037824,0.8963161825190433,-2.2531919074878597,-1.5342824025705246,-0.8581191386656936,-0.40424633467037824,0.12914355506427302,1.0567237619696581,2.1163559382264423,train_oof,0.07569208662861764
ANOVA_SVM_NoResample,ANOVA,supervised,SVM,NoResample,125,TN,886,886,0.0,0.1287362128422729,-0.0826041901067694,1.0210733762872632,-1.4191523838247841,-0.9932088393824092,-0.7230294379489777,-0.0826041901067694,0.6786155520271047,2.1974812346885915,3.459033201699192,train_oof,0.07569208662861764
ANOVA_SVM_NoResample,ANOVA,supervised,SVM,NoResample,125,FN,31,31,0.0,-0.16498608132725523,-0.2505728656010983,0.8565608527063031,-1.4259247378686513,-1.0609323798210801,-0.7905742883073356,-0.2505728656010983,0.3391043994321845,1.5023768222705702,2.0402339640130496,train_oof,0.07569208662861764
ANOVA_SVM_NoResample,ANOVA,supervised,SVM,NoResample,125,pred_anomaly,336,336,0.0,-0.32184500609698585,-0.42926294591421454,0.8678492238922371,-2.074998585598014,-1.5678761376693908,-0.8749160062151262,-0.42926294591421454,0.0853644853875594,1.0395695142595998,2.054171790277472,train_oof,0.07569208662861764
ANOVA_SVM_NoResample,ANOVA,supervised,SVM,NoResample,125,pred_normal,917,917,0.0,0.11880666963697807,-0.0826041901067694,1.0169351119179124,-1.51261086963015,-0.9932088393824092,-0.7230294379489777,-0.0826041901067694,0.6786155520271047,2.1974812346885915,3.3835545117749466,train_oof,0.07569208662861764
ANOVA_SVM_NoResample,ANOVA,supervised,SVM,NoResample,129,TP,52,52,0.0,0.5330015194693728,0.460546058970014,0.6189132941667432,-1.116450626168842,-0.3504476858942962,0.412277481191574,0.460546058970014,0.7115426634179023,1.618991925652575,2.1133111450157136,train_oof,0.07569208662861764
ANOVA_SVM_NoResample,ANOVA,supervised,SVM,NoResample,129,FP,284,284,0.0,0.29144868490044185,0.460546058970014,0.8128669524715185,-2.0857489785091325,-1.6562912983341065,0.0743157985559761,0.460546058970014,0.7018889478622143,1.2329249416115724,1.6320377078580643,train_oof,0.07569208662861764
ANOVA_SVM_NoResample,ANOVA,supervised,SVM,NoResample,129,TN,886,886,0.0,-0.1337609296350117,0.1516271611879976,1.0438267135699841,-2.624561009524277,-2.3935249416799045,-0.4276774103398004,0.1516271611879976,0.499160921192766,1.078465492720564,2.043510495543296,train_oof,0.07569208662861764
ANOVA_SVM_NoResample,ANOVA,supervised,SVM,NoResample,129,FN,31,31,0.0,0.2446788928785604,0.460546058970014,0.8068911395080028,-1.615839576914712,-1.1799732990980667,-0.09945108144640799,0.460546058970014,0.846776319384052,1.1750026482774443,1.3256006109461775,train_oof,0.07569208662861764
ANOVA_SVM_NoResample,ANOVA,supervised,SVM,NoResample,129,pred_anomaly,336,336,0.0,0.3288318616789669,0.460546058970014,0.7900373495293843,-2.0857489785091325,-1.6236768428203867,0.1129306607787282,0.460546058970014,0.7018889478622143,1.2715398038343244,1.7461434011534962,train_oof,0.07569208662861764
ANOVA_SVM_NoResample,ANOVA,supervised,SVM,NoResample,129,pred_normal,917,917,0.0,-0.12096743508984188,0.1902420234107497,1.038607882964016,-2.618421817898165,-2.3935249416799045,-0.4276774103398004,0.1902420234107497,0.499160921192766,1.078465492720564,2.006414103589776,train_oof,0.07569208662861764
ANOVA_SVM_NoResample,ANOVA,supervised,SVM,NoResample,130,TP,52,52,0.0,0.3768546272907555,0.3964126476722507,0.7607535465375358,-0.9496228449170677,-0.8426043591000895,-0.18434799351206746,0.3964126476722507,0.9317489657403147,1.3679444121479374,1.5869201356911788,train_oof,0.07569208662861764
ANOVA_SVM_NoResample,ANOVA,supervised,SVM,NoResample,130,FP,284,284,0.0,0.22573054005181342,0.2988570544024432,0.8422701763649996,-1.6318169142036676,-1.1376490564954609,-0.4983550593492587,0.2988570544024432,0.9616253661791934,1.360200936932148,1.6888535362089698,train_oof,0.07569208662861764
ANOVA_SVM_NoResample,ANOVA,supervised,SVM,NoResample,130,TN,886,886,0.0,-0.10561861946732463,0.0275305606207931,1.044906139039113,-2.5924468411314554,-2.125399438352255,-0.8068746230650229,0.0275305606207931,0.7915128004149687,1.2097824065592653,1.5500075380877156,train_oof,0.07569208662861764
ANOVA_SVM_NoResample,ANOVA,supervised,SVM,NoResample,130,FN,31,31,0.0,0.26715148658975646,0.0842347492088688,0.7285880120521033,-0.7953508686100271,-0.7169405605194199,-0.3413515264306638,0.0842347492088688,0.9640642560109387,1.2811199341378112,1.529520863501056,train_oof,0.07569208662861764
ANOVA_SVM_NoResample,ANOVA,supervised,SVM,NoResample,130,pred_anomaly,336,336,0.0,0.24911879164831638,0.3159292832246588,0.8309057116200038,-1.5132380905842175,-1.1376490564954609,-0.4721369936579983,0.3159292832246588,0.9524795293101488,1.4039790094119742,1.6576235519134705,train_oof,0.07569208662861764
ANOVA_SVM_NoResample,ANOVA,supervised,SVM,NoResample,130,pred_normal,917,917,0.0,-0.09301679472602743,0.0452125119009463,1.0376934220872795,-2.5924468411314554,-2.125399438352255,-0.7913267003876469,0.0452125119009463,0.7988294699102034,1.2097824065592653,1.5500075380877156,train_oof,0.07569208662861764
ANOVA_SVM_NoResample,ANOVA,supervised,SVM,NoResample,133,TP,52,52,0.0,0.15066685779235378,0.007203741807123001,0.8380140247852025,-1.6860574506341177,-0.8562693908127992,-0.40999365950122435,0.007203741807123,0.9539814540410332,1.4876811886991361,1.5580674688900524,train_oof,0.07569208662861764
ANOVA_SVM_NoResample,ANOVA,supervised,SVM,NoResample,133,FP,284,284,0.0,0.08782360546244196,0.1652585232415979,1.046188817738874,-2.640431060127601,-1.713442586971446,-0.49461142451599266,0.1652585232415979,0.882655594649849,1.5574027211787602,2.5796904993333185,train_oof,0.07569208662861764
ANOVA_SVM_NoResample,ANOVA,supervised,SVM,NoResample,133,TN,886,886,0.0,-0.05127450732591866,-0.0351565858625062,0.9862216691001201,-2.640431060127601,-1.726338174308084,-0.6385626099892052,-0.0351565858625062,0.6160172240989167,1.4899981263766406,2.1469719020373548,train_oof,0.07569208662861764
ANOVA_SVM_NoResample,ANOVA,supervised,SVM,NoResample,133,FN,31,31,0.0,0.39625602958467454,0.4812156560001893,0.9889844210261394,-2.2841851248991936,-1.117059780179677,-0.11858158526370019,0.4812156560001893,1.2361105345575085,1.5510463855766614,1.6939801000632222,train_oof,0.07569208662861764
ANOVA_SVM_NoResample,ANOVA,supervised,SVM,NoResample,133,pred_anomaly,336,336,0.0,0.09754934689445212,0.1222732321194762,1.015897291483071,-2.629547550247743,-1.6772518680187212,-0.4830419791395055,0.1222732321194762,0.8839207645658532,1.5574027211787602,2.3431715564393776,train_oof,0.07569208662861764
ANOVA_SVM_NoResample,ANOVA,supervised,SVM,NoResample,133,pred_normal,917,917,0.0,-0.03614533977496077,-0.0294709427460056,0.989090031992818,-2.640431060127601,-1.726338174308084,-0.6210826870834422,-0.0294709427460056,0.6735214832330199,1.5472325842154013,2.1469719020373548,train_oof,0.07569208662861764
ANOVA_SVM_NoResample,ANOVA,supervised,SVM,NoResample,159,TP,52,52,0.0,0.36973211719709026,-0.18993856593153852,1.5746475822844468,-0.8232359302652994,-0.7218351884523485,-0.3871878475561547,-0.18993856593153852,0.18913721398078964,5.091147138799953,5.37961271373224,train_oof,0.07569208662861764
ANOVA_SVM_NoResample,ANOVA,supervised,SVM,NoResample,159,FP,284,284,0.0,0.2361868020898627,-0.2537943004492469,1.4989049743818827,-0.730407009085912,-0.6906108165737741,-0.45699623529161554,-0.2537943004492469,0.1247403291705583,4.572671043533712,7.275521940580553,train_oof,0.07569208662861764
ANOVA_SVM_NoResample,ANOVA,supervised,SVM,NoResample,159,TN,886,886,0.0,-0.10980068186746798,-0.2716522601025043,0.6386075974569768,-0.7840133570632357,-0.6913143119540539,-0.49595905635326815,-0.2716522601025043,0.060343444360326924,1.0841997978137532,2.1633617111630246,train_oof,0.07569208662861764
ANOVA_SVM_NoResample,ANOVA,supervised,SVM,NoResample,159,FN,31,31,0.0,0.35842124500470357,-0.2013027220745205,1.7436106091455459,-0.7392061128423353,-0.6721034765694891,-0.4783716718462721,-0.2013027220745205,0.08875383471778195,3.777234228554226,6.697605897183589,train_oof,0.07569208662861764
ANOVA_SVM_NoResample,ANOVA,supervised,SVM,NoResample,159,pred_anomaly,336,336,0.0,0.25685452942788606,-0.21266687821750246,1.5092350441711533,-0.7704845997501619,-0.6932083379778844,-0.44725553002620244,-0.21266687821750246,0.13379947724668434,4.892274406297769,6.679639707471791,train_oof,0.07569208662861764
ANOVA_SVM_NoResample,ANOVA,supervised,SVM,NoResample,159,pred_normal,917,917,0.0,-0.09397202348901942,-0.2716522601025043,0.707640904232221,-0.7810694994719108,-0.6907190466322787,-0.4935238800369148,-0.2716522601025043,0.0627786206766802,1.1489754878287473,2.3302849303946593,train_oof,0.07569208662861764
ANOVA_SVM_NoResample,ANOVA,supervised,SVM,NoResample,165,TP,52,52,0.0,0.3702368529359005,-0.1976426663566039,2.026296804928375,-0.5278501766050834,-0.45243964512652524,-0.3395582038421502,-0.1976426663566039,-0.0876255753701022,7.190818729267054,7.367939735868282,train_oof,0.07569208662861764
ANOVA_SVM_NoResample,ANOVA,supervised,SVM,NoResample,165,FP,284,284,0.0,0.22017288653646144,-0.1729050956022425,1.6200647328585511,-0.5526919055520947,-0.4756148429911374,-0.30114987030248397,-0.1729050956022425,0.036713267105766376,1.752719491013517,7.355440752750289,train_oof,0.07569208662861764
ANOVA_SVM_NoResample,ANOVA,supervised,SVM,NoResample,165,TN,886,886,0.0,-0.10548735346914359,-0.1494695022560055,0.43046620340065567,-0.5192310861633007,-0.4489243061245897,-0.2952909719659247,-0.1494695022560055,0.0171836059839022,0.2899478729859386,0.5153201623322512,train_oof,0.07569208662861764
ANOVA_SVM_NoResample,ANOVA,supervised,SVM,NoResample,165,FN,31,31,0.0,0.3955130412220798,-0.0713508577685487,1.831007041249361,-0.38512741312649995,-0.3708056616371329,-0.2484197852734507,-0.0713508577685487,0.11352993418509875,3.8619228921748983,7.23716912499628,train_oof,0.07569208662861764
ANOVA_SVM_NoResample,ANOVA,supervised,SVM,NoResample,165,pred_anomaly,336,336,0.0,0.24339707181256506,-0.1755090504184911,1.6867828108316851,-0.5521711145888449,-0.46780297854239167,-0.31221667827154037,-0.1755090504184911,0.018485583392026474,6.879255535502915,7.371272798033079,train_oof,0.07569208662861764
ANOVA_SVM_NoResample,ANOVA,supervised,SVM,NoResample,165,pred_normal,917,917,0.0,-0.08855058985362786,-0.1468655474397569,0.5450122404470638,-0.5188144533927009,-0.4468411422715908,-0.2952909719659247,-0.1468655474397569,0.0223915156163993,0.29684835324899694,0.5768255750920434,train_oof,0.07569208662861764
ANOVA_SVM_NoResample,ANOVA,supervised,SVM,NoResample,200,TP,52,52,0.0,0.3683744592823101,0.06908716492901865,2.073101213918411,-0.913757701389692,-0.6162805351129584,-0.1913737799011753,0.06908716492901865,0.4446601770263252,0.8806537626799633,7.707435916047031,train_oof,0.07569208662861764
ANOVA_SVM_NoResample,ANOVA,supervised,SVM,NoResample,200,FP,284,284,0.0,0.07254775551050203,-0.068835127649088,1.6944789301812389,-1.140756576159013,-0.8292643830749196,-0.39348298556370875,-0.068835127649088,0.22716733103777192,0.7361536376865927,3.16839204848736,train_oof,0.07569208662861764
ANOVA_SVM_NoResample,ANOVA,supervised,SVM,NoResample,200,TN,886,886,0.0,-0.045493559357766195,-0.0561038391034165,0.4747033042467788,-1.1001755939196856,-0.7836439324529303,-0.3717337009648535,-0.0561038391034165,0.2539560840192889,0.752863453902787,1.0871658722978745,train_oof,0.07569208662861764
ANOVA_SVM_NoResample,ANOVA,supervised,SVM,NoResample,200,FN,31,31,0.0,0.021225049253961147,-0.0025263331403826,0.39227008246344497,-0.5822243382532873,-0.4507737840192302,-0.27518809616017875,-0.0025263331403826,0.2563432006216023,0.7422540467813943,0.9563518824911015,train_oof,0.07569208662861764
ANOVA_SVM_NoResample,ANOVA,supervised,SVM,NoResample,200,pred_anomaly,336,336,0.0,0.11833045966566284,-0.041250669133466644,1.7582198068498038,-1.1487136315000577,-0.8027408652714374,-0.3685508788284356,-0.041250669133466644,0.25050802670483624,0.7809783827744781,6.037515235139636,train_oof,0.07569208662861764
ANOVA_SVM_NoResample,ANOVA,supervised,SVM,NoResample,200,pred_normal,917,917,0.0,-0.04323807749630104,-0.0555733687473468,0.47212512921206323,-1.0958045181856717,-0.7795593107111941,-0.3685508788284355,-0.0555733687473468,0.2542213191973237,0.7530756420452148,1.079039066442889,train_oof,0.07569208662861764
ANOVA_SVM_NoResample,ANOVA,supervised,SVM,NoResample,249,TP,52,52,0.0,0.7720889875683071,-0.0713974120796145,4.25985693892965,-0.0713974120796145,-0.0713974120796145,-0.0713974120796145,-0.0713974120796145,-0.0713974120796145,-0.0713974120796145,21.848710099896337,train_oof,0.07569208662861764
ANOVA_SVM_NoResample,ANOVA,supervised,SVM,NoResample,249,FP,284,284,0.0,0.013952663276121994,-0.0713974120796145,0.9040998533168189,-0.0713974120796145,-0.0713974120796145,-0.0713974120796145,-0.0713974120796145,-0.0713974120796145,-0.0713974120796145,1.68218511330188,train_oof,0.07569208662861764
ANOVA_SVM_NoResample,ANOVA,supervised,SVM,NoResample,249,TN,886,886,0.0,-0.047288785496052414,-0.0713974120796145,0.26684686147260656,-0.0713974120796145,-0.0713974120796145,-0.0713974120796145,-0.0713974120796145,-0.0713974120796145,-0.0713974120796145,0.3534171897940839,train_oof,0.07569208662861764
ANOVA_SVM_NoResample,ANOVA,supervised,SVM,NoResample,249,FN,31,31,0.0,-0.07139741207961452,-0.0713974120796145,1.4107188271233017e-17,-0.0713974120796145,-0.0713974120796145,-0.0713974120796145,-0.0713974120796145,-0.0713974120796145,-0.0713974120796145,-0.0713974120796145,train_oof,0.07569208662861764
ANOVA_SVM_NoResample,ANOVA,supervised,SVM,NoResample,249,pred_anomaly,336,336,0.0,0.13128328489276966,-0.0713974120796145,1.8784331359409516,-0.0713974120796145,-0.0713974120796145,-0.0713974120796145,-0.0713974120796145,-0.0713974120796145,-0.0713974120796145,4.200107977348638,train_oof,0.07569208662861764
ANOVA_SVM_NoResample,ANOVA,supervised,SVM,NoResample,249,pred_normal,917,917,0.0,-0.048103799044678826,-0.0713974120796145,0.2623288023678582,-0.0713974120796145,-0.0713974120796145,-0.0713974120796145,-0.0713974120796145,-0.0713974120796145,-0.0713974120796145,0.2528089234680009,train_oof,0.07569208662861764
ANOVA_SVM_NoResample,ANOVA,supervised,SVM,NoResample,295,TP,52,52,0.0,0.3135004781656453,-0.062089540161189796,1.3513364882208998,-0.7105729677398094,-0.5994258905081633,-0.3290120531947978,-0.062089540161189796,0.16107311985874284,3.7659191274256565,4.916648380105361,train_oof,0.07569208662861764
ANOVA_SVM_NoResample,ANOVA,supervised,SVM,NoResample,295,FP,284,284,0.0,0.35387329439400866,-0.178349346461128,1.6572982222262478,-0.8291887658295729,-0.6916487834608018,-0.4153143848422203,-0.178349346461128,0.15601292370244235,5.394481889288393,5.898225884907804,train_oof,0.07569208662861764
ANOVA_SVM_NoResample,ANOVA,supervised,SVM,NoResample,295,TN,886,886,0.0,-0.14475379296604554,-0.20184352909228842,0.5155259385738583,-0.8113727240463972,-0.6871445535567517,-0.4487959592385685,-0.20184352909228842,0.0794830446126068,0.44717232096877474,1.3319720023316295,train_oof,0.07569208662861764
ANOVA_SVM_NoResample,ANOVA,supervised,SVM,NoResample,295,FN,31,31,0.0,0.3812146608338007,-0.1311458576522632,1.6608886519481776,-0.7046711315844288,-0.6023093755570951,-0.4148228450505671,-0.1311458576522632,0.11013372586047661,5.1175753947600455,5.486275401540977,train_oof,0.07569208662861764
ANOVA_SVM_NoResample,ANOVA,supervised,SVM,NoResample,295,pred_anomaly,336,336,0.0,0.34762512045390487,-0.16246578143289014,1.611990194590989,-0.809307722338519,-0.6715584194131313,-0.39200196040891094,-0.16246578143289014,0.15949029352421068,5.1685705512885844,5.8640473360281025,train_oof,0.07569208662861764
ANOVA_SVM_NoResample,ANOVA,supervised,SVM,NoResample,295,pred_normal,917,917,0.0,-0.12697296192155783,-0.196830247196995,0.5967948717328468,-0.8102288898444112,-0.6870804773401462,-0.4477627394627515,-0.196830247196995,0.0804925768342414,0.46333086439836585,2.108594022953489,train_oof,0.07569208662861764
ANOVA_SVM_NoResample,ANOVA,supervised,SVM,NoResample,298,TP,52,52,0.0,0.41693951612544594,-0.0925895610323696,1.868970692819002,-0.6000730918183683,-0.5615662666164563,-0.35846227727022734,-0.0925895610323696,0.1675916903318947,6.395273861658717,7.0258068630118045,train_oof,0.07569208662861764
ANOVA_SVM_NoResample,ANOVA,supervised,SVM,NoResample,298,FP,284,284,0.0,0.2577504487821965,-0.15763487387343572,1.6167335783262273,-0.7382130749645816,-0.5972598820379914,-0.3470793475230408,-0.15763487387343572,0.15092382891637157,5.232426281342411,7.366351598391205,train_oof,0.07569208662861764
ANOVA_SVM_NoResample,ANOVA,supervised,SVM,NoResample,298,TN,886,886,0.0,-0.1188444481709546,-0.1771484677257556,0.47625124125239704,-0.8080066956430455,-0.6491335190287415,-0.3665929413753606,-0.1771484677257556,0.0627061233756756,0.48793985607414536,0.7960920256586961,train_oof,0.07569208662861764
ANOVA_SVM_NoResample,ANOVA,supervised,SVM,NoResample,298,FN,31,31,0.0,0.35766563475092955,-0.0576277053802966,1.727005762930295,-0.7295457870285096,-0.6723059117283714,-0.2771556362188947,-0.0576277053802966,0.178161553668568,3.4662021177844604,6.8716494715784755,train_oof,0.07569208662861764
ANOVA_SVM_NoResample,ANOVA,supervised,SVM,NoResample,298,pred_anomaly,336,336,0.0,0.2823868520615089,-0.1381212800211159,1.6562613900463774,-0.7294644803874581,-0.5909992706770387,-0.3495185467545807,-0.1381212800211159,0.1545826277636816,6.141190608373302,7.386645735997616,train_oof,0.07569208662861764
ANOVA_SVM_NoResample,ANOVA,supervised,SVM,NoResample,298,pred_normal,917,917,0.0,-0.10273560131099994,-0.1747092684942156,0.5694256276081665,-0.8064943921194908,-0.6505157319266142,-0.3665929413753606,-0.1747092684942156,0.0805935844069688,0.5017619850528715,0.8392821133851643,train_oof,0.07569208662861764
ANOVA_SVM_NoResample,ANOVA,supervised,SVM,NoResample,316,TP,52,52,0.0,-0.3328763510713839,-0.4531803223726063,0.7586457947149976,-1.6891060549011168,-1.4406217666421914,-0.7541185686631651,-0.4531803223726063,-0.017814936810570954,1.0131235884069187,1.8553334138127306,train_oof,0.07569208662861764
ANOVA_SVM_NoResample,ANOVA,supervised,SVM,NoResample,316,FP,284,284,0.0,-0.14565446165434795,-0.3183339460129593,1.1552572661196747,-2.205403927284128,-1.7023934044955897,-0.8913324015207141,-0.3183339460129593,0.3736045375091658,1.8977483698530513,2.7067131873870807,train_oof,0.07569208662861764
ANOVA_SVM_NoResample,ANOVA,supervised,SVM,NoResample,316,TN,886,886,0.0,0.07409249822777877,-0.0648681347063653,0.9463168723133306,-1.7573134630458707,-1.2606802761985554,-0.5673854373911739,-0.0648681347063653,0.6519039810385406,1.882463478838474,2.7317046500430506,train_oof,0.07569208662861764
ANOVA_SVM_NoResample,ANOVA,supervised,SVM,NoResample,316,FN,31,31,0.0,-0.21848074049662422,-0.2552017727355823,1.06968907732943,-1.7730471843548423,-1.6213228160455708,-1.0997425563516172,-0.2552017727355823,0.25774713514310454,1.4143976003991723,2.4139870558236143,train_oof,0.07569208662861764
ANOVA_SVM_NoResample,ANOVA,supervised,SVM,NoResample,316,pred_anomaly,336,336,0.0,-0.17462927787365112,-0.3703686669564228,1.104388278409805,-2.2026566913063546,-1.6612983054528472,-0.8544148767565605,-0.3703686669564228,0.2969088113792275,1.8131413932592917,2.628024852038069,train_oof,0.07569208662861764
ANOVA_SVM_NoResample,ANOVA,supervised,SVM,NoResample,316,pred_normal,917,917,0.0,0.06420179986304977,-0.0704415218785094,0.9515685933106202,-1.792979195186759,-1.2770157260340766,-0.5767812803672214,-0.0704415218785094,0.6357510226413992,1.882354970415654,2.743343658050861,train_oof,0.07569208662861764
ANOVA_SVM_NoResample,ANOVA,supervised,SVM,NoResample,337,TP,52,52,0.0,0.3532275070573205,-0.10857883479519286,2.769334112381159,-0.6748224396877123,-0.6141289349280284,-0.40149383621821594,-0.10857883479519286,0.41851543030100635,0.9138184829889298,10.19203254819515,train_oof,0.07569208662861764
ANOVA_SVM_NoResample,ANOVA,supervised,SVM,NoResample,337,FP,284,284,0.0,0.1200244165787303,-0.1603868367378754,1.4529741447990285,-0.8757873050711237,-0.7007365326298458,-0.4170266909424034,-0.1603868367378754,0.333882509828392,1.198842957859349,4.040694237357557,train_oof,0.07569208662861764
ANOVA_SVM_NoResample,ANOVA,supervised,SVM,NoResample,337,TN,886,886,0.0,-0.0603111061429255,-0.16520079512427677,0.5130332100079953,-0.8149568820836692,-0.6765030972963241,-0.4401964189287025,-0.16520079512427677,0.2029783197515915,0.9076980745602948,1.5569904942144874,train_oof,0.07569208662861764
ANOVA_SVM_NoResample,ANOVA,supervised,SVM,NoResample,337,FN,31,31,0.0,0.012043290837175978,-0.1035057689853617,0.606547600315903,-0.8522575530596108,-0.6171400449570895,-0.3779149900214467,-0.1035057689853617,0.21607010248663983,1.00433179587337,1.8267521323796296,train_oof,0.07569208662861764
ANOVA_SVM_NoResample,ANOVA,supervised,SVM,NoResample,337,pred_anomaly,336,336,0.0,0.15611537105755977,-0.15868217830411735,1.7199192613229823,-0.872563453572618,-0.6724937388337155,-0.4170266909424034,-0.15868217830411735,0.33553261994395533,1.1629605633463718,4.497047599935834,train_oof,0.07569208662861764
ANOVA_SVM_NoResample,ANOVA,supervised,SVM,NoResample,337,pred_normal,917,917,0.0,-0.05786510144676067,-0.1643280096086068,0.516251737264588,-0.8178174366112771,-0.6769694920562602,-0.4364188941186938,-0.1643280096086068,0.2033328888673324,0.9145876252246118,1.5575927162203,train_oof,0.07569208662861764
ANOVA_SVM_NoResample,ANOVA,supervised,SVM,NoResample,348,TP,52,52,0.0,0.6080286861554781,-0.058340021269173356,2.551783775434046,-1.1374858216696386,-1.0400826655597808,-0.5270927100478636,-0.058340021269173356,1.039474717385681,2.050844154993037,11.67817210489139,train_oof,0.07569208662861764
ANOVA_SVM_NoResample,ANOVA,supervised,SVM,NoResample,348,FP,284,284,0.0,0.2790205804772637,-0.0055799783763338,1.2588308411868192,-1.1068849967917915,-0.9227930317441604,-0.4844788292498008,-0.0055799783763338,0.6275405363377413,2.266754484369886,5.9115805860007695,train_oof,0.07569208662861764
ANOVA_SVM_NoResample,ANOVA,supervised,SVM,NoResample,348,TN,886,886,0.0,-0.14280042609232124,-0.22067861478560286,0.6395318174199518,-1.0457645163328557,-0.898442242716696,-0.5331804073047296,-0.22067861478560286,0.0755893183818809,0.8649607293555193,2.2882643480108147,train_oof,0.07569208662861764
ANOVA_SVM_NoResample,ANOVA,supervised,SVM,NoResample,348,FN,31,31,0.0,0.3821997909750083,0.0350046700027735,0.9958179557444728,-0.9146761020683392,-0.7929221569310169,-0.2531463334888887,0.0350046700027735,0.9968608365876184,2.0804709483097854,2.874306670605125,train_oof,0.07569208662861764
ANOVA_SVM_NoResample,ANOVA,supervised,SVM,NoResample,348,pred_anomaly,336,336,0.0,0.3299385015941302,-0.0096384432142445,1.531077755123898,-1.1281513525424438,-0.9552607504474464,-0.48853729408771157,-0.0096384432142445,0.7168267627717774,2.232663379731438,7.019622656047126,train_oof,0.07569208662861764
ANOVA_SVM_NoResample,ANOVA,supervised,SVM,NoResample,348,pred_normal,917,917,0.0,-0.12505232715111383,-0.216620149947692,0.6607946209170737,-1.043248268133351,-0.898442242716696,-0.5331804073047296,-0.216620149947692,0.0918231777335238,1.0203999326474966,2.336316571691679,train_oof,0.07569208662861764
ANOVA_SVM_NoResample,ANOVA,supervised,SVM,NoResample,377,TP,52,52,0.0,-0.4084440767690225,-0.3714959728317686,0.7499734136281105,-1.8658415098495904,-1.534950712367073,-0.7984518405511466,-0.3714959728317686,-0.1580180389720797,1.1015017708000832,1.6501400608194865,train_oof,0.07569208662861764
ANOVA_SVM_NoResample,ANOVA,supervised,SVM,NoResample,377,FP,284,284,0.0,-0.1317091386724702,-0.3714959728317686,1.2189409244721112,-1.9021327586057377,-1.438885642130213,-0.7984518405511466,-0.3714959728317686,0.4824157626069867,1.3363274980457427,2.4400084161003375,train_oof,0.07569208662861764
ANOVA_SVM_NoResample,ANOVA,supervised,SVM,NoResample,377,TN,886,886,0.0,0.06862506180854822,0.0554598948876092,0.9309712855374827,-1.6523635759899018,-1.225407708270524,-0.5849739066914577,0.0554598948876092,0.6958936964666758,1.549805431905431,2.403717167344187,train_oof,0.07569208662861764
ANOVA_SVM_NoResample,ANOVA,supervised,SVM,NoResample,377,FN,31,31,0.0,-0.10292695926635365,-0.1580180389720797,0.7577068231214326,-1.438885642130213,-1.3321466752003683,-0.5849739066914577,-0.1580180389720797,0.3756767956771422,1.1228495641860532,1.5711532252913993,train_oof,0.07569208662861764
ANOVA_SVM_NoResample,ANOVA,supervised,SVM,NoResample,377,pred_anomaly,336,336,0.0,-0.17453716480646045,-0.3714959728317686,1.162264441792108,-1.8658415098495904,-1.438885642130213,-0.7984518405511466,-0.3714959728317686,0.2689378287472977,1.3363274980457427,2.254282613642395,train_oof,0.07569208662861764
ANOVA_SVM_NoResample,ANOVA,supervised,SVM,NoResample,377,pred_normal,917,917,0.0,0.06282559326621238,0.0554598948876092,0.9258191508474033,-1.6523635759899018,-1.225407708270524,-0.5849739066914577,0.0554598948876092,0.6958936964666758,1.549805431905431,2.403717167344187,train_oof,0.07569208662861764
ANOVA_SVM_NoResample,ANOVA,supervised,SVM,NoResample,434,TP,52,52,0.0,0.6543976024299456,-0.1188248937820901,2.781774080604015,-0.2795494921048466,-0.27076426067653503,-0.21281464600037903,-0.1188248937820901,-0.03748140930690185,8.130205075928533,11.321923040158756,train_oof,0.07569208662861764
ANOVA_SVM_NoResample,ANOVA,supervised,SVM,NoResample,434,FP,284,284,0.0,0.22195888321728174,-0.1215284621401054,1.5770817047831642,-0.3383780234905475,-0.29436255020149654,-0.2077834536078966,-0.1215284621401054,-0.04808494832322392,3.1766186058202064,6.700159010443576,train_oof,0.07569208662861764
ANOVA_SVM_NoResample,ANOVA,supervised,SVM,NoResample,434,TN,886,886,0.0,-0.1154727213538058,-0.12901210383073303,0.26242893818103485,-0.3599053590938142,-0.30522499150001203,-0.20564894159900185,-0.12901210383073303,-0.053439952135012375,0.06552292974771311,0.15738507205992108,train_oof,0.07569208662861764
ANOVA_SVM_NoResample,ANOVA,supervised,SVM,NoResample,434,FN,31,31,0.0,0.18412081024271978,-0.0902722161151211,1.205766571939368,-0.34450779568599793,-0.31465811010278816,-0.16888716717955846,-0.0902722161151211,-0.044837288668823805,1.8409038438455698,4.975990201330799,train_oof,0.07569208662861764
ANOVA_SVM_NoResample,ANOVA,supervised,SVM,NoResample,434,pred_anomaly,336,336,0.0,0.28888392309543204,-0.12130671373051265,1.817612583568023,-0.33661237747848405,-0.29195826876980585,-0.20857646116538067,-0.12130671373051265,-0.046392464601000924,3.600811565111147,11.321923040158756,train_oof,0.07569208662861764
ANOVA_SVM_NoResample,ANOVA,supervised,SVM,NoResample,434,pred_normal,917,917,0.0,-0.105344695749125,-0.1287389567831552,0.3421828069218843,-0.3589127485970463,-0.3053887328753073,-0.2045681016688013,-0.1287389567831552,-0.0530919099292277,0.067577994147608,0.21541739448725927,train_oof,0.07569208662861764
ANOVA_SVM_NoResample,ANOVA,supervised,SVM,NoResample,437,TP,52,52,0.0,0.40497805392361713,-0.13275611103528556,2.6686316048191325,-1.1642657992623717,-1.02955456702554,-0.5718061522387895,-0.13275611103528556,0.3244111012700042,2.14462829773992,11.983820847290172,train_oof,0.07569208662861764
ANOVA_SVM_NoResample,ANOVA,supervised,SVM,NoResample,437,FP,284,284,0.0,0.03850718913372235,-0.14649912804482695,1.1299159012729918,-1.3675098853522032,-1.0387993189962754,-0.5227823283468236,-0.14649912804482695,0.37986750470938746,1.3950556953347013,2.8009378807059835,train_oof,0.07569208662861764
ANOVA_SVM_NoResample,ANOVA,supervised,SVM,NoResample,437,TN,886,886,0.0,-0.03649622666868544,-0.14335094793691444,0.7502757428839986,-1.418581842572067,-1.078617743168855,-0.5865481110133418,-0.14335094793691444,0.3993317336458089,1.3905695386809263,2.1077068046858716,train_oof,0.07569208662861764
ANOVA_SVM_NoResample,ANOVA,supervised,SVM,NoResample,437,FN,31,31,0.0,0.013537592198939897,0.2058246053781997,0.7996263121945835,-1.3511805173001614,-1.2091309983156355,-0.5347544940456643,0.2058246053781997,0.55418284270376,1.2413336931808383,1.573018684319492,train_oof,0.07569208662861764
ANOVA_SVM_NoResample,ANOVA,supervised,SVM,NoResample,437,pred_anomaly,336,336,0.0,0.09522291820834894,-0.14649912804482695,1.4765966162442128,-1.3211093430770806,-1.0437607297624956,-0.5235845088550897,-0.14649912804482695,0.3623406173778358,1.5458444412149426,3.560794739936775,train_oof,0.07569208662861764
ANOVA_SVM_NoResample,ANOVA,supervised,SVM,NoResample,437,pred_normal,917,917,0.0,-0.034804788953422205,-0.1411411676688604,0.7515890477067187,-1.412926015924352,-1.086321703144468,-0.5858216079115157,-0.1411411676688604,0.408579512712802,1.384176311384857,2.1015521125749035,train_oof,0.07569208662861764
ANOVA_SVM_NoResample,ANOVA,supervised,SVM,NoResample,452,TP,52,52,0.0,-0.30941691787397657,-0.4370113651235952,0.7329038934621429,-1.8364922123069556,-1.4689800494122942,-0.783008527331273,-0.4370113651235952,0.34699041109006135,0.7652011370978882,1.2570047196254093,train_oof,0.07569208662861764
ANOVA_SVM_NoResample,ANOVA,supervised,SVM,NoResample,452,FP,284,284,0.0,-0.18409873446716368,-0.2823733215076964,1.2285906779586422,-2.3218711083189914,-1.8259198189436399,-0.9902300582360526,-0.2823733215076964,0.4212516184762273,1.791409117431265,2.7601072530269533,train_oof,0.07569208662861764
ANOVA_SVM_NoResample,ANOVA,supervised,SVM,NoResample,452,TN,886,886,0.0,0.0847341722246401,0.014562300379047249,0.9150533819941221,-2.02119403207188,-1.3630377004632948,-0.5353255591668249,0.014562300379047249,0.7023248280499699,1.6556803797843582,2.1918080744322044,train_oof,0.07569208662861764
ANOVA_SVM_NoResample,ANOVA,supervised,SVM,NoResample,452,FN,31,31,0.0,-0.21335936594324256,-0.2314279490876284,1.065142220713552,-2.1716876450696834,-1.9379614155875178,-1.0625528296941238,-0.2314279490876284,0.58293355602802,1.2665734946124316,1.869738310074982,train_oof,0.07569208662861764
ANOVA_SVM_NoResample,ANOVA,supervised,SVM,NoResample,452,pred_anomaly,336,336,0.0,-0.20349321523250374,-0.29995575443295064,1.1657486619797053,-2.2955782725979716,-1.797493065586847,-0.9721561908501553,-0.29995575443295064,0.3881343962117346,1.7378045385408243,2.720706222125693,train_oof,0.07569208662861764
ANOVA_SVM_NoResample,ANOVA,supervised,SVM,NoResample,452,pred_normal,917,917,0.0,0.07465685523096033,0.0092657289698871,0.9214379958430802,-2.052059392430045,-1.3801614612252817,-0.5448539273204177,0.0092657289698871,0.6959634819760822,1.6491934449038597,2.1876570913546343,train_oof,0.07569208662861764
ANOVA_SVM_NoResample,ANOVA,supervised,SVM,NoResample,471,TP,52,52,0.0,0.3771103575411161,-0.1757105326234233,2.3369223867109716,-0.5571867941890684,-0.4517470124618165,-0.29203573169915265,-0.1757105326234233,0.048872102497016574,1.3548873949258047,11.605909356110153,train_oof,0.07569208662861764
ANOVA_SVM_NoResample,ANOVA,supervised,SVM,NoResample,471,FP,284,284,0.0,0.11946692573557827,-0.1837851077256758,1.5733575562538273,-0.5774014793334151,-0.5103685185317862,-0.35380078157439754,-0.1837851077256758,0.0150524395124978,1.4299586906107251,6.983778877085944,train_oof,0.07569208662861764
ANOVA_SVM_NoResample,ANOVA,supervised,SVM,NoResample,471,TN,886,886,0.0,-0.0618858508370087,-0.22885831238813703,0.521744187427838,-0.598860048685021,-0.5087640486872272,-0.35879402978864194,-0.22885831238813703,-0.001344215946828788,1.1749528912228502,1.8904433525514721,train_oof,0.07569208662861764
ANOVA_SVM_NoResample,ANOVA,supervised,SVM,NoResample,471,FN,31,31,0.0,-0.006215066623101372,-0.2656571211921597,0.6480647865646462,-0.5682820233315415,-0.5567414663856225,-0.41975525525831947,-0.2656571211921597,0.036217544835359355,1.4463072074333345,1.861263164215132,train_oof,0.07569208662861764
ANOVA_SVM_NoResample,ANOVA,supervised,SVM,NoResample,471,pred_anomaly,336,336,0.0,0.15934031399119725,-0.18322197650369645,1.71211012808134,-0.5878299429435414,-0.5071859188514383,-0.336275592980701,-0.18322197650369645,0.02070191725558105,1.4344473914155995,10.251519184333366,train_oof,0.07569208662861764
ANOVA_SVM_NoResample,ANOVA,supervised,SVM,NoResample,471,pred_normal,917,917,0.0,-0.06000385049826156,-0.2301707714458148,0.5261756537649144,-0.5977381459666518,-0.5110388263411746,-0.3604902355258137,-0.2301707714458148,-9.533622066488418e-05,1.1855338544009926,1.904556874216139,train_oof,0.07569208662861764
ANOVA_SVM_NoResample,ANOVA,supervised,SVM,NoResample,477,TP,52,52,0.0,0.3723390315013847,0.051448102765214304,2.0481536020514577,-0.3559542699738767,-0.25945911079528583,-0.15093631785871753,0.051448102765214304,0.27709304715390487,0.6252528264790819,7.576478561126883,train_oof,0.07569208662861764
ANOVA_SVM_NoResample,ANOVA,supervised,SVM,NoResample,477,FP,284,284,0.0,0.1751384743497652,-0.09655737271150455,1.8577094997572194,-0.34468971019168426,-0.3001680046953688,-0.20137197899233528,-0.09655737271150455,0.049727878195525196,0.3902825005897829,6.905950373558238,train_oof,0.07569208662861764
ANOVA_SVM_NoResample,ANOVA,supervised,SVM,NoResample,477,TN,886,886,0.0,-0.07668214920511783,-0.11199087468417745,0.19632750248016892,-0.37541150954001945,-0.31782236069583275,-0.2056526916715233,-0.11199087468417745,0.0034516318547713,0.2978063153058547,0.6522599111399782,train_oof,0.07569208662861764
ANOVA_SVM_NoResample,ANOVA,supervised,SVM,NoResample,477,FN,31,31,0.0,-0.04601763016575056,-0.0683765655942118,0.19737619475558876,-0.25153284527802566,-0.24453197236261376,-0.19138585482367804,-0.0683765655942118,0.05441659285598565,0.2866072122739551,0.5271590052670597,train_oof,0.07569208662861764
ANOVA_SVM_NoResample,ANOVA,supervised,SVM,NoResample,477,pred_anomaly,336,336,0.0,0.20565760819465875,-0.06430536744594745,1.886565031903863,-0.3497704596207447,-0.2961188607082543,-0.18777117781121577,-0.06430536744594745,0.08304951027685051,0.6100447180333606,8.831526354279008,train_oof,0.07569208662861764
ANOVA_SVM_NoResample,ANOVA,supervised,SVM,NoResample,477,pred_normal,917,917,0.0,-0.07564550788535733,-0.1116115431123999,0.1963330796932403,-0.3745331364097428,-0.31755506426269636,-0.2055534479463489,-0.1116115431123999,0.0043051278912709,0.2988869692021976,0.6423941144745563,train_oof,0.07569208662861764
ANOVA_SVM_NoResample,ANOVA,supervised,SVM,NoResample,510,TP,52,52,0.0,0.8690740095039128,0.28119644949221967,1.8051625204741317,-0.9211551693305783,-0.6772171752285177,-0.17920269108088316,0.28119644949221967,1.396960328805052,4.5411120211101785,6.988669949205043,train_oof,0.07569208662861764
ANOVA_SVM_NoResample,ANOVA,supervised,SVM,NoResample,510,FP,284,284,0.0,0.4502446841785675,0.1017717116365477,1.4930753396373995,-1.0292353977647375,-0.7939003544742007,-0.3735392701241898,0.1017717116365477,0.6509093623899567,3.141256467998961,6.440058168988333,train_oof,0.07569208662861764
ANOVA_SVM_NoResample,ANOVA,supervised,SVM,NoResample,510,TN,886,886,0.0,-0.1994084998462241,-0.30306605109085283,0.589341230636677,-0.9734551159893262,-0.8778879900306394,-0.5719552425804736,-0.30306605109085283,0.05411790857698355,0.8216629991022532,1.7228830930025845,train_oof,0.07569208662861764
ANOVA_SVM_NoResample,ANOVA,supervised,SVM,NoResample,510,FN,31,31,0.0,0.08681707655981734,-0.0726947203413821,0.6998779304297321,-0.7345053885920134,-0.6466792858151141,-0.41907194685281024,-0.0726947203413821,0.33640903161859675,1.3929251117875279,2.0702025295006212,train_oof,0.07569208662861764
ANOVA_SVM_NoResample,ANOVA,supervised,SVM,NoResample,510,pred_anomaly,336,336,0.0,0.5150635083360614,0.12225769084152671,1.5499482614198026,-1.0073535763332717,-0.7927040313113584,-0.3535042857623457,0.12225769084152671,0.8072931429454036,3.2175533227815762,7.193945579599335,train_oof,0.07569208662861764
ANOVA_SVM_NoResample,ANOVA,supervised,SVM,NoResample,510,pred_normal,917,917,0.0,-0.1897323898477647,-0.2983793970776893,0.5952226347558307,-0.9727598454598101,-0.8754734533119838,-0.570579840178749,-0.2983793970776893,0.0626248317730774,0.8634355392936938,1.7615411841275885,train_oof,0.07569208662861764
ANOVA_SVM_NoResample,ANOVA,supervised,SVM,NoResample,511,TP,52,52,0.0,0.23908470467258922,0.02620807055161855,1.0272263807570732,-0.8374816063277984,-0.8374816063277984,-0.8374816063277984,0.02620807055161855,1.286513273042848,1.7477956681756568,1.9012969825940433,train_oof,0.07569208662861764
ANOVA_SVM_NoResample,ANOVA,supervised,SVM,NoResample,511,FP,284,284,0.0,0.027294825048154257,-0.8374816063277984,1.031249617840083,-0.8374816063277984,-0.8374816063277984,-0.8374816063277984,-0.8374816063277984,0.9340444110680644,1.944304005652,2.142522640319961,train_oof,0.07569208662861764
ANOVA_SVM_NoResample,ANOVA,supervised,SVM,NoResample,511,TN,886,886,0.0,-0.03228327187350503,-0.8374816063277984,0.9804075938535376,-0.8374816063277984,-0.8374816063277984,-0.8374816063277984,-0.8374816063277984,0.7488919487193622,1.897877794685313,2.105276373488908,train_oof,0.07569208662861764
ANOVA_SVM_NoResample,ANOVA,supervised,SVM,NoResample,511,FN,31,31,0.0,0.24264960716746134,0.1304148250276995,1.1573840486626827,-0.8374816063277984,-0.8374816063277984,-0.8374816063277984,0.1304148250276995,1.2404229523846029,2.043821453151982,2.1170844074838104,train_oof,0.07569208662861764
ANOVA_SVM_NoResample,ANOVA,supervised,SVM,NoResample,511,pred_anomaly,336,336,0.0,0.060071830228126316,-0.7980845919600121,1.0319522464015334,-0.8374816063277984,-0.8374816063277984,-0.8374816063277984,-0.7980845919600121,1.0067177047458526,1.913751749860995,2.135343138479298,train_oof,0.07569208662861764
ANOVA_SVM_NoResample,ANOVA,supervised,SVM,NoResample,511,pred_normal,917,917,0.0,-0.022988921546056876,-0.8374816063277984,0.9874271351917967,-0.8374816063277984,-0.8374816063277984,-0.8374816063277984,-0.8374816063277984,0.7756790117754866,1.912525455329231,2.1103916758818584,train_oof,0.07569208662861764
ANOVA_SVM_NoResample,ANOVA,supervised,SVM,NoResample,545,TP,52,52,0.0,-0.2878046849128849,-0.3737353644723715,0.4409296657656255,-1.0670634037950593,-0.622677436716131,-0.3737353644723715,-0.3737353644723715,-0.3737353644723715,0.8536324878474577,1.188744266930937,train_oof,0.07569208662861764
ANOVA_SVM_NoResample,ANOVA,supervised,SVM,NoResample,545,FP,284,284,0.0,-0.04119682822019816,-0.3737353644723715,1.1538443914687537,-1.3817372334689235,-1.0668958613089163,-0.3737353644723715,-0.3737353644723715,-0.2962190408836148,1.7534845650888962,3.104196451073836,train_oof,0.07569208662861764
ANOVA_SVM_NoResample,ANOVA,supervised,SVM,NoResample,545,TN,886,886,0.0,0.033983456053541305,-0.3737353644723715,0.9767241618422008,-1.852502578832725,-1.2929106751156167,-0.3737353644723715,-0.3737353644723715,0.544769776226302,2.1921219633099454,2.787560512728903,train_oof,0.07569208662861764
ANOVA_SVM_NoResample,ANOVA,supervised,SVM,NoResample,545,FN,31,31,0.0,-0.09592710304081688,-0.3737353644723715,0.710691083360761,-0.9370727735463624,-0.8294881584445023,-0.3737353644723715,-0.3737353644723715,0.09906953142274165,1.367850163150727,2.127182495680978,train_oof,0.07569208662861764
ANOVA_SVM_NoResample,ANOVA,supervised,SVM,NoResample,545,pred_anomaly,336,336,0.0,-0.0793623298512092,-0.3737353644723715,1.0780888945234597,-1.3447483203282136,-1.0662256913643446,-0.3737353644723715,-0.3737353644723715,-0.3737353644723715,1.6263496034373452,2.830388095353369,train_oof,0.07569208662861764
ANOVA_SVM_NoResample,ANOVA,supervised,SVM,NoResample,545,pred_normal,917,917,0.0,0.029591714143045025,-0.3737353644723715,0.968916005897179,-1.852502578832725,-1.251628206530019,-0.3737353644723715,-0.3737353644723715,0.5266007243956999,2.1921219633099454,2.7501024806269996,train_oof,0.07569208662861764
ANOVA_SVM_NoResample,ANOVA,supervised,SVM,NoResample,551,TP,52,52,0.0,0.38628858009901623,-0.01136830973440495,2.4189529147904247,-0.6445978307275128,-0.6008335054467423,-0.239101224091355,-0.01136830973440495,0.12725172509156454,0.7778155423043478,11.256130187703175,train_oof,0.07569208662861764
ANOVA_SVM_NoResample,ANOVA,supervised,SVM,NoResample,551,FP,284,284,0.0,0.06351511476668147,-0.05216019608436165,1.536024832352159,-0.6175999287066454,-0.4625435183227393,-0.2192983619733593,-0.05216019608436165,0.09131408262786353,0.5266094444711436,1.0437281839124037,train_oof,0.07569208662861764
ANOVA_SVM_NoResample,ANOVA,supervised,SVM,NoResample,551,TN,886,886,0.0,-0.04840199005213699,-0.05208193082989925,0.25770819122554944,-0.5955527422152769,-0.4239279371926478,-0.2258993160126912,-0.05208193082989925,0.0579417076785798,0.41274298729266856,0.6916332954544406,train_oof,0.07569208662861764
ANOVA_SVM_NoResample,ANOVA,supervised,SVM,NoResample,551,FN,31,31,0.0,-0.06973766374519696,0.0167641836352849,0.2917801073970256,-0.5737695938854817,-0.5559470179792856,-0.25639615428993967,0.0167641836352849,0.0579417076785798,0.33188130031085294,0.6177026102139234,train_oof,0.07569208662861764
ANOVA_SVM_NoResample,ANOVA,supervised,SVM,NoResample,551,pred_anomaly,336,336,0.0,0.11346815106811425,-0.04552222296976955,1.7022368325177322,-0.62624717849817,-0.5047896241744634,-0.2192983619733593,-0.04552222296976955,0.0989344950363274,0.5942692233742954,2.766643197718359,train_oof,0.07569208662861764
ANOVA_SVM_NoResample,ANOVA,supervised,SVM,NoResample,551,pred_normal,917,917,0.0,-0.04912326146378896,-0.0476735569507304,0.25878381449840393,-0.5944965895689838,-0.43845003607917793,-0.2258993160126912,-0.0476735569507304,0.0579417076785798,0.4143932258025015,0.6916332954544406,train_oof,0.07569208662861764
ANOVA_SVM_NoResample,ANOVA,supervised,SVM,NoResample,553,TP,52,52,0.0,0.3684615080568797,0.07105532945723475,1.914161297055877,-0.9841822805327194,-0.8299255026246601,-0.4309161464865074,0.07105532945723475,0.5077284994219637,1.5454626463132166,7.407209567364412,train_oof,0.07569208662861764
ANOVA_SVM_NoResample,ANOVA,supervised,SVM,NoResample,553,FP,284,284,0.0,0.15085746021044982,0.01707395049866445,1.3811930844587843,-1.456775810347196,-0.9305981545239962,-0.3052601974574007,0.01707395049866445,0.45759528138134925,1.2030594470059524,1.7056464518596797,train_oof,0.07569208662861764
ANOVA_SVM_NoResample,ANOVA,supervised,SVM,NoResample,553,TN,886,886,0.0,-0.07964416217817974,-0.1475616669982504,0.5719874412932638,-1.6109679003683426,-0.9834549673831519,-0.4309161464865074,-0.1475616669982504,0.23614576893830722,0.971310836358182,1.3507712577243105,train_oof,0.07569208662861764
ANOVA_SVM_NoResample,ANOVA,supervised,SVM,NoResample,553,FN,31,31,0.0,-0.07109299446269114,-0.2507688929979358,0.7125387154541966,-1.6098869317317703,-0.9475680853835682,-0.4309161464865074,-0.2507688929979358,0.1970670504134123,1.20945375951166,1.2355289360324366,train_oof,0.07569208662861764
ANOVA_SVM_NoResample,ANOVA,supervised,SVM,NoResample,553,pred_anomaly,336,336,0.0,0.18453427713906398,0.030931963841271753,1.4749888908175661,-1.4272266389522703,-0.9139580467720397,-0.3165845621498558,0.030931963841271753,0.47866150813146197,1.2375738392996523,1.8017649914046996,train_oof,0.07569208662861764
ANOVA_SVM_NoResample,ANOVA,supervised,SVM,NoResample,553,pred_normal,917,917,0.0,-0.07935508235355583,-0.148251104083874,0.576825617127863,-1.6317582467596103,-0.9886108473170382,-0.4309161464865074,-0.148251104083874,0.2365181498662603,0.9959879884808718,1.3480279806253566,train_oof,0.07569208662861764
ANOVA_SVM_NoResample,ANOVA,supervised,SVM,NoResample,562,TP,52,52,0.0,-0.3899682191836449,-0.0499514370309301,1.0615868379666118,-2.6638229604535293,-2.478818980577212,-0.7923668960889652,-0.0499514370309301,0.1887927251301679,0.6901018666647121,1.5752083477951493,train_oof,0.07569208662861764
ANOVA_SVM_NoResample,ANOVA,supervised,SVM,NoResample,562,FP,284,284,0.0,-0.014621285207259095,0.14741718006009014,0.935619224190952,-2.2784092638813918,-1.866405170167235,-0.2791674882170099,0.14741718006009014,0.2880926885479312,1.308504147183406,2.253913992355517,train_oof,0.07569208662861764
ANOVA_SVM_NoResample,ANOVA,supervised,SVM,NoResample,562,TN,886,886,0.0,-0.01717181156732733,0.1887927251301679,0.9131942928285044,-2.05959957531171,-1.710227989544335,-0.38887598953077673,0.1887927251301679,0.3081174179825182,1.3324315299629277,2.5981715306406676,train_oof,0.07569208662861764
ANOVA_SVM_NoResample,ANOVA,supervised,SVM,NoResample,562,FN,31,31,0.0,0.04959985247153574,0.1887927251301679,0.7115376335694107,-1.7638989904523255,-1.400536642661045,-0.15964734503490896,0.1887927251301679,0.19289986170915563,1.2214063540535371,1.367037467847813,train_oof,0.07569208662861764
ANOVA_SVM_NoResample,ANOVA,supervised,SVM,NoResample,562,pred_anomaly,336,336,0.0,-0.07271069165598548,0.1248830938869994,0.9641344827563593,-2.5215596986540247,-2.021774172302009,-0.28332924903821555,0.1248830938869994,0.2799446595283324,1.2210088892233144,2.2127233871165757,train_oof,0.07569208662861764
ANOVA_SVM_NoResample,ANOVA,supervised,SVM,NoResample,562,pred_normal,917,917,0.0,-0.014914536119993898,0.1887927251301679,0.9068785488750783,-2.056894164700648,-1.713526947635199,-0.3847410472762324,0.1887927251301679,0.3077671976440516,1.3283508910392898,2.5898194696748837,train_oof,0.07569208662861764
ANOVA_SVM_NoResample,ANOVA,supervised,SVM,NoResample,582,TP,52,52,0.0,0.2686775046422596,0.3633724709182127,1.281498105213649,-2.594113000212784,-2.194777398527076,-0.5899286834818781,0.3633724709182127,1.219091617387596,2.373561834291025,2.493062262464647,train_oof,0.07569208662861764
ANOVA_SVM_NoResample,ANOVA,supervised,SVM,NoResample,582,FP,284,284,0.0,0.1162986328531217,0.1381832218473487,1.0708563732648315,-2.0740759610250716,-1.5687512861100001,-0.5223719087606024,0.1381832218473487,0.8888140520836286,1.7550420301763177,2.5005685707670007,train_oof,0.07569208662861764
ANOVA_SVM_NoResample,ANOVA,supervised,SVM,NoResample,582,TN,886,886,0.0,-0.06059937050682575,-0.0719934106188243,0.9588107595991061,-2.2938606681182656,-1.685849695626866,-0.7025233080173101,-0.0719934106188243,0.58856171998911,1.481812407970304,2.304503797909293,train_oof,0.07569208662861764
ANOVA_SVM_NoResample,ANOVA,supervised,SVM,NoResample,582,FN,31,31,0.0,0.23310170102560157,0.0781327554284183,0.7719501189706486,-1.0448109666050684,-0.9727504069023802,-0.2221195766660836,0.0781327554284183,0.7537005026411102,1.4292682498537688,1.8286038515394805,train_oof,0.07569208662861764
ANOVA_SVM_NoResample,ANOVA,supervised,SVM,NoResample,582,pred_anomaly,336,336,0.0,0.13988107729667879,0.1682084550567972,1.1053468366621106,-2.2833518364949583,-1.5732550710914175,-0.5298782170629645,0.1682084550567972,0.9188392852930772,1.8496215147860813,2.558217018529153,train_oof,0.07569208662861764
ANOVA_SVM_NoResample,ANOVA,supervised,SVM,NoResample,582,pred_normal,917,917,0.0,-0.05067054475164008,-0.0419681774093758,0.9542237606049327,-2.284252593491239,-1.6633307707197795,-0.6724980748078616,-0.0419681774093758,0.58856171998911,1.465298529705105,2.2951959756143654,train_oof,0.07569208662861764
ANOVA_SVM_NoResample,ANOVA,supervised,SVM,NoResample,NA_72,TP,52,52,0.0,0.3269230769230769,0.0,0.473665466715671,0.0,0.0,0.0,0.0,1.0,1.0,1.0,train_oof,0.07569208662861764
ANOVA_SVM_NoResample,ANOVA,supervised,SVM,NoResample,NA_72,FP,284,284,0.0,0.3767605633802817,0.0,0.485429465307866,0.0,0.0,0.0,0.0,1.0,1.0,1.0,train_oof,0.07569208662861764
ANOVA_SVM_NoResample,ANOVA,supervised,SVM,NoResample,NA_72,TN,886,886,0.0,0.5688487584650113,1.0,0.49551687986394094,0.0,0.0,0.0,1.0,1.0,1.0,1.0,train_oof,0.07569208662861764
ANOVA_SVM_NoResample,ANOVA,supervised,SVM,NoResample,NA_72,FN,31,31,0.0,0.41935483870967744,0.0,0.501610310127101,0.0,0.0,0.0,0.0,1.0,1.0,1.0,train_oof,0.07569208662861764
ANOVA_SVM_NoResample,ANOVA,supervised,SVM,NoResample,NA_72,pred_anomaly,336,336,0.0,0.36904761904761907,0.0,0.4832665444136787,0.0,0.0,0.0,0.0,1.0,1.0,1.0,train_oof,0.07569208662861764
ANOVA_SVM_NoResample,ANOVA,supervised,SVM,NoResample,NA_72,pred_normal,917,917,0.0,0.5637949836423118,1.0,0.49618412188746697,0.0,0.0,0.0,1.0,1.0,1.0,1.0,train_oof,0.07569208662861764
ANOVA_SVM_NoResample,ANOVA,supervised,SVM,NoResample,NA_112,TP,52,52,0.0,0.25,0.0,0.4372373160976031,0.0,0.0,0.0,0.0,0.25,1.0,1.0,train_oof,0.07569208662861764
ANOVA_SVM_NoResample,ANOVA,supervised,SVM,NoResample,NA_112,FP,284,284,0.0,0.4084507042253521,0.0,0.49241497018438934,0.0,0.0,0.0,0.0,1.0,1.0,1.0,train_oof,0.07569208662861764
ANOVA_SVM_NoResample,ANOVA,supervised,SVM,NoResample,NA_112,TN,886,886,0.0,0.4729119638826185,0.0,0.49954769048184317,0.0,0.0,0.0,0.0,1.0,1.0,1.0,train_oof,0.07569208662861764
ANOVA_SVM_NoResample,ANOVA,supervised,SVM,NoResample,NA_112,FN,31,31,0.0,0.41935483870967744,0.0,0.501610310127101,0.0,0.0,0.0,0.0,1.0,1.0,1.0,train_oof,0.07569208662861764
ANOVA_SVM_NoResample,ANOVA,supervised,SVM,NoResample,NA_112,pred_anomaly,336,336,0.0,0.38392857142857145,0.0,0.48706619209276286,0.0,0.0,0.0,0.0,1.0,1.0,1.0,train_oof,0.07569208662861764
ANOVA_SVM_NoResample,ANOVA,supervised,SVM,NoResample,NA_112,pred_normal,917,917,0.0,0.47110141766630315,0.0,0.4994365685364237,0.0,0.0,0.0,0.0,1.0,1.0,1.0,train_oof,0.07569208662861764
