artifact_key,feature_set,category,model,balance_method,feature,tp_rank,tp_mean_positive_shap,tp_mean_negative_shap_abs,tp_mean_shap,tp_mean_abs_shap,tp_positive_push_rate,tp_negative_push_rate,tp_group_rows_total,tp_explained_rows,fp_rank,fp_mean_positive_shap,fp_mean_negative_shap_abs,fp_mean_shap,fp_mean_abs_shap,fp_positive_push_rate,fp_negative_push_rate,fp_group_rows_total,fp_explained_rows,fp_evidence_sufficient,tp_fp_shap_gap,tp_fp_rank_gap,shap_signal_type,tp_signal_available,group_source_x,tp_n,fp_n,tn_n,fn_n,tp_mean,fp_mean,tn_mean,fn_mean,tp_median,fp_median,tn_median,fn_median,tp_vs_tn_smd,tp_vs_fp_smd,fp_vs_tn_smd,monitor_direction,suggested_threshold,tp_trigger_rate,fp_trigger_rate,tn_trigger_rate,group_source_y,model_feature_score,hard_gate_tp_signal,hard_gate_separation,hard_gate_gap,hard_gate_pass,recommendation,group_source,threshold
RFERF_RF_SMOTE,RFERF,supervised,RF,SMOTE,59,1,0.05958154917723453,0.004253115642088799,0.05532843353514572,0.06383466481932333,0.7538461538461538,0.24615384615384617,65,65,1,0.038408160501797003,0.008386433199528505,0.030021727302268493,0.04679459370132551,0.8,0.2,319,80,1,0.021173388675437527,0.0,true_anomaly_candidate,1,train_oof,65,319,851,18,0.7465746669346198,0.5890272978660538,-0.27932729286847646,0.026126825062805725,0.5458692587160796,0.2770064644767664,-0.3006646849330678,-0.20462923646711562,1.9704106258934029,0.10520938253390479,0.9683160725510384,high,1.9392745417365718,0.16923076923076924,0.1786833855799373,0.010575793184488837,train_oof,0.8650956625236546,1,1,1,1,monitor_first,train_oof,0.1755144641265648
RFERF_RF_SMOTE,RFERF,supervised,RF,SMOTE,103,2,0.04175729061060218,0.0011270806166326498,0.04063020999396954,0.04288437122723483,0.8461538461538461,0.15384615384615385,65,65,2,0.01788644350312154,0.0035682744262150686,0.014318169076906476,0.021454717929336606,0.8375,0.1625,319,80,1,0.023870847107480643,0.0,true_anomaly_candidate,1,train_oof,65,319,851,18,0.9809180161370838,0.6984135398352345,-0.3322022040598234,-0.29924738661644135,1.1373308306953096,0.7450414565621388,-0.3337543223040816,-0.3500997128929636,1.643757092390642,0.2658194417655421,1.2071443150029246,high,1.5296202048284806,0.26153846153846155,0.19122257053291536,0.011750881316098707,train_oof,0.799125316928215,1,1,1,1,monitor_first,train_oof,0.1755144641265648
RFERF_RF_SMOTE,RFERF,supervised,RF,SMOTE,64,3,0.0201295957615886,0.000896075017176459,0.01923352074441214,0.02102567077876506,0.6461538461538462,0.35384615384615387,65,65,4,0.007563188725569279,0.006359898298711672,0.001203290426857608,0.013923087024280944,0.425,0.575,319,80,1,0.012566407036019321,1.0,true_anomaly_candidate,1,train_oof,65,319,851,18,0.6061119892222735,0.1861681652603864,-0.11161961066739869,-0.3407179366977032,0.3764163453335986,-0.1316301228902988,-0.1275730538687458,-0.3293310963105463,0.9333345438239881,0.28766979185909874,0.3178661090643045,high,1.5520433783813874,0.2923076923076923,0.1724137931034483,0.010575793184488837,train_oof,0.46056089155182056,1,1,1,1,review,train_oof,0.1755144641265648
RFERF_RF_SMOTE,RFERF,supervised,RF,SMOTE,477,4,0.019916154234772512,0.0024283440068092817,0.017487810227963228,0.022344498241581794,0.676923076923077,0.3230769230769231,65,65,7,0.0060613136692779495,0.0135204150550037,-0.0074591013857257474,0.019581728724281648,0.3875,0.6125,319,80,1,0.013854840565494563,3.0,true_anomaly_candidate,1,train_oof,65,319,851,18,0.2988062170429107,0.14054667612700236,-0.07407220583421249,-0.08262894471419219,0.0465785439833249,-0.0726903595151247,-0.1153431071789564,-0.1416978297530406,0.6439589517642589,0.09163722479281518,0.23037241317212595,high,0.6515727034785493,0.03076923076923077,0.034482758620689655,0.010575793184488837,train_oof,0.4502815280442901,1,1,1,1,review,train_oof,0.1755144641265648
RFERF_RF_SMOTE,RFERF,supervised,RF,SMOTE,510,10,0.01366582313031081,0.0007940128555173053,0.012871810274793507,0.014459835985828114,0.8307692307692308,0.16923076923076924,65,65,10,0.004352346769623821,0.0026789143315129166,0.0016734324381109046,0.007031261101136742,0.7875,0.2125,319,80,1,0.009313476360686988,0.0,true_anomaly_candidate,1,train_oof,65,319,851,18,0.8167474494832564,0.5099107923321669,-0.24849351740423334,-0.28918924160299275,0.3255627375110363,0.1777920353706084,-0.3475747585338173,-0.3912909282553662,1.4117500877761706,0.22329722613206884,0.8661052066183665,high,1.4074215629880644,0.23076923076923078,0.14733542319749215,0.010575793184488837,train_oof,0.43153490832665986,1,1,1,1,review,train_oof,0.1755144641265648
RFERF_RF_SMOTE,RFERF,supervised,RF,SMOTE,348,8,0.015069915376422403,0.0006900806336103612,0.014379834742812044,0.015759996010032765,0.7846153846153846,0.2153846153846154,65,65,13,0.003770839871563834,0.0038635318734739224,-9.269200191008606e-05,0.007634371745037756,0.475,0.525,319,80,1,0.01129907550485857,5.0,true_anomaly_candidate,1,train_oof,65,319,851,18,0.7657780925090394,0.2939067372488033,-0.1657292383603079,-0.3505494895987465,0.2541617712499535,0.0755893183818809,-0.2247370796235137,-0.3059063763817283,1.0437642327623113,0.3347146997677602,0.5554943945663058,high,2.466025107911306,0.046153846153846156,0.034482758620689655,0.010575793184488837,train_oof,0.4308811826148634,1,1,1,1,review,train_oof,0.1755144641265648
RFERF_RF_SMOTE,RFERF,supervised,RF,SMOTE,65,6,0.017943130106124333,0.0006683392763828216,0.017274790829741513,0.01861146938250715,0.7384615384615385,0.26153846153846155,65,65,5,0.006825045898284811,0.005008415481827235,0.0018166304164575757,0.011833461380112051,0.4375,0.5625,319,80,1,0.011118084207839522,-1.0,true_anomaly_candidate,1,train_oof,65,319,851,18,0.43469184385068055,0.23130094715256488,-0.11618179075877225,-0.28530895866565237,0.3201183950472423,-0.119963156217633,-0.1649174292559988,-0.1932257693794584,0.6995187252047207,0.14607089799963735,0.35994640090288404,high,1.3143146831841983,0.3076923076923077,0.16927899686520376,0.010575793184488837,train_oof,0.4051194836050824,1,1,1,1,review,train_oof,0.1755144641265648
RFERF_RF_SMOTE,RFERF,supervised,RF,SMOTE,129,9,0.014331957541389257,0.0004112097892758547,0.013920747752113403,0.014743167330665111,0.8923076923076924,0.1076923076923077,65,65,11,0.004285587709743582,0.003446309240895015,0.0008392784688485668,0.007731896950638599,0.375,0.625,319,80,1,0.010046369831645675,2.0,true_anomaly_candidate,1,train_oof,65,319,851,18,0.5109796186562916,0.45644897005678836,-0.21309985733608738,0.11596941549909984,0.460546058970014,0.460546058970014,0.0743157985559761,0.22881606654024306,0.692462018949898,0.09222531168534986,0.6943234740987476,high,2.043510495543296,0.015384615384615385,0.0,0.012925969447708578,train_oof,0.37260948590144505,1,1,1,1,drop,train_oof,0.1755144641265648
RFERF_RF_SMOTE,RFERF,supervised,RF,SMOTE,377,7,0.016848221386692286,0.0030734388840699097,0.013774782502622372,0.019921660270762198,0.7076923076923077,0.2923076923076923,65,65,6,0.006097948409793504,0.011619332230311755,-0.005521383820518248,0.017717280640105255,0.6375,0.3625,319,80,1,0.010750272976898782,-1.0,true_anomaly_candidate,1,train_oof,65,319,851,18,-0.33536893787089816,-0.2577303027498028,0.12410384953769599,-0.14615815375765256,-0.3714959728317686,-0.3714959728317686,0.0554598948876092,-0.1580180389720797,-0.4428005548643738,-0.09477918450844779,-0.3827651475078384,low,-1.6523635759899018,0.046153846153846156,0.05642633228840126,0.01527614571092832,train_oof,0.36872043849629854,1,1,1,1,drop,train_oof,0.1755144641265648
RFERF_RF_SMOTE,RFERF,supervised,RF,SMOTE,79,15,0.009501284833974314,0.0002947644282392016,0.00920652040573511,0.009796049262213512,0.8923076923076924,0.1076923076923077,65,65,17,0.0028874874187477763,0.003344823111152932,-0.0004573356924051562,0.00623231052990071,0.5875,0.4125,319,80,1,0.006613797415226537,2.0,true_anomaly_candidate,1,train_oof,65,319,851,18,0.534552247778229,0.46357389454503484,-0.21069512218997755,-0.4291278605987856,0.5055779371215329,0.3111975273260366,-0.237387184763475,-0.55055562276733,0.9582896157974101,0.055492270874355994,0.7194676667839514,high,2.0627809978165637,0.15384615384615385,0.14106583072100312,0.010575793184488837,train_oof,0.3260274903692018,1,1,1,1,drop,train_oof,0.1755144641265648
RFERF_RF_SMOTE,RFERF,supervised,RF,SMOTE,124,11,0.012917217720402777,0.001479181036659802,0.011438036683742974,0.014396398757062577,0.8461538461538461,0.15384615384615385,65,65,9,0.004547976710835825,0.0065733290472920255,-0.0020253523364562012,0.011121305758127854,0.7875,0.2125,319,80,1,0.008369241009566953,-2.0,true_anomaly_candidate,1,train_oof,65,319,851,18,0.39561082512013884,0.20848513783038938,-0.11167929370786346,0.08128351685809515,0.2991009479565267,0.2119739755171568,-0.2236608866797079,-0.18009740046002298,0.5099164360702249,0.19876899754962854,0.32525057477409974,high,2.0416403967439547,0.07692307692307693,0.034482758620689655,0.010575793184488837,train_oof,0.3220568284977848,1,1,1,1,drop,train_oof,0.1755144641265648
RFERF_RF_SMOTE,RFERF,supervised,RF,SMOTE,28,16,0.00942344742038779,0.0002842185691346541,0.009139228851253137,0.009707665989522444,0.9692307692307692,0.03076923076923077,65,65,12,0.004187703022491229,0.0001435145771525352,0.004044188445338693,0.004331217599643764,0.9375,0.0625,319,80,1,0.005235744397896562,-4.0,true_anomaly_candidate,1,train_oof,65,319,851,18,-0.6385540677530747,-0.5838769519596557,0.25941254490713894,0.36138859474364726,-0.508007917488434,-0.5468376441662645,0.1360761684631589,0.36589396938193425,-0.9824529783565739,-0.06021855325755156,-0.9122348257149654,low,-2.087471863418843,0.03076923076923077,0.0438871473354232,0.011750881316098707,train_oof,0.3067366031121272,1,1,1,1,drop,train_oof,0.1755144641265648
RFERF_RF_SMOTE,RFERF,supervised,RF,SMOTE,33,12,0.011834707574056767,0.0007931271208856527,0.011041580453171114,0.01262783469494242,0.9538461538461539,0.046153846153846156,65,65,8,0.0047218219022214765,0.005078496843526311,-0.00035667494130483336,0.009800318745747796,0.9,0.1,319,80,1,0.007112885671835291,-4.0,true_anomaly_candidate,1,train_oof,65,319,851,18,0.4455400608498392,0.11395496323519412,-0.07419419395997721,-0.12154950023872539,-0.0639636392243969,-0.0951420168611349,-0.1591932491800866,-0.14377350806626477,0.5395305748571186,0.2533619970825394,0.20793742875508542,high,3.088305898013492,0.046153846153846156,0.012539184952978056,0.011750881316098707,train_oof,0.30100123018006986,1,1,1,1,drop,train_oof,0.1755144641265648
RFERF_RF_SMOTE,RFERF,supervised,RF,SMOTE,102,13,0.011146373422143993,0.0004941131481996119,0.01065226027394438,0.011640486570343606,0.8153846153846154,0.18461538461538463,65,65,16,0.0029889117516392976,0.004518249745854984,-0.0015293379942156859,0.00750716149749428,0.5625,0.4375,319,80,1,0.008157461670504695,3.0,true_anomaly_candidate,1,train_oof,65,319,851,18,-0.24804520014777431,-0.11455563661519827,0.061506113360710886,-0.01086009257564121,-0.448198677762217,-0.1240724862134216,-0.0149606989593717,-0.17221003941373775,-0.3115431288247938,-0.12428705187111987,-0.18042127374664882,low,-2.0399471035860044,0.046153846153846156,0.018808777429467086,0.010575793184488837,train_oof,0.29118067175896667,1,1,1,1,drop,train_oof,0.1755144641265648
RFERF_RF_SMOTE,RFERF,supervised,RF,SMOTE,333,21,0.006158312664736914,0.0014094855943247169,0.0047488270704121975,0.007567798259061631,0.6923076923076923,0.3076923076923077,65,65,32,0.0011178787746032222,0.006261695104095341,-0.005143816329492122,0.0073795738786985605,0.4,0.6,319,80,1,0.005040433890133692,11.0,true_anomaly_candidate,1,train_oof,65,319,851,18,0.2554239328649783,0.08732159880926266,-0.05327935378726334,0.026276629377195115,-0.0395115765902701,-0.0785886044565008,-0.080682963480539,0.0990740157914941,0.611919910733338,0.09641190358539292,0.14615202980261333,high,0.7155578733229236,0.06153846153846154,0.0219435736677116,0.010575793184488837,train_oof,0.25235558473250996,1,1,1,1,drop,train_oof,0.1755144641265648
RFERF_RF_SMOTE,RFERF,supervised,RF,SMOTE,21,19,0.006648348949908044,0.0011681200145967933,0.0054802289353112505,0.007816468964504835,0.7384615384615385,0.26153846153846155,65,65,20,0.0018411044706641625,0.004094114588991733,-0.00225301011832757,0.005935219059655895,0.4625,0.5375,319,80,1,0.004807244479243881,1.0,true_anomaly_candidate,1,train_oof,65,319,851,18,0.4735657302382965,0.11503085562508664,-0.0833503933313027,0.1979769900379517,0.2600998840169238,0.1579422361403919,0.1350652339132149,0.2297286914049819,0.6248932752498049,0.2656646992065378,0.2116439048067828,high,1.3627319482595681,0.09230769230769231,0.05329153605015674,0.010575793184488837,train_oof,0.2521031432001003,1,1,1,1,drop,train_oof,0.1755144641265648
RFERF_RF_SMOTE,RFERF,supervised,RF,SMOTE,425,18,0.007263714981044789,0.0009542678016015758,0.006309447179443212,0.008217982782646363,0.6,0.4,65,65,26,0.0013323777313117963,0.0045199713553654335,-0.0031875936240536354,0.005852349086677229,0.3375,0.6625,319,80,1,0.005931337249732993,8.0,true_anomaly_candidate,1,train_oof,65,319,851,18,0.17091544222997226,0.20711281247962554,-0.09029429549687011,-0.05963841285383017,-0.1311392085912119,-0.1736617479629217,-0.2845556276639639,-0.2708651365012621,0.36447701666570204,-0.024800428895006586,0.29827138546495524,high,1.6619816589544438,0.015384615384615385,0.03761755485893417,0.010575793184488837,train_oof,0.24568610175883354,1,1,1,1,drop,train_oof,0.1755144641265648
RFERF_RF_SMOTE,RFERF,supervised,RF,SMOTE,63,33,0.004328540008838654,0.00017010657807313092,0.0041584334307655235,0.004498646586911785,0.8,0.2,65,65,35,0.0010073531718162764,0.0016631984558909368,-0.0006558452840746602,0.002670551627707213,0.25,0.75,319,80,1,0.003321186837022378,2.0,true_anomaly_candidate,1,train_oof,65,319,851,18,0.3534108812516764,0.288228683904266,-0.13477843328124997,-0.0390911207112978,-0.0992237793626038,0.050366959960204,-0.1532485787885021,0.0159536290312039,0.8056177549472143,0.04145362042056529,0.4351183832589529,high,1.204372647820314,0.2,0.11912225705329153,0.010575793184488837,train_oof,0.2376507298613125,1,1,1,1,drop,train_oof,0.1755144641265648
RFERF_RF_SMOTE,RFERF,supervised,RF,SMOTE,295,40,0.0037995047223483144,0.0008558806176066266,0.0029436241047416877,0.0046553853399549415,0.8,0.2,65,65,22,0.001568129980569678,0.0030248196534623925,-0.0014566896728927154,0.0045929496340320715,0.3,0.7,319,80,1,0.0022313747417786363,-18.0,true_anomaly_candidate,1,train_oof,65,319,851,18,0.4087478790663844,0.3581798372223004,-0.16687569099169414,0.08617040061924415,-0.0345998109393365,-0.0847178827768262,-0.2316537169293041,-0.2478169241341546,0.8822121628105818,0.03302851324644976,0.5668799713158559,high,1.2596675036266864,0.12307692307692308,0.09717868338557993,0.010575793184488837,train_oof,0.22627856150484374,1,1,1,1,drop,train_oof,0.1755144641265648
RFERF_RF_SMOTE,RFERF,supervised,RF,SMOTE,130,20,0.006647548211996041,0.0009404820419848538,0.005707066170011186,0.007588030253980895,0.9076923076923077,0.09230769230769231,65,65,18,0.0028193949529659633,0.0009521551403006265,0.0018672398126653369,0.00377155009326659,0.9,0.1,319,80,1,0.0038281532590300777,-2.0,true_anomaly_candidate,1,train_oof,65,319,851,18,0.28906397369343606,0.16844142433033277,-0.0977713723087083,0.5049432451849104,0.3159292832246588,0.16471811365646,0.1049653127787032,0.9415045250672958,0.36455616084613335,0.16147874541471136,0.26550870323678855,high,1.5731769914892948,0.046153846153846156,0.02821316614420063,0.012925969447708578,train_oof,0.21041966197955897,1,1,1,1,drop,train_oof,0.1755144641265648
RFERF_RF_SMOTE,RFERF,supervised,RF,SMOTE,582,30,0.004584510039609849,0.000609515142031783,0.003974994897578064,0.005194025181641632,0.6615384615384615,0.3384615384615385,65,65,39,0.0008211265372624925,0.002543566580276227,-0.001722440043013734,0.0033646931175387203,0.325,0.675,319,80,1,0.0037633835023473568,9.0,true_anomaly_candidate,1,train_oof,65,319,851,18,0.3585222409382346,0.15983150911433786,-0.08419328078288461,-0.11703126043300546,0.3783850875229369,0.1381832218473487,-0.0719934106188243,-0.1020186438282812,0.4574976976171554,0.18603335427755185,0.2479803553935652,high,2.1949116966947892,0.07692307692307693,0.0219435736677116,0.010575793184488837,train_oof,0.21021369652541,1,1,1,1,drop,train_oof,0.1755144641265648
RFERF_RF_SMOTE,RFERF,supervised,RF,SMOTE,122,28,0.004908819965393344,0.00021859283750703322,0.004690227127886311,0.005127412802900378,0.9846153846153847,0.015384615384615385,65,65,21,0.0017933222330628225,0.0009331687734147418,0.0008601534596480798,0.0027264910064775647,0.7875,0.2125,319,80,1,0.003115497732330522,-7.0,true_anomaly_candidate,1,train_oof,65,319,851,18,-0.38502968440811686,-0.2857725685741472,0.14402840518599969,-0.3455879278609205,-0.5171176699640857,-0.27450186681709,0.1254264662243041,-0.46006418200942695,-0.5015842737315591,-0.14004680357885851,-0.4335863450571979,low,-1.6648344373626591,0.015384615384615385,0.025078369905956112,0.01410105757931845,train_oof,0.20598299990356878,1,1,1,1,drop,train_oof,0.1755144641265648
RFERF_RF_SMOTE,RFERF,supervised,RF,SMOTE,67,39,0.004046682841766673,0.00035403606383916893,0.0036926467779275045,0.0044007189056058426,0.6615384615384615,0.3384615384615385,65,65,49,0.0005822889504566579,0.0019415139464784982,-0.0013592249960218403,0.0025238028969351563,0.1875,0.8125,319,80,1,0.003464393891310015,10.0,true_anomaly_candidate,1,train_oof,65,319,851,18,0.22756941467187333,0.10031297740691344,-0.0541819074426906,-0.057012199533075916,-0.0571748156886139,-0.0571820868799883,-0.0573510693675296,-0.05730366119976845,0.4591390094283344,0.070892293611259,0.17593378830289144,high,-0.0556900384099592,0.06153846153846154,0.0219435736677116,0.010575793184488837,train_oof,0.2034790314541516,1,1,1,1,drop,train_oof,0.1755144641265648
RFERF_RF_SMOTE,RFERF,supervised,RF,SMOTE,14,26,0.00495672599300291,0.0018845233114682214,0.003072202681534688,0.006841249304471134,0.7692307692307693,0.23076923076923078,65,65,24,0.0014275629204433702,0.007672605659390257,-0.006245042738946883,0.009100168579833628,0.5125,0.4875,319,80,1,0.00352916307255954,-2.0,true_anomaly_candidate,1,train_oof,65,319,851,18,-0.28627350907551613,-0.05962231715970211,0.05271124746640002,-0.35113890112584567,-0.2963467085002608,-0.1622562122364825,0.0317555225141032,-0.29665408962707923,-0.35995898920350955,-0.19990811435903322,-0.1128768971455942,low,-2.115862166836835,0.015384615384615385,0.01567398119122257,0.010575793184488837,train_oof,0.19821888345424113,1,1,1,1,drop,train_oof,0.1755144641265648
RFERF_RF_SMOTE,RFERF,supervised,RF,SMOTE,56,27,0.004909582807922894,0.0007623556355171388,0.004147227172405757,0.005671938443440033,0.8615384615384616,0.13846153846153847,65,65,27,0.0013116266647517332,0.0031978761249334534,-0.0018862494601817198,0.0045095027896851865,0.725,0.275,319,80,1,0.003597956143171161,0.0,true_anomaly_candidate,1,train_oof,65,319,851,18,0.2771470981994802,0.1632066234969824,-0.08242464506658365,0.05109196178100187,0.506794437311762,0.463569310741405,0.2330353023661358,0.25464786565131436,0.3425954344912281,0.14028950876976903,0.24333699120237737,high,1.183988086914101,0.046153846153846156,0.018808777429467086,0.011750881316098707,train_oof,0.19732579194871255,1,1,1,1,drop,train_oof,0.1755144641265648
RFERF_RF_SMOTE,RFERF,supervised,RF,SMOTE,200,29,0.0046437966904153555,0.0009462899377550308,0.003697506752660325,0.005590086628170387,0.9076923076923077,0.09230769230769231,65,65,29,0.0012435932991048935,0.004913590843445859,-0.003669997544340965,0.00615718414255075,0.625,0.375,319,80,1,0.003400203391310462,0.0,true_anomaly_candidate,1,train_oof,65,319,851,18,0.3015555971235379,-0.00290429745224368,-0.022064935533175702,0.011796366473497487,0.0133877775417064,-0.0555733687473468,-0.0598171315959042,0.0775746906261329,0.34822587072679206,0.22986782014553003,0.020555042537821484,high,1.166099861281038,0.015384615384615385,0.012539184952978056,0.010575793184488837,train_oof,0.1937103087801164,1,1,1,1,drop,train_oof,0.1755144641265648
RFERF_RF_SMOTE,RFERF,supervised,RF,SMOTE,25,47,0.0032460589431870706,0.0004776895467605359,0.002768369396426535,0.0037237484899476057,0.7076923076923077,0.2923076923076923,65,65,60,0.0004114327834641371,0.0024631362892954508,-0.0020517035058313137,0.0028745690727595874,0.2,0.8,319,80,1,0.0028346261597229335,13.0,true_anomaly_candidate,1,train_oof,65,319,851,18,-0.32926571870223315,-0.2102003155886876,0.09552273313787689,0.36175660576121027,0.4112510583721981,0.4241789469406198,0.448348477742452,0.5711634191424609,-0.48441612801342915,-0.08999964330785101,-0.3232883816442139,low,-1.3716733998466921,0.13846153846153847,0.0877742946708464,0.010575793184488837,train_oof,0.19290373117296367,1,1,1,1,drop,train_oof,0.1755144641265648
RFERF_RF_SMOTE,RFERF,supervised,RF,SMOTE,125,62,0.0026620875362244226,0.0001012214726267505,0.0025608660635976725,0.002763309008851173,0.8615384615384616,0.13846153846153847,65,65,61,0.0003835069210292724,0.0007942380778265112,-0.0004107311567972392,0.001177744998855784,0.3375,0.6625,319,80,1,0.00227858061519515,-1.0,true_anomaly_candidate,1,train_oof,65,319,851,18,-0.381110092887068,-0.3810525845696144,0.18064175431318014,-0.36624491092378925,-0.540050795708347,-0.4364105491267392,-0.0147019595877856,-0.47071904454685776,-0.5443923865738146,-7.750037742705581e-05,-0.5750804490231376,low,-1.4579817382768243,0.046153846153846156,0.050156739811912224,0.010575793184488837,train_oof,0.1879091982805896,1,1,1,1,drop,train_oof,0.1755144641265648
RFERF_RF_SMOTE,RFERF,supervised,RF,SMOTE,468,41,0.0036231841963368715,0.0006518426123882387,0.0029713415839486327,0.004275026808725108,0.8461538461538461,0.15384615384615385,65,65,51,0.0005547140461366736,0.0036869692048973716,-0.0031322551587606986,0.004241683251034045,0.425,0.575,319,80,1,0.003068470150200198,10.0,true_anomaly_candidate,1,train_oof,65,319,851,18,-0.19954708120793455,-0.3904023267886439,0.15991003632224038,0.09261808527594712,-0.5609850280704225,-0.7201992541188972,-0.0854405634484518,-0.19416687500463814,-0.3539279810863402,0.22851948520070176,-0.5696423718505227,low,-0.9802319324172032,0.015384615384615385,0.07523510971786834,0.1891891891891892,train_oof,0.18485613999978096,1,1,1,1,drop,train_oof,0.1755144641265648
RFERF_RF_SMOTE,RFERF,supervised,RF,SMOTE,452,71,0.0020457375953219104,0.00035295295457240725,0.0016927846407495035,0.002398690549894318,0.8615384615384616,0.13846153846153847,65,65,67,0.00027544208909936096,0.0019360390839584126,-0.0016605969948590513,0.0022114811730577734,0.4875,0.5125,319,80,1,0.0017702955062225494,-4.0,true_anomaly_candidate,1,train_oof,65,319,851,18,-0.350266042319264,-0.3371296646110712,0.15315487545627302,0.003526259836936496,-0.443400013111964,-0.3650981223827272,0.0716233016426817,-0.0743327331685102,-0.5428468897632465,-0.012216215198788917,-0.49890850120072705,low,-1.9964421164041233,0.03076923076923077,0.034482758620689655,0.010575793184488837,train_oof,0.17726822328767228,1,1,1,1,drop,train_oof,0.1755144641265648
RFERF_RF_SMOTE,RFERF,supervised,RF,SMOTE,551,83,0.001706430572628653,0.00013354934024777915,0.0015728812323808738,0.0018399799128764318,0.6461538461538462,0.35384615384615387,65,65,80,0.0001820255805881909,0.0012818364156655321,-0.0010998108350773412,0.0014638619962537226,0.15,0.85,319,80,1,0.001524404992040462,-3.0,true_anomaly_candidate,1,train_oof,65,319,851,18,0.31134749136158385,0.03954381655129587,-0.044019210425757016,-0.1284693527475117,0.0051340753639247,-0.0476735569507304,-0.0542745109900623,-0.11698357436371515,0.5575911627249405,0.17169472113621218,0.10587747991190091,high,0.675130910356111,0.046153846153846156,0.02821316614420063,0.010575793184488837,train_oof,0.1735227059566154,1,1,1,1,drop,train_oof,0.1755144641265648
RFERF_RF_SMOTE,RFERF,supervised,RF,SMOTE,460,55,0.002878191433911071,0.0005780468809388533,0.002300144552972219,0.0034562383148499247,0.8307692307692308,0.16923076923076924,65,65,57,0.00043994945415508,0.002396479697025467,-0.0019565302428703863,0.002836429151180546,0.5375,0.4625,319,80,1,0.002438241979755991,2.0,true_anomaly_candidate,1,train_oof,65,319,851,18,0.29948028935965004,0.11057430549671816,-0.05934801939132075,-0.2506677302399162,-0.0537278690784206,-0.1015027973427366,-0.2788708389619905,-0.3130811929258598,0.35608386579819973,0.190233446852086,0.17064941021554955,high,3.140203951010868,0.03076923076923077,0.009404388714733543,0.010575793184488837,train_oof,0.1721567539500493,1,1,1,1,drop,train_oof,0.1755144641265648
RFERF_RF_SMOTE,RFERF,supervised,RF,SMOTE,316,74,0.0019508064063181452,0.00010040518354786824,0.001850401222770277,0.002051211589866013,0.8769230769230769,0.12307692307692308,65,65,77,0.0002051449336946156,0.0019750714241968423,-0.0017699264905022272,0.0021802163578914574,0.325,0.675,319,80,1,0.0017456614726235296,3.0,true_anomaly_candidate,1,train_oof,65,319,851,18,-0.3458874974077683,-0.26740178073084275,0.1287676314607709,-0.08887699331124296,-0.4611704880530246,-0.4209237275886968,-0.0256571364598702,-0.1154725173490127,-0.4977423216983124,-0.07533013335878971,-0.4002689344231228,low,-1.5699786032473293,0.046153846153846156,0.08150470219435736,0.010575793184488837,train_oof,0.1719029843557076,1,1,1,1,drop,train_oof,0.1755144641265648
RFERF_RF_SMOTE,RFERF,supervised,RF,SMOTE,58,51,0.003119476666718251,0.0007242622044188112,0.0023952144622994384,0.003843738871137062,0.8769230769230769,0.12307692307692308,65,65,38,0.000824464705182192,0.0012904987228245734,-0.0004660340176423815,0.002114963428006766,0.5375,0.4625,319,80,1,0.0022950119615360587,-13.0,true_anomaly_candidate,1,train_oof,65,319,851,18,0.2157671671557227,0.3407414111348158,-0.1423830331327249,-0.013806671667261556,0.1882520676036252,0.415941331377423,-0.432289656463813,-0.2063699983670148,0.3570157912780731,-0.13778685588966036,0.490891945131962,high,2.0646239537809294,0.0,0.01567398119122257,0.010575793184488837,train_oof,0.1710362734894079,1,1,1,1,drop,train_oof,0.1755144641265648
RFERF_RF_SMOTE,RFERF,supervised,RF,SMOTE,133,54,0.0029565504768933304,0.0003452075980807116,0.0026113428788126195,0.0033017580749740423,0.8307692307692308,0.16923076923076924,65,65,45,0.0006686089020676594,0.0019844377191664477,-0.0013158288170987888,0.0026530466212341076,0.3875,0.6125,319,80,1,0.002287941574825671,-9.0,true_anomaly_candidate,1,train_oof,65,319,851,18,0.2972789453498061,0.11848207751558748,-0.06848776999636055,0.04419344858832852,0.1355651377430604,0.1222732321194762,-0.0702155112457948,-0.009411140222352954,0.35851269111422607,0.19840743837586766,0.1870838434995533,high,2.1469719020373548,0.0,0.003134796238244514,0.01645123384253819,train_oof,0.1703957193704538,1,1,1,1,drop,train_oof,0.1755144641265648
RFERF_RF_SMOTE,RFERF,supervised,RF,SMOTE,107,57,0.0027754662105240737,0.0007123770796205473,0.0020630891309035265,0.003487843290144621,0.7846153846153846,0.2153846153846154,65,65,56,0.00045027251510115237,0.0031212392360840412,-0.0026709667209828887,0.0035715117511851933,0.475,0.525,319,80,1,0.002325193695422921,-1.0,true_anomaly_candidate,1,train_oof,65,319,851,18,-0.3422775543901656,0.04866804194627469,0.0009970090928195935,0.3311036119779456,-0.1396887429309186,0.1299263676678478,0.0069638276876572,0.32452304791172737,-0.3542081792705866,-0.3564368271146811,0.04806822743272617,low,-2.5069996617238535,0.03076923076923077,0.03761755485893417,0.010575793184488837,train_oof,0.16977836137855667,1,1,1,1,drop,train_oof,0.1755144641265648
RFERF_RF_SMOTE,RFERF,supervised,RF,SMOTE,76,59,0.0027512030225478913,0.00018801228311241615,0.002563190739435475,0.0029392153056603076,0.8923076923076924,0.1076923076923077,65,65,64,0.000355294473960725,0.0018696535943125985,-0.0015143591203518737,0.0022249480682733237,0.4375,0.5625,319,80,1,0.0023959085485871666,5.0,true_anomaly_candidate,1,train_oof,65,319,851,18,-0.24502488894123978,-0.15270353871630774,0.08575314780584527,0.006316011792041554,-0.1733448226763963,-0.1583730864706931,0.1710051100547762,-0.1239380931975759,-0.3433600658576909,-0.08592625253000036,-0.24239558467812303,low,-2.377184392155901,0.046153846153846156,0.018808777429467086,0.010575793184488837,train_oof,0.16967326600809357,1,1,1,1,drop,train_oof,0.1755144641265648
RFERF_RF_SMOTE,RFERF,supervised,RF,SMOTE,288,75,0.0018792408922831912,0.00013117604463259598,0.001748064847650595,0.0020104169369157873,0.7076923076923077,0.2923076923076923,65,65,86,0.00011586085327285953,0.0009376261805142764,-0.0008217653272414166,0.0010534870337871362,0.05,0.95,319,80,1,0.0017633800390103318,11.0,true_anomaly_candidate,1,train_oof,65,319,851,18,0.1393372801257341,0.34667983355432525,-0.14544405322244972,0.18517939956954466,0.2468291464077718,0.2468291464077718,-0.2463688282980458,0.02078007466760535,0.4291536877488677,-0.14457000038475032,0.504645384982765,high,1.6031235768487706,0.03076923076923077,0.03134796238244514,0.011750881316098707,train_oof,0.1649070543043052,1,1,1,1,drop,train_oof,0.1755144641265648
RFERF_RF_SMOTE,RFERF,supervised,RF,SMOTE,282,92,0.0013929259860579303,0.00018138691577512748,0.001211539070282803,0.0015743129018330577,0.7230769230769231,0.27692307692307694,65,65,83,0.0001554703389692967,0.0007337466962849583,-0.0005782763573156616,0.000889217035254255,0.2625,0.7375,319,80,1,0.0012374556470886337,-9.0,true_anomaly_candidate,1,train_oof,65,319,851,18,0.1561699242822235,0.32979285990452956,-0.1424597830396674,0.2992055605239835,0.2858712954028456,0.3458754884479732,-0.2241643454807379,0.24086815061900002,0.3774003141163236,-0.13431041246411304,0.48048636384597054,high,1.6209645906569317,0.015384615384615385,0.018808777429467086,0.010575793184488837,train_oof,0.14943365894263122,1,1,1,1,drop,train_oof,0.1755144641265648
RFERF_RF_SMOTE,RFERF,supervised,RF,SMOTE,37,90,0.0014882860296379738,7.560722285609044e-05,0.0014126788067818834,0.0015638932524940643,0.8769230769230769,0.12307692307692308,65,65,98,2.3928626025370342e-05,0.0025822703521652104,-0.0025583417261398397,0.0026061989781905807,0.075,0.925,319,80,1,0.0014643574036126035,8.0,true_anomaly_candidate,1,train_oof,65,319,851,18,0.2908637151659694,-0.010348222321451318,-0.007543912825143632,-0.47863054334452126,0.2992553968558932,0.0831968390603314,0.0049520856410351,-0.6327587544694303,0.3307801424937998,0.2525001681041662,-0.0027853764236392083,high,3.1134905609889807,0.015384615384615385,0.006269592476489028,0.011750881316098707,train_oof,0.14862176484086675,1,1,1,1,drop,train_oof,0.1755144641265648
RFERF_RF_SMOTE,RFERF,supervised,RF,SMOTE,486,5,0.019690796096020195,0.006919757259004529,0.012771038837015665,0.026610553355024723,0.8461538461538461,0.15384615384615385,65,65,3,0.009306003492056134,0.006761518803123269,0.0025444846889328644,0.016067522295179403,0.9,0.1,319,80,1,0.010384792603964061,-2.0,true_anomaly_candidate,1,train_oof,65,319,851,18,0.07604089412098428,0.061984726122189235,-0.04178146034015446,0.4878903690673034,-0.0817780322697149,-0.0915815786012332,-0.2027665238958431,0.5159957040744688,0.11570645347565663,0.015654428632717148,0.10398586548804743,high,2.2902566020655253,0.0,0.006269592476489028,0.010575793184488837,train_oof,0.34170589381555444,1,0,1,0,drop,train_oof,0.1755144641265648
RFERF_RF_SMOTE,RFERF,supervised,RF,SMOTE,338,14,0.01111655684203894,0.002213468195902959,0.008903088646135976,0.013330025037941904,0.8153846153846154,0.18461538461538463,65,65,14,0.0034740478578052466,0.010545083675462183,-0.007071035817656937,0.014019131533267429,0.55,0.45,319,80,1,0.007642508984233694,0.0,true_anomaly_candidate,1,train_oof,65,319,851,18,0.04190840219625241,0.026823028045767736,-0.013514588314652848,-0.013662449483460433,-0.0723784676738478,-0.1090133162642454,-0.0834230310629599,-0.05661529759183705,0.0524981560196724,0.018156676857639116,0.03967861176101679,high,0.5337357127839639,0.015384615384615385,0.0219435736677116,0.010575793184488837,train_oof,0.2567215680850046,1,0,1,0,drop,train_oof,0.1755144641265648
RFERF_RF_SMOTE,RFERF,supervised,RF,SMOTE,31,17,0.008069293207112305,0.0031119115317987875,0.004957381675313517,0.011181204738911089,0.8,0.2,65,65,15,0.0031435562940667627,0.00914368889969444,-0.006000132605627679,0.012287245193761205,0.6375,0.3625,319,80,1,0.004925736913045542,-2.0,true_anomaly_candidate,1,train_oof,65,319,851,18,-0.06314159191588742,0.022527736232625273,0.009808068216615687,-0.6102411695987504,-0.4187602376629362,-0.4226680117840752,-0.4678865409001133,-0.4928218614826194,-0.07234737379752748,-0.08850650044495406,0.012586516863927501,high,1.9593994417731206,0.0,0.0,0.010575793184488837,train_oof,0.20373853322058433,1,0,1,0,drop,train_oof,0.1755144641265648
RFERF_RF_SMOTE,RFERF,supervised,RF,SMOTE,416,24,0.005220569008813277,0.0017415429059830347,0.0034790261028302435,0.0069621119147963125,0.8153846153846154,0.18461538461538463,65,65,23,0.001555734424843812,0.007587601238282062,-0.006031866813438246,0.009143335663125873,0.625,0.375,319,80,1,0.003664834583969465,-1.0,true_anomaly_candidate,1,train_oof,65,319,851,18,-0.22800034157889135,-0.0019184378020901218,0.01826913008979391,-0.14044731813491362,-0.4415347746160978,-0.184403499504367,-0.144570446481278,-0.3812402155003027,-0.2458996110875317,-0.23315420991258926,-0.019905846301165916,low,-2.1572295833095927,0.0,0.006269592476489028,0.011750881316098707,train_oof,0.1898403755452401,1,0,1,0,drop,train_oof,0.1755144641265648
RFERF_RF_SMOTE,RFERF,supervised,RF,SMOTE,137,32,0.004439880390578237,0.0007799066627546512,0.003659973727823586,0.005219787053332888,0.8615384615384616,0.13846153846153847,65,65,34,0.0010245752558957664,0.0027838257516354338,-0.0017592504957396674,0.0038084010075312,0.525,0.475,319,80,1,0.0034153051346824705,2.0,true_anomaly_candidate,1,train_oof,65,319,851,18,0.2179549170400586,0.15719777816879932,-0.07597629886076109,0.04183123063502851,0.3741080472438483,0.0910416159979347,-0.1920248152479791,-0.07167385399420326,0.2909897569377864,0.0656404957840542,0.23360204279618793,high,2.191895197557744,0.015384615384615385,0.01567398119122257,0.010575793184488837,train_oof,0.18727292515877314,1,0,1,0,drop,train_oof,0.1755144641265648
RFERF_RF_SMOTE,RFERF,supervised,RF,SMOTE,0,42,0.0036017203156409046,0.0005577800539292208,0.003043940261711684,0.004159500369570126,0.6461538461538462,0.35384615384615387,65,65,79,0.00018734109664485672,0.0032442718645822903,-0.0030569307679374344,0.003431612961227147,0.1375,0.8625,319,80,1,0.003414379218996048,37.0,true_anomaly_candidate,1,train_oof,65,319,851,18,-0.18980266600362314,-0.0779510637454038,0.0395693011634603,0.136358195585214,-0.4009873167426543,-0.0545022322908059,-0.0202007428053935,0.02290968950506389,-0.2334984671866732,-0.10967932159215912,-0.11952460080854613,low,-2.0170279186467237,0.015384615384615385,0.02821316614420063,0.010575793184488837,train_oof,0.17790245450305858,1,0,1,0,drop,train_oof,0.1755144641265648
RFERF_RF_SMOTE,RFERF,supervised,RF,SMOTE,428,23,0.005327313579955719,0.0005867055499175647,0.004740608030038155,0.0059140191298732835,0.8461538461538461,0.15384615384615385,65,65,30,0.001233515149064333,0.0027193295241678215,-0.0014858143751034884,0.003952844673232156,0.675,0.325,319,80,1,0.004093798430891386,7.0,true_anomaly_candidate,1,train_oof,65,319,851,18,-0.06266323514292926,0.04452998486996915,-0.008363618126602607,-0.14497349986641672,-0.0713045620950758,-0.0527839802560395,-0.1778279558111615,-0.1672073035707229,-0.050985286808186134,-0.144613012274058,0.051235138166971804,high,6.441373360475646,0.0,0.003134796238244514,0.011750881316098707,train_oof,0.17714428280940941,1,0,1,0,drop,train_oof,0.1755144641265648
RFERF_RF_SMOTE,RFERF,supervised,RF,SMOTE,132,31,0.0044466927134386314,0.0005348197590519484,0.003911872954386683,0.00498151247249058,0.46153846153846156,0.5384615384615384,65,65,25,0.0013372169141228317,0.002495168112871342,-0.0011579511987485093,0.0038323850269941727,0.075,0.925,319,80,1,0.0031094757993157997,-6.0,true_anomaly_candidate,1,train_oof,65,319,851,18,0.18711174138385225,0.11677428876124109,-0.048284198698451644,-0.48466358134738236,0.2756331946108676,0.1000843211226934,-0.2603511318902715,-0.7038921686290109,0.23154890511001067,0.07332352615838855,0.16744499526728637,high,2.176790143663675,0.0,0.0,0.012925969447708578,train_oof,0.1765059753296914,0,0,1,0,drop,train_oof,0.1755144641265648
RFERF_RF_SMOTE,RFERF,supervised,RF,SMOTE,19,22,0.005862892167658898,0.0013167801850529938,0.004546111982605904,0.007179672352711892,0.8923076923076924,0.1076923076923077,65,65,19,0.002242395981768382,0.010357415925699725,-0.008115019943931339,0.012599811907468108,0.7625,0.2375,319,80,1,0.0036204961858905156,-3.0,true_anomaly_candidate,1,train_oof,65,319,851,18,0.08146379160171567,0.0029510358347875146,-0.012704032379082134,0.2591999135705861,-0.0237492771698798,-0.000629937536488,0.0834403884031107,0.3054385928373644,0.08946608627283156,0.09970686141607621,0.015207347029488989,low,-1.8966785072430028,0.0,0.003134796238244514,0.010575793184488837,train_oof,0.1759429556932594,1,0,1,0,drop,train_oof,0.1755144641265648
RFERF_RF_SMOTE,RFERF,supervised,RF,SMOTE,24,25,0.005027393819757987,0.0014496688142707026,0.0035777250054872837,0.006477062634028688,0.7692307692307693,0.23076923076923078,65,65,33,0.0010416317922026358,0.004818533620846619,-0.0037769018286439833,0.005860165413049253,0.65,0.35,319,80,1,0.003985762027555351,8.0,true_anomaly_candidate,1,train_oof,65,319,851,18,-0.06463950834982564,0.0033745011273537016,0.005845546469392344,-0.0867825156030137,0.127418282834732,0.151599188349398,0.0488726142224079,0.030652386465727856,-0.06786475474853373,-0.07912490269208272,-0.0024303518166839152,high,3.2674413177832666,0.0,0.0,0.010575793184488837,train_oof,0.17592368126974783,1,0,1,0,drop,train_oof,0.1755144641265648
RFERF_RF_SMOTE,RFERF,supervised,RF,SMOTE,310,35,0.004170446453477776,0.00110805926801389,0.003062387185463886,0.005278505721491667,0.8,0.2,65,65,40,0.0008200450406168758,0.004062313327789078,-0.0032422682871722014,0.004882358368405954,0.5125,0.4875,319,80,1,0.0033504014128609,5.0,true_anomaly_candidate,1,train_oof,65,319,851,18,0.15855875394777205,0.0616795797581138,-0.03834641188761483,0.13846353761382954,0.121756468219912,-0.0445548134740834,-0.1037889685979735,-0.0741718910360285,0.1910195830372427,0.10744283286919257,0.09927972727103308,high,2.6243995222042225,0.0,0.0,0.010575793184488837,train_oof,0.1749738089783993,1,0,1,0,drop,train_oof,0.1755144641265648
RFERF_RF_SMOTE,RFERF,supervised,RF,SMOTE,131,37,0.004058703914382111,0.0008734237291538207,0.00318528018522829,0.004932127643535931,0.8,0.2,65,65,46,0.0006522013204936118,0.006288895105830666,-0.005636693785337055,0.006941096426324278,0.5125,0.4875,319,80,1,0.003406502593888499,9.0,true_anomaly_candidate,1,train_oof,65,319,851,18,0.15948840145824056,-0.098703543411072,0.027963563622908583,-0.1250817111963043,0.083076745979686,-0.1227730518969172,-0.0040593523730439,-0.2872516720194648,0.12987801745569705,0.26753117666185683,-0.12664568867563072,high,1.8257987130344795,0.046153846153846156,0.034482758620689655,0.025851938895417155,train_oof,0.169163057857765,1,0,1,0,drop,train_oof,0.1755144641265648
RFERF_RF_SMOTE,RFERF,supervised,RF,SMOTE,252,36,0.004115183959500051,0.0008653184609257727,0.0032498654985742793,0.004980502420425824,0.8615384615384616,0.13846153846153847,65,65,44,0.0006939293844318505,0.0030479264190248173,-0.0023539970345929665,0.0037418558034566667,0.4375,0.5625,319,80,1,0.003421254575068201,8.0,true_anomaly_candidate,1,train_oof,65,319,851,18,-0.026436111300921075,-0.025396367195949333,0.012211838435156436,-0.031804785458354023,-0.0286086856785004,-0.0304561448770907,-0.0304561448770907,-0.0333357624315525,-0.03301685329145677,-0.04010491183323459,-0.03631612887033653,high,0.00436408216270485,0.015384615384615385,0.01567398119122257,0.010575793184488837,train_oof,0.15978397944427156,1,0,1,0,drop,train_oof,0.1755144641265648
RFERF_RF_SMOTE,RFERF,supervised,RF,SMOTE,55,44,0.0035241704790281462,0.00019544748991881232,0.0033287229891093336,0.003719617968946958,0.7846153846153846,0.2153846153846154,65,65,55,0.0004551231273539746,0.0018578845438580506,-0.0014027614165040764,0.0023130076712120245,0.3625,0.6375,319,80,1,0.0030690473516741716,11.0,true_anomaly_candidate,1,train_oof,65,319,851,18,0.051080915802939116,0.10697027776483872,-0.04013007721589631,-0.12499653264514476,-0.3887345895385595,0.1175925249213401,-0.077148672947852,0.05697006359717075,0.09990435595249883,-0.045507573030791074,0.14995603155860013,low,-2.0245606516397734,0.0,0.025078369905956112,0.011750881316098707,train_oof,0.15863089686373255,1,0,1,0,drop,train_oof,0.1755144641265648
RFERF_RF_SMOTE,RFERF,supervised,RF,SMOTE,563,34,0.00424311851573491,0.0004156149250672094,0.0038275035906677017,0.0046587334408021205,0.8307692307692308,0.16923076923076924,65,65,31,0.0011347487137732023,0.0026644994607603143,-0.001529750746987112,0.0037992481745335155,0.675,0.325,319,80,1,0.0031083698019617077,-3.0,true_anomaly_candidate,1,train_oof,65,319,851,18,-0.04767031156158037,0.15518108477466475,0.004411769681533748,0.08212631432300976,-0.0790054285279027,0.0766573161892273,-0.1232683849250544,-0.0916720225965397,-0.0540159649418912,-0.26587530480773686,0.1610221032804912,high,2.5540133384958885,0.0,0.009404388714733543,0.010575793184488837,train_oof,0.15759097660607652,1,0,1,0,drop,train_oof,0.1755144641265648
RFERF_RF_SMOTE,RFERF,supervised,RF,SMOTE,57,58,0.002763840660524694,0.0009108415498569881,0.0018529991106677058,0.003674682210381682,0.7076923076923077,0.2923076923076923,65,65,53,0.0004963353873030389,0.003962261521989029,-0.00346592613468599,0.004458596909292068,0.275,0.725,319,80,1,0.002267505273221655,-5.0,true_anomaly_candidate,1,train_oof,65,319,851,18,-0.2466369604527132,0.06453152699722224,-0.005683006089022359,0.028930647041947324,-0.2253487013997487,0.1802293374539053,0.0132266155729998,-0.0243685889359746,-0.23673432210192755,-0.31872089945836085,0.07072226407809679,low,-2.4918142126408602,0.03076923076923077,0.009404388714733543,0.010575793184488837,train_oof,0.15689273938700551,1,0,1,0,drop,train_oof,0.1755144641265648
RFERF_RF_SMOTE,RFERF,supervised,RF,SMOTE,35,38,0.004050205742470175,0.00013745272916383726,0.003912753013306337,0.004187658471634013,0.9076923076923077,0.09230769230769231,65,65,42,0.0008071915800733963,0.0018968570642835328,-0.001089665484210137,0.0027040486443569286,0.55,0.45,319,80,1,0.003243014162396779,4.0,true_anomaly_candidate,1,train_oof,65,319,851,18,-0.0008570047999864391,0.047993974481821765,-0.015106211425754596,-0.14223746609561264,-0.1750404154125366,-0.167810672695449,-0.1465913778207919,-0.14603107276021948,0.014206145350294557,-0.04938281385719841,0.062050327159178596,low,-0.3208643260162251,0.015384615384615385,0.003134796238244514,0.01410105757931845,train_oof,0.15482912588308745,1,0,1,0,drop,train_oof,0.1755144641265648
RFERF_RF_SMOTE,RFERF,supervised,RF,SMOTE,344,48,0.0031814198473666395,0.0009187314905846469,0.0022626883567819916,0.004100151337951285,0.7384615384615385,0.26153846153846155,65,65,50,0.0005595482438491309,0.005731897750066465,-0.005172349506217333,0.006291445993915597,0.4125,0.5875,319,80,1,0.0026218716035175085,2.0,true_anomaly_candidate,1,train_oof,65,319,851,18,-0.1418328497721934,0.0657085067809185,-0.011745559295664698,-0.10449892568021198,-0.0273056571375614,0.0941586447072175,-0.0255523367568694,-0.0578564377331998,-0.1321957320114428,-0.19629175418326048,0.07745916562390605,low,-2.0692291887945187,0.046153846153846156,0.018808777429467086,0.010575793184488837,train_oof,0.15352564661479706,1,0,1,0,drop,train_oof,0.1755144641265648
RFERF_RF_SMOTE,RFERF,supervised,RF,SMOTE,144,61,0.0026870729718553015,0.00027443431644403796,0.002412638655411264,0.00296150728829934,0.7846153846153846,0.2153846153846154,65,65,37,0.0008342865226330324,0.0015321105296276709,-0.0006978240069946383,0.0023663970522607033,0.6125,0.3875,319,80,1,0.0018527864492222691,-24.0,true_anomaly_candidate,1,train_oof,65,319,851,18,-0.17922231933693106,-0.18962271531981545,0.09148456145794069,-0.2786072685659596,-0.3132311551450702,-0.3587936586329859,-0.1277266766585559,-0.440155272004264,-0.25735580796645413,0.012364720010068005,-0.2816119141387086,low,-1.117897511387011,0.0,0.03761755485893417,0.010575793184488837,train_oof,0.15222055511908664,1,0,1,0,drop,train_oof,0.1755144641265648
RFERF_RF_SMOTE,RFERF,supervised,RF,SMOTE,39,50,0.003127724375287793,0.00033116919307813543,0.0027965551822096576,0.003458893568365929,0.8769230769230769,0.12307692307692308,65,65,65,0.00031945966986262714,0.00541620513224626,-0.005096745462383633,0.005735664802108888,0.225,0.775,319,80,1,0.002808264705425166,15.0,true_anomaly_candidate,1,train_oof,65,319,851,18,0.03861526610217088,0.06569463402117366,-0.023991319533944178,-0.17463263842322835,-0.2304537519017632,-0.2418351031004259,-0.117713952292411,-0.0718664337846065,0.08615873893913596,-0.018406635125024558,0.08914423683347071,low,-1.4780001630075774,0.0,0.01567398119122257,0.010575793184488837,train_oof,0.1515186866713884,1,0,1,0,drop,train_oof,0.1755144641265648
RFERF_RF_SMOTE,RFERF,supervised,RF,SMOTE,16,70,0.0021559412060565488,0.0004901686595503433,0.0016657725465062051,0.002646109865606892,0.6923076923076923,0.3076923076923077,65,65,66,0.000293858208917204,0.002776284127438177,-0.0024824259185209723,0.0030701423363553816,0.3375,0.6625,319,80,1,0.0018620829971393448,-4.0,true_anomaly_candidate,1,train_oof,65,319,851,18,0.18766835435478882,0.10692461127549137,-0.0608000622729084,0.28941245087078926,0.1449067106772109,0.1181960167277181,-0.0582141634610861,0.19792943150231915,0.2548631318684496,0.07613673956003184,0.1687957665826538,high,1.8577797935725773,0.046153846153846156,0.0219435736677116,0.010575793184488837,train_oof,0.14988581534410156,1,0,1,0,drop,train_oof,0.1755144641265648
RFERF_RF_SMOTE,RFERF,supervised,RF,SMOTE,183,49,0.0031342390796147844,0.0005496118360781247,0.00258462724353666,0.0036838509156929098,0.7230769230769231,0.27692307692307694,65,65,36,0.0008483297943255592,0.0038045610208545617,-0.0029562312265290027,0.004652890815180123,0.35,0.65,319,80,1,0.0022859092852892254,-13.0,true_anomaly_candidate,1,train_oof,65,319,851,18,0.12218987402463766,-0.003855474520154261,-0.012461841460891373,0.20828205554006074,0.3853376926994163,0.2533992254275558,-0.0052118722849156,0.6388292268259507,0.13842098182074547,0.1194643565476609,0.008571918865491747,high,1.9209873586125272,0.015384615384615385,0.009404388714733543,0.010575793184488837,train_oof,0.14873840947403366,1,0,1,0,drop,train_oof,0.1755144641265648
RFERF_RF_SMOTE,RFERF,supervised,RF,SMOTE,227,82,0.0017082493977625607,0.0005317126868447358,0.0011765367109178241,0.002239962084607296,0.8,0.2,65,65,88,9.32986306215758e-05,0.0016537524993597472,-0.0015604538687381715,0.0017470511299813227,0.2375,0.7625,319,80,1,0.0016149507671409848,6.0,true_anomaly_candidate,1,train_oof,65,319,851,18,0.24429628303162035,0.11779615017603311,-0.05833984360699128,-0.22645837312622374,-0.1481667666320204,-0.1481667666320204,-0.2917844906468645,-0.2828083828959368,0.2986043338070562,0.12465221156766301,0.1783853724534763,high,4.501457048348556,0.015384615384615385,0.009404388714733543,0.010575793184488837,train_oof,0.14861405578263837,1,0,1,0,drop,train_oof,0.1755144641265648
RFERF_RF_SMOTE,RFERF,supervised,RF,SMOTE,2,45,0.003340170225787267,0.0005713087124543575,0.002768861513332908,0.003911478938241624,0.5692307692307692,0.4307692307692308,65,65,63,0.00036710436070727724,0.0020107048043693215,-0.0016436004436620444,0.0023778091650765994,0.2125,0.7875,319,80,1,0.00297306586507999,18.0,true_anomaly_candidate,1,train_oof,65,319,851,18,0.012615956156476028,0.001803091451449968,0.001708893125445445,-0.12821523414424454,-0.1290929332477285,-0.0945529583060222,0.0908979547894733,-0.16738321359735503,0.010599153580580558,0.011397497502319916,9.45440016484505e-05,low,-2.5553411916221265,0.0,0.003134796238244514,0.01527614571092832,train_oof,0.14729074228310846,0,0,1,0,drop,train_oof,0.1755144641265648
RFERF_RF_SMOTE,RFERF,supervised,RF,SMOTE,423,63,0.0026615783763769434,0.0008785650576998323,0.0017830133186771116,0.003540143434076776,0.676923076923077,0.3230769230769231,65,65,48,0.0006011292802201526,0.0023593388703666658,-0.001758209590146513,0.0029604681505868177,0.25,0.75,319,80,1,0.0020604490961567907,-15.0,true_anomaly_candidate,1,train_oof,65,319,851,18,0.08725269949013403,0.15626627073396454,-0.07890761960879412,0.6229216468795417,-0.2585954253584319,-0.0302346430322924,-0.3001033665586309,-0.1185884808339508,0.1780241756218756,-0.06382378714996047,0.23756932653368928,high,3.5543213690628574,0.0,0.009404388714733543,0.010575793184488837,train_oof,0.14727829084513405,1,0,1,0,drop,train_oof,0.1755144641265648
RFERF_RF_SMOTE,RFERF,supervised,RF,SMOTE,552,52,0.0030730874401496714,0.0011225311191132002,0.0019505563210364708,0.004195618559262871,0.7692307692307693,0.23076923076923078,65,65,52,0.0005210583669409514,0.006114929482461718,-0.005593871115520768,0.006635987849402669,0.375,0.625,319,80,1,0.0025520290732087203,0.0,true_anomaly_candidate,1,train_oof,65,319,851,18,0.11748864109490394,0.02286779693810443,0.0428507142847068,-0.25445164316135205,-0.0580775702068808,-0.1634924398612337,-0.179155159296156,-0.42324055990946285,0.07466558918448636,0.11760043195842283,-0.021609427217624374,high,3.9309903033677456,0.015384615384615385,0.003134796238244514,0.010575793184488837,train_oof,0.14613856697362382,1,0,1,0,drop,train_oof,0.1755144641265648
RFERF_RF_SMOTE,RFERF,supervised,RF,SMOTE,8,60,0.0027450369543493064,0.0007034403197924737,0.002041596634556832,0.00344847727414178,0.8461538461538461,0.15384615384615385,65,65,54,0.0004639821505855072,0.003927911021030213,-0.003463928870444706,0.004391893171615721,0.425,0.575,319,80,1,0.0022810548037637992,-6.0,true_anomaly_candidate,1,train_oof,65,319,851,18,0.04047782968087015,0.22497312279575096,-0.08899478599352233,0.007303449999480926,0.0810525944716143,0.1799366514475127,-0.1397433135704641,-0.0076721415821052,0.12609427025403383,-0.2121999317861839,0.31232667088373806,high,2.1163032192153155,0.0,0.006269592476489028,0.010575793184488837,train_oof,0.14577896513752536,1,0,1,0,drop,train_oof,0.1755144641265648
RFERF_RF_SMOTE,RFERF,supervised,RF,SMOTE,271,81,0.0017217042526021108,0.0003267010548577281,0.001395003197744383,0.002048405307459839,0.8,0.2,65,65,94,6.237274498997839e-05,0.0022307248253000656,-0.0021683520803100873,0.002293097570290044,0.2375,0.7625,319,80,1,0.0016593315076121324,13.0,true_anomaly_candidate,1,train_oof,65,319,851,18,0.19711743400558368,0.11238424745881415,-0.05592498118406687,-0.059073839688545134,0.0711597420252907,0.142667431613226,-0.1041571936444093,-0.41122900572818616,0.2540511946842734,0.08456918929754115,0.16944038652902604,high,2.1809247418344584,0.0,0.012539184952978056,0.010575793184488837,train_oof,0.1448318699778238,1,0,1,0,drop,train_oof,0.1755144641265648
RFERF_RF_SMOTE,RFERF,supervised,RF,SMOTE,48,73,0.0019852958138531934,8.57354137567199e-05,0.0018995604000964729,0.0020710312276099136,0.8461538461538461,0.15384615384615385,65,65,91,8.47970775810005e-05,0.002732824094740672,-0.002648027017159671,0.0028176211723216723,0.1625,0.8375,319,80,1,0.001900498736272193,18.0,true_anomaly_candidate,1,train_oof,65,319,851,18,-0.20686976374562513,0.05938066664834983,-0.017631850005644854,0.5371356015829747,-0.4161698354110992,0.122256921954776,-0.0202066195268127,0.28783731431061077,-0.19513621725978383,-0.24960599545842008,0.07725208060178088,low,-2.2565433883287414,0.0,0.025078369905956112,0.010575793184488837,train_oof,0.14369709327476496,1,0,1,0,drop,train_oof,0.1755144641265648
RFERF_RF_SMOTE,RFERF,supervised,RF,SMOTE,126,67,0.0023643224539211106,0.000349635686354686,0.0020146867675664244,0.002713958140275795,0.9076923076923077,0.09230769230769231,65,65,74,0.00022700265471402317,0.0011982775024958936,-0.0009712748477818708,0.0014252801572099162,0.325,0.675,319,80,1,0.0021373197992070876,7.0,true_anomaly_candidate,1,train_oof,65,319,851,18,0.1382088802026362,-0.006202999119994015,-0.011855427594140905,0.07133480727340386,0.0299945930039064,-0.0914150889033548,-0.0639999994404245,0.0789501099019952,0.14218833915055384,0.17164939575932653,0.005613020147549722,high,4.717974891164911,0.0,0.0,0.01410105757931845,train_oof,0.14358503211822565,1,0,1,0,drop,train_oof,0.1755144641265648
RFERF_RF_SMOTE,RFERF,supervised,RF,SMOTE,41,69,0.0023486573958100628,0.00011403102152109261,0.00223462637428897,0.0024626884173311546,0.8,0.2,65,65,78,0.00019231963373322861,0.0012256208468079716,-0.0010333012130747427,0.0014179404805412003,0.2375,0.7625,319,80,1,0.0021563377620768343,9.0,true_anomaly_candidate,1,train_oof,65,319,851,18,0.07053839421047324,0.1147699351838186,-0.04719557075335465,-0.060086947013467715,-0.0569869120230521,-0.0938235136206551,-0.1242932951890429,-0.15339875817974158,0.1389229219574639,-0.03582601959388064,0.1593580070942871,high,1.294825412037134,0.0,0.01567398119122257,0.010575793184488837,train_oof,0.14348309971536255,1,0,1,0,drop,train_oof,0.1755144641265648
RFERF_RF_SMOTE,RFERF,supervised,RF,SMOTE,217,46,0.0032945319318770333,0.0007905054312019757,0.0025040265006750564,0.004085037363079009,0.5538461538461539,0.4461538461538462,65,65,43,0.0007563172828952702,0.003035729222656993,-0.0022794119397617227,0.0037920465055522644,0.3,0.7,319,80,1,0.002538214648981763,-3.0,true_anomaly_candidate,1,train_oof,65,319,851,18,0.0013570965225720825,0.07865751192815908,-0.03704254138039154,0.3075847168097275,-0.2487876257157356,-0.1039468919177846,-0.2363727056759112,0.04606672523009345,0.0403215693892821,-0.072984838559794,0.11500196839454761,low,-1.1861140887224766,0.0,0.012539184952978056,0.010575793184488837,train_oof,0.14336110459665935,0,0,1,0,drop,train_oof,0.1755144641265648
RFERF_RF_SMOTE,RFERF,supervised,RF,SMOTE,90,72,0.002041209424297257,0.0005204729553938326,0.001520736468903425,0.0025616823796910894,0.8307692307692308,0.16923076923076924,65,65,58,0.0004335065077461507,0.0016728946733208954,-0.0012393881655747452,0.002106401181067046,0.5,0.5,319,80,1,0.0016077029165511064,-14.0,true_anomaly_candidate,1,train_oof,65,319,851,18,-0.18769329880669464,-0.056691062410109926,0.03676840456758717,-0.03648012256466606,-0.1791097221504262,-0.0103029803984339,0.0228936437706999,-0.07364341121444375,-0.22867718637143228,-0.1346889679393158,-0.0938844993091082,low,-2.104832026477454,0.015384615384615385,0.0219435736677116,0.010575793184488837,train_oof,0.1427892974479614,1,0,1,0,drop,train_oof,0.1755144641265648
RFERF_RF_SMOTE,RFERF,supervised,RF,SMOTE,281,56,0.002806282946518714,0.0005587494921525714,0.002247533454366143,0.0033650324386712864,0.6615384615384615,0.3384615384615385,65,65,41,0.0008164859599089552,0.001830021852319346,-0.001013535892410391,0.0026465078122283017,0.4125,0.5875,319,80,1,0.0019897969866097586,-15.0,true_anomaly_candidate,1,train_oof,65,319,851,18,-0.1496147489922028,0.11401054183094925,-0.02317350279498838,-0.3863729839056528,-0.3274339756173822,-0.1599231099559809,-0.1971477467696444,-0.3460462940242044,-0.13544455034979105,-0.2322012776528466,0.1359744252002673,low,-1.276662214365321,0.046153846153846156,0.012539184952978056,0.011750881316098707,train_oof,0.1424586529072701,1,0,1,0,drop,train_oof,0.1755144641265648
RFERF_RF_SMOTE,RFERF,supervised,RF,SMOTE,182,79,0.0017543719174445587,0.0002418344125760801,0.001512537504868479,0.001996206330020638,0.7538461538461538,0.24615384615384617,65,65,73,0.00023883747741827886,0.0024503259917857617,-0.0022114885143674824,0.0026891634692040407,0.3875,0.6125,319,80,1,0.0015155344400262798,-6.0,true_anomaly_candidate,1,train_oof,65,319,851,18,-0.18697040220544323,-0.11824209072610033,0.05447382230946853,0.23371000457288085,-0.3681812850136541,-0.2947863244390721,0.0035286766060023,0.4486335988002404,-0.2384226985712467,-0.07456220435875663,-0.17040090224783974,low,-1.536581705773529,0.0,0.0,0.010575793184488837,train_oof,0.14114507134573942,1,0,1,0,drop,train_oof,0.1755144641265648
RFERF_RF_SMOTE,RFERF,supervised,RF,SMOTE,489,66,0.0024808174074450046,0.0009055595123099458,0.0015752578951350584,0.0033863769197549497,0.9230769230769231,0.07692307692307693,65,65,75,0.00022275734060408,0.004199081346890543,-0.003976324006286462,0.004421838687494623,0.375,0.625,319,80,1,0.0022580600668409244,9.0,true_anomaly_candidate,1,train_oof,65,319,851,18,0.11027906005303148,-0.06947790548854922,0.017895188212806615,-0.008778170043930326,-0.1484152035049011,-0.2375474993957608,-0.2093401782534195,-0.3508092755221912,0.09097004610552753,0.19215999332400366,-0.08841833684323751,high,2.941981163113538,0.0,0.0,0.010575793184488837,train_oof,0.14074416135468185,1,0,1,0,drop,train_oof,0.1755144641265648
RFERF_RF_SMOTE,RFERF,supervised,RF,SMOTE,405,43,0.0035724196535181583,0.00026753045859738173,0.003304889194920776,0.00383995011211554,0.6461538461538462,0.35384615384615387,65,65,28,0.0012879449828599582,0.0013951137569897898,-0.00010716877412983153,0.0026830587398497486,0.3375,0.6625,319,80,1,0.0022844746706582,-15.0,true_anomaly_candidate,1,train_oof,65,319,851,18,-0.0011976161536088237,-0.05894793152085275,0.021937635273240257,-0.030035043322273705,-0.0537620403597826,-0.1001844258679525,-0.0073396548516127,0.12264302457126257,-0.02310024441898433,0.05745198774146758,-0.08180257823740766,low,-1.5207094224179487,0.06153846153846154,0.025078369905956112,0.01410105757931845,train_oof,0.13883111678949397,1,0,1,0,drop,train_oof,0.1755144641265648
RFERF_RF_SMOTE,RFERF,supervised,RF,SMOTE,115,84,0.0016728099948925838,0.0005106112313253558,0.0011621987635672282,0.00218342122621794,0.7538461538461538,0.24615384615384617,65,65,85,0.0001217641009170149,0.001234706019249045,-0.0011129419183320303,0.0013564701201660599,0.275,0.725,319,80,1,0.001551045893975569,1.0,true_anomaly_candidate,1,train_oof,65,319,851,18,-0.17091771000380185,-0.03613991692894509,0.029682340163138837,-0.1456326015695722,-0.0070384258648829,0.120420162135322,0.0820745265407882,-0.03299621281793334,-0.20281512273254995,-0.13032313200640158,-0.06584205456658998,low,-2.7290146768248182,0.0,0.01567398119122257,0.010575793184488837,train_oof,0.13773605756274473,1,0,1,0,drop,train_oof,0.1755144641265648
RFERF_RF_SMOTE,RFERF,supervised,RF,SMOTE,484,87,0.0016080953588356248,0.00024294478954756249,0.0013651505692880623,0.001851040148383187,0.8923076923076924,0.1076923076923077,65,65,81,0.0001607112361191289,0.0034431017185431153,-0.0032823904824239867,0.0036038129546622443,0.35,0.65,319,80,1,0.001447384122716496,-6.0,true_anomaly_candidate,1,train_oof,65,319,851,18,-0.22055286037062447,0.08747162472445434,-0.016440265570798897,-0.033611600738420844,-0.4212884102733357,-0.3021797971009728,-0.3574365362218255,-0.2756743029012051,-0.21815822331551396,-0.28123953637778776,0.10374304389082004,low,-1.0153846670981137,0.26153846153846155,0.1974921630094044,0.1128084606345476,train_oof,0.1374130048213491,1,0,1,0,drop,train_oof,0.1755144641265648
RFERF_RF_SMOTE,RFERF,supervised,RF,SMOTE,156,53,0.0030561185980914197,0.0006728948643631619,0.0023832237337282577,0.0037290134624545813,0.6923076923076923,0.3076923076923077,65,65,47,0.0006423875703364056,0.0029883850257155157,-0.0023459974553791106,0.0036307725960519214,0.15,0.85,319,80,1,0.002413731027755014,-6.0,true_anomaly_candidate,1,train_oof,65,319,851,18,0.0100407922171729,-0.040917541473640684,0.013095365936988028,0.0697715457554698,-0.1275939704047138,-0.1230055567258203,-0.1207113498863735,-0.08228338532564031,-0.002704504004920286,0.10322892516396887,-0.05249326968515695,low,-0.48950509932744024,0.015384615384615385,0.0,0.010575793184488837,train_oof,0.13660351574002738,1,0,1,0,drop,train_oof,0.1755144641265648
RFERF_RF_SMOTE,RFERF,supervised,RF,SMOTE,586,65,0.002637974632441134,0.0012957862158545072,0.0013421884165866278,0.003933760848295641,0.5692307692307692,0.4307692307692308,65,65,62,0.000372153950354519,0.003994008199903263,-0.0036218542495487444,0.004366162150257783,0.2375,0.7625,319,80,1,0.002265820682086615,-3.0,true_anomaly_candidate,1,train_oof,65,319,851,18,-0.00923315407208327,-0.11376067670718519,0.032771951393640426,0.4806210645084448,-0.1318023353815631,-0.1482800950198592,-0.0411746573709341,0.5108302905119877,-0.04203162349153872,0.10565969594092131,-0.14601514991902523,low,-1.8866837368601064,0.03076923076923077,0.025078369905956112,0.0199764982373678,train_oof,0.13654925465962495,0,0,1,0,drop,train_oof,0.1755144641265648
RFERF_RF_SMOTE,RFERF,supervised,RF,SMOTE,280,88,0.001602916623075836,0.0003615880918210263,0.00124132853125481,0.001964504714896862,0.9076923076923077,0.09230769230769231,65,65,82,0.00016040936215120315,0.0011989961611799404,-0.0010385867990287373,0.0013594055233311438,0.3625,0.6375,319,80,1,0.0014425072609246328,-6.0,true_anomaly_candidate,1,train_oof,65,319,851,18,-0.19152150654252986,0.03818982659334414,0.003919078738114456,-0.19028816003615492,-0.2617418217641674,-0.2303719214933327,-0.1519471708162455,-0.31663914723812864,-0.2083405380155179,-0.2079721372262207,0.03366212075383284,low,-1.3832157564465137,0.0,0.012539184952978056,0.010575793184488837,train_oof,0.1363176135923624,1,0,1,0,drop,train_oof,0.1755144641265648
RFERF_RF_SMOTE,RFERF,supervised,RF,SMOTE,139,80,0.0017458014392290134,0.00045058342124342226,0.0012952180179855912,0.0021963848604724364,0.7230769230769231,0.27692307692307694,65,65,92,8.438297268638469e-05,0.002577709768075929,-0.002493326795389544,0.002662092740762314,0.2375,0.7625,319,80,1,0.0016614184665426288,12.0,true_anomaly_candidate,1,train_oof,65,319,851,18,-0.14148076230748366,-0.04591346363529265,0.02527292474497065,0.184913953005229,-0.3634064059942239,-0.3634064059942239,-0.269003112466586,-0.08659265963479684,-0.1624988270868314,-0.10281941770293512,-0.07134667145403013,low,-1.1219720641063897,0.015384615384615385,0.003134796238244514,0.010575793184488837,train_oof,0.13565980548167467,1,0,1,0,drop,train_oof,0.1755144641265648
RFERF_RF_SMOTE,RFERF,supervised,RF,SMOTE,488,95,0.0012523681367989212,0.0007074649835081245,0.0005449031532907966,0.0019598331203070462,0.6615384615384615,0.3384615384615385,65,65,90,9.104550718153868e-05,0.002809412026271382,-0.002718366519089843,0.0029004575334529207,0.2,0.8,319,80,1,0.0011613226296173825,-5.0,true_anomaly_candidate,1,train_oof,65,319,851,18,-0.23899614301920455,0.03133652945882102,0.0025354704283945943,-0.01407886444316527,-0.1687238193389359,0.0065365436013655,-0.0006284552303926,-0.07782637776910012,-0.24916670966302246,-0.26363530095097465,0.029091267111824668,low,-1.395282106447686,0.2153846153846154,0.1536050156739812,0.13513513513513514,train_oof,0.134627363023038,1,0,1,0,drop,train_oof,0.1755144641265648
RFERF_RF_SMOTE,RFERF,supervised,RF,SMOTE,273,78,0.0017566079803254806,0.00020646275566126677,0.0015501452246642136,0.001963070735986747,0.7846153846153846,0.2153846153846154,65,65,76,0.00020642771127479478,0.0017279547561734458,-0.0015215270448986512,0.00193438246744824,0.0875,0.9125,319,80,1,0.0015501802690506858,-2.0,true_anomaly_candidate,1,train_oof,65,319,851,18,0.08248402662905265,0.17449396896836702,-0.06898924372667108,0.11565889567724101,-0.1876444534814844,-0.1118337535487681,-0.1682038627598553,-0.19431052305096125,0.16139281783472842,-0.0819073294188576,0.24456802178271686,low,-2.796662974903808,0.0,0.003134796238244514,0.012925969447708578,train_oof,0.133863573561115,1,0,1,0,drop,train_oof,0.1755144641265648
RFERF_RF_SMOTE,RFERF,supervised,RF,SMOTE,173,85,0.0016689359661590138,0.0003759087269060371,0.0012930272392529764,0.002044844693065051,0.8769230769230769,0.12307692307692308,65,65,93,7.36107212986601e-05,0.003548957848278131,-0.003475347126979471,0.0036225685695767916,0.175,0.825,319,80,1,0.0015953252448603536,8.0,true_anomaly_candidate,1,train_oof,65,319,851,18,-0.11645702094274658,-0.06843747879661108,0.02755214400036326,0.3225304764205326,-0.1516814368670571,-0.0252945612992193,0.0739348038160258,0.3350647120140372,-0.1448314158029954,-0.05027294944541083,-0.09525003486289509,low,-2.733733969128998,0.0,0.0,0.01527614571092832,train_oof,0.13251457421414248,1,0,1,0,drop,train_oof,0.1755144641265648
RFERF_RF_SMOTE,RFERF,supervised,RF,SMOTE,571,64,0.0026593971185599674,0.0001318927425088034,0.002527504376051164,0.00279128986106877,0.8307692307692308,0.16923076923076924,65,65,59,0.0004215098182796225,0.0011900421708173161,-0.0007685323525376934,0.0016115519890969395,0.375,0.625,319,80,1,0.002237887300280345,-5.0,true_anomaly_candidate,1,train_oof,65,319,851,18,-0.031954897549599,0.11296061968415334,-0.0356808928346428,-0.19960719645779593,0.3687776556054301,0.2742454722422714,-0.0289846851610872,0.24406789063018655,0.003952148174408587,-0.126062926427761,0.15264051724442987,high,1.985459783775741,0.0,0.003134796238244514,0.010575793184488837,train_oof,0.13233438857883256,1,0,1,0,drop,train_oof,0.1755144641265648
RFERF_RF_SMOTE,RFERF,supervised,RF,SMOTE,43,68,0.002351440738144368,0.0004443489266798194,0.0019070918114645484,0.002795789664824187,0.8461538461538461,0.15384615384615385,65,65,71,0.00025527201306601584,0.0020234745672555446,-0.0017682025541895293,0.0022787465803215602,0.1,0.9,319,80,1,0.002096168725078352,3.0,true_anomaly_candidate,1,train_oof,65,319,851,18,-0.028907592635813762,0.1018458484011879,-0.03456615465718114,-0.06760260060818579,-0.1276903196901872,0.0476830463583514,-0.3868037044156833,-0.6158227687412385,0.00563357035567788,-0.1356782021431112,0.13613253650603682,high,2.3976282777157465,0.0,0.006269592476489028,0.010575793184488837,train_oof,0.1290117982724629,1,0,1,0,drop,train_oof,0.1755144641265648
RFERF_RF_SMOTE,RFERF,supervised,RF,SMOTE,91,77,0.0017698175842288015,0.00031870033721619377,0.0014511172470126079,0.0020885179214449956,0.8153846153846154,0.18461538461538463,65,65,70,0.0002608283759279868,0.0025449666068297913,-0.0022841382309018035,0.0028057949827577783,0.325,0.675,319,80,1,0.0015089892083008146,-7.0,true_anomaly_candidate,1,train_oof,65,319,851,18,0.027732701990688165,0.12877120758615188,-0.055532177745866364,0.253439486870425,0.0874428482061788,0.1337412304186556,-0.0345138659144917,0.19641343073066697,0.08304070763134282,-0.10663202748124974,0.18270621793359493,high,2.5796508858387726,0.0,0.003134796238244514,0.010575793184488837,train_oof,0.125314850424875,1,0,1,0,drop,train_oof,0.1755144641265648
RFERF_RF_SMOTE,RFERF,supervised,RF,SMOTE,88,97,0.0010652411997643186,0.00019377653672790905,0.0008714646630364097,0.0012590177364922273,0.8923076923076924,0.1076923076923077,65,65,95,6.218227301672789e-05,0.0011012989070344498,-0.001039116634017722,0.0011634811800511778,0.2375,0.7625,319,80,1,0.0010030589267475906,-2.0,true_anomaly_candidate,1,train_oof,65,319,851,18,0.14864667116956973,0.04460658697314916,-0.02631134836481126,-0.0833654117782137,0.041900173937771,0.0863754816874843,0.0197932468080481,-0.256622342648704,0.1759170869368782,0.10511338985415795,0.07090039661906153,high,2.2229433087306014,0.0,0.006269592476489028,0.010575793184488837,train_oof,0.12393788858469262,1,0,1,0,drop,train_oof,0.1755144641265648
RFERF_RF_SMOTE,RFERF,supervised,RF,SMOTE,92,86,0.001638736125346457,0.0006930175167820229,0.0009457186085644342,0.00233175364212848,0.6307692307692307,0.36923076923076925,65,65,68,0.000271654132761018,0.0027127819835484563,-0.0024411278507874374,0.002984436116309474,0.325,0.675,319,80,1,0.001367081992585439,-18.0,true_anomaly_candidate,1,train_oof,65,319,851,18,-0.0831097566422141,0.028443428356779068,-0.003980352663013479,-0.026647243965844437,-0.1300531851953159,-0.0080002709572512,-0.0690267280762835,-0.31313255655241284,-0.07829893963859155,-0.117572988415868,0.032098152720920765,low,-2.204952727242416,0.015384615384615385,0.01567398119122257,0.011750881316098707,train_oof,0.12207772162861165,1,0,1,0,drop,train_oof,0.1755144641265648
RFERF_RF_SMOTE,RFERF,supervised,RF,SMOTE,75,76,0.001873511509512898,0.0006008932864160518,0.0012726182230968464,0.002474404795928952,0.7076923076923077,0.2923076923076923,65,65,72,0.0002416720090460042,0.004731779868487428,-0.004490107859441424,0.0049734518775334325,0.3125,0.6875,319,80,1,0.0016318395004668938,-4.0,true_anomaly_candidate,1,train_oof,65,319,851,18,0.09079161265686804,-0.29686087702197533,0.09878698306546277,0.24285290930918388,0.0167151022241025,-0.2828440707976934,0.1048207413481602,0.1642920477568991,-0.008935611336185433,0.2991180720174394,-0.4261604436741659,low,-1.7299791934103403,0.07692307692307693,0.09717868338557993,0.010575793184488837,train_oof,0.1201268891459494,1,0,1,0,drop,train_oof,0.1755144641265648
RFERF_RF_SMOTE,RFERF,supervised,RF,SMOTE,9,98,0.0009460007807394978,0.00022846600611060072,0.0007175347746288974,0.0011744667868500986,0.7846153846153846,0.2153846153846154,65,65,89,9.191346533932412e-05,0.001658431419755483,-0.0015665179544161584,0.0017503448850948067,0.3375,0.6625,319,80,1,0.0008540873154001737,-9.0,true_anomaly_candidate,1,train_oof,65,319,851,18,-0.11320833191620774,-0.07483568580969334,0.03396766848426943,0.11529205302216068,-0.2174573947775554,-0.0918499873299803,-0.0059080769711131,0.2122521570167804,-0.14629964568624337,-0.04030239436171314,-0.10774966250382291,low,-2.2304813720294825,0.0,0.018808777429467086,0.010575793184488837,train_oof,0.11811218046200099,1,0,1,0,drop,train_oof,0.1755144641265648
RFERF_RF_SMOTE,RFERF,supervised,RF,SMOTE,480,91,0.0014431904435006895,0.0003171082554236861,0.001126082188077004,0.0017602986989243756,0.7846153846153846,0.2153846153846154,65,65,87,9.465280043230468e-05,0.0038612581536145744,-0.00376660535318227,0.003955910954046879,0.1875,0.8125,319,80,1,0.001348537643068385,-4.0,true_anomaly_candidate,1,train_oof,65,319,851,18,-0.006373054235850806,0.1640690963596129,-0.055016013527204366,-0.2772008402680911,-0.1419511662720021,-0.0163219454896988,-0.1690931008471891,-0.39156804253275157,0.05013743424910305,-0.162506864189136,0.21945098605757532,high,3.0211354838511273,0.0,0.012539184952978056,0.010575793184488837,train_oof,0.11810759560501678,1,0,1,0,drop,train_oof,0.1755144641265648
RFERF_RF_SMOTE,RFERF,supervised,RF,SMOTE,525,94,0.0012725694554676552,9.0463552871287e-05,0.0011821059025963682,0.0013630330083389424,0.8615384615384616,0.13846153846153847,65,65,96,4.585238862288188e-05,0.001833284100427921,-0.0017874317118050389,0.0018791364890508027,0.2,0.8,319,80,1,0.0012267170668447734,2.0,true_anomaly_candidate,1,train_oof,65,319,851,18,-0.07794064365535955,0.14732879834090662,-0.04985860140991214,0.02381542831484583,-0.1989267185240992,-0.051065088778528,-0.1106861486759366,-0.06003276876309705,-0.04355540006772299,-0.14964134636713405,0.19499965738780067,low,-1.1750376668444849,0.0,0.003134796238244514,0.010575793184488837,train_oof,0.11482994604879171,1,0,1,0,drop,train_oof,0.1755144641265648
RFERF_RF_SMOTE,RFERF,supervised,RF,SMOTE,15,89,0.0015792633206296385,0.00046401884012460017,0.0011152444805050386,0.002043282160754238,0.8153846153846154,0.18461538461538463,65,65,69,0.0002646480176443791,0.002717805486473093,-0.0024531574688287138,0.0029824535041174717,0.3875,0.6125,319,80,1,0.0013146153029852594,-20.0,true_anomaly_candidate,1,train_oof,65,319,851,18,-0.028952139318224372,0.04642059715048512,-0.015529423572753292,0.01745526555261932,-0.0520925390290708,-0.0448245579878127,-0.0697220520163255,0.052728786076214194,-0.015408636739070867,-0.061994503468685444,0.060222340923412596,high,1.0392840001636738,0.0,0.009404388714733543,0.010575793184488837,train_oof,0.11462068453346237,1,0,1,0,drop,train_oof,0.1755144641265648
RFERF_RF_SMOTE,RFERF,supervised,RF,SMOTE,490,93,0.0013057109981973714,0.00045890954011372726,0.0008468014580836444,0.001764620538311099,0.8153846153846154,0.18461538461538463,65,65,84,0.00013897945805607594,0.0022189394367553143,-0.0020799599786992386,0.0023579188948113896,0.225,0.775,319,80,1,0.0011667315401412955,-9.0,true_anomaly_candidate,1,train_oof,65,319,851,18,-0.010280127847814208,0.10355287249051438,-0.029329817411476538,-0.41141574428887534,0.0264292725609193,-0.0665698899271771,-0.1677009524631284,-0.8896855139383124,0.019523045434797583,-0.1110200758029024,0.1325693212679337,high,2.8244660894054157,0.015384615384615385,0.012539184952978056,0.010575793184488837,train_oof,0.11159373512146856,1,0,1,0,drop,train_oof,0.1755144641265648
RFERF_RF_SMOTE,RFERF,supervised,RF,SMOTE,81,96,0.0010767337056171806,0.0001441573920127401,0.000932576313604441,0.001220891097629921,0.7076923076923077,0.2923076923076923,65,65,99,1.229146101479332e-05,0.002090581970858806,-0.0020782905098440125,0.0021028734318735993,0.025,0.975,319,80,1,0.0010644422446023873,3.0,true_anomaly_candidate,1,train_oof,65,319,851,18,-0.0260080243477853,-0.01996434735256507,0.006665530693142349,0.06742607898612357,-0.0392255316486798,0.1266769737832367,0.0674260789861236,0.5562459610623063,-0.03336201861103174,-0.006037885809266139,-0.027066829180644056,low,-2.8832684819101067,0.015384615384615385,0.01567398119122257,0.010575793184488837,train_oof,0.11045073655210762,1,0,1,0,drop,train_oof,0.1755144641265648
RFERF_RF_SMOTE,RFERF,supervised,RF,SMOTE,47,99,0.0007172198548816114,0.00010179189779819744,0.0006154279570834139,0.0008190117526798088,0.8,0.2,65,65,97,3.081308125203819e-05,0.0011009157442463586,-0.0010701026629943203,0.0011317288254983969,0.0875,0.9125,319,80,1,0.0006864067736295732,-2.0,true_anomaly_candidate,1,train_oof,65,319,851,18,-0.04670005554971532,0.0853511561205453,-0.03959670608148596,0.5522049140634215,0.1332431702716216,0.4442900832407164,0.337104998366231,0.8514883223472178,-0.006976179150768967,-0.14112123173396324,0.12473139672243375,low,-1.8664942465533385,0.0,0.009404388714733543,0.010575793184488837,train_oof,0.10038593958752215,1,0,1,0,drop,train_oof,0.1755144641265648
