pair_key,n_models,feature_a,feature_b,mean_support_n,max_support_n,mean_pair_precision,max_pair_precision,mean_pair_recall,mean_pair_fp_rate,mean_pair_precision_lift,max_pair_precision_lift,dominant_recommendation,representative_rule_desc,is_interaction_candidate
65 || 70,2,65,70,14.0,14,0.35714285714285715,0.35714285714285715,0.060240963855421686,0.007692307692307693,5.3915662650602405,5.3915662650602405,interaction_candidate,65(high) AND 70(low),1
510 || 64,4,510,64,17.25,21,0.3449317226890756,0.38095238095238093,0.07228915662650602,0.009615384615384616,5.207222271438695,5.751004016064257,interaction_candidate,510(high) AND 64(high),1
63 || 70,2,63,70,15.0,15,0.3333333333333333,0.3333333333333333,0.060240963855421686,0.008547008547008548,5.032128514056224,5.032128514056224,interaction_candidate,63(high) AND 70(low),1
510 || 65,5,510,65,16.0,19,0.33302005012531327,0.42105263157894735,0.06506024096385542,0.00905982905982906,5.0273990699640665,6.356372859860493,interaction_candidate,510(high) AND 65(high),1
510 || 63,2,510,63,10.0,10,0.3,0.3,0.03614457831325301,0.005982905982905983,4.5289156626506015,4.5289156626506015,interaction_candidate,510(high) AND 63(high),1
103 || 65,5,103,65,15.0,23,0.2849068322981366,0.35714285714285715,0.05060240963855421,0.009230769230769232,4.301063383970665,5.3915662650602405,interaction_candidate,103(high) AND 65(high),1
64 || 70,2,64,70,18.0,18,0.2777777777777778,0.2777777777777778,0.060240963855421686,0.011111111111111112,4.193440428380187,4.193440428380187,interaction_candidate,64(high) AND 70(low),1
165 || 21,1,165,21,22.0,22,0.2727272727272727,0.2727272727272727,0.07228915662650602,0.013675213675213675,4.117196056955092,4.117196056955092,interaction_candidate,165(high) AND 21(high),1
63 || 65,2,63,65,42.0,42,0.2619047619047619,0.2619047619047619,0.13253012048192772,0.026495726495726495,3.9538152610441766,3.9538152610441766,interaction_candidate,63(high) AND 65(high),1
103 || 510,5,103,510,36.8,53,0.259788071733162,0.29411764705882354,0.11325301204819276,0.023418803418803417,3.9218608901403846,4.4401133947554925,interaction_candidate,103(high) AND 510(high),1
63 || 64,2,63,64,43.0,43,0.2558139534883721,0.2558139534883721,0.13253012048192772,0.02735042735042735,3.86186606892687,3.86186606892687,interaction_candidate,63(high) AND 64(high),1
64 || 65,4,64,65,74.5,82,0.24840731270215927,0.2638888888888889,0.22289156626506024,0.04786324786324786,3.75005256404585,3.9837684069611776,interaction_candidate,64(high) AND 65(high),1
38 || NA_72,1,38,NA_72,35.0,35,0.22857142857142856,0.22857142857142856,0.0963855421686747,0.023076923076923078,3.4506024096385537,3.4506024096385537,interaction_candidate,38(high) AND NA_72(low),1
64 || NA_72,2,64,NA_72,76.0,76,0.21052631578947367,0.21052631578947367,0.1927710843373494,0.05128205128205128,3.1781864299302467,3.1781864299302467,interaction_candidate,64(high) AND NA_72(low),1
65 || NA_72,2,65,NA_72,73.0,73,0.2054794520547945,0.2054794520547945,0.18072289156626506,0.04957264957264957,3.101997029212741,3.101997029212741,interaction_candidate,65(high) AND NA_72(low),1
70 || NA_72,2,70,NA_72,24.5,25,0.20416666666666666,0.20833333333333334,0.060240963855421686,0.01666666666666667,3.0821787148594373,3.1450803212851404,interaction_candidate,70(low) AND NA_72(low),1
38 || 64,1,38,64,15.0,15,0.2,0.2,0.03614457831325301,0.010256410256410256,3.0192771084337346,3.0192771084337346,interaction_candidate,38(high) AND 64(high),1
437 || NA_72,1,437,NA_72,10.0,10,0.2,0.2,0.024096385542168676,0.006837606837606838,3.0192771084337346,3.0192771084337346,interaction_candidate,437(high) AND NA_72(low),1
510 || NA_72,2,510,NA_72,31.0,33,0.19226750261233022,0.21212121212121213,0.07228915662650602,0.021367521367521368,2.9025443466656595,3.202263599853961,interaction_candidate,510(high) AND NA_72(low),1
103 || NA_72,2,103,NA_72,28.5,33,0.1893939393939394,0.21212121212121213,0.06626506024096385,0.019658119658119658,2.8591639284410366,3.202263599853961,interaction_candidate,103(high) AND NA_72(low),1
38 || 65,1,38,65,16.0,16,0.1875,0.1875,0.03614457831325301,0.011111111111111112,2.8305722891566263,2.8305722891566263,interaction_candidate,38(high) AND 65(high),1
63 || NA_72,2,63,NA_72,49.0,49,0.1836734693877551,0.1836734693877551,0.10843373493975904,0.03418803418803419,2.7728055077452667,2.7728055077452667,interaction_candidate,63(high) AND NA_72(low),1
28 || NA_72,2,28,NA_72,19.0,19,0.15789473684210525,0.15789473684210525,0.03614457831325301,0.013675213675213675,2.383639822447685,2.383639822447685,interaction_candidate,28(low) AND NA_72(low),1
102 || 14,1,102,14,1.0,1,1.0,1.0,0.012048192771084338,0.0,15.096385542168674,15.096385542168674,review,102(low) AND 14(low),0
102 || 21,1,102,21,1.0,1,1.0,1.0,0.012048192771084338,0.0,15.096385542168674,15.096385542168674,review,102(low) AND 21(high),0
102 || 64,1,102,64,1.0,1,1.0,1.0,0.012048192771084338,0.0,15.096385542168674,15.096385542168674,review,102(low) AND 64(high),0
103 || 56,3,103,56,1.0,1,1.0,1.0,0.01204819277108434,0.0,15.096385542168674,15.096385542168674,review,103(high) AND 56(high),0
107 || 64,1,107,64,1.0,1,1.0,1.0,0.012048192771084338,0.0,15.096385542168674,15.096385542168674,review,107(low) AND 64(high),0
129 || 488,1,129,488,1.0,1,1.0,1.0,0.012048192771084338,0.0,15.096385542168674,15.096385542168674,review,129(high) AND 488(low),0
14 || 165,1,14,165,1.0,1,1.0,1.0,0.012048192771084338,0.0,15.096385542168674,15.096385542168674,review,14(low) AND 165(high),0
14 || 21,2,14,21,1.0,1,1.0,1.0,0.012048192771084338,0.0,15.096385542168674,15.096385542168674,review,14(low) AND 21(high),0
14 || 64,2,14,64,1.0,1,1.0,1.0,0.012048192771084338,0.0,15.096385542168674,15.096385542168674,review,14(low) AND 64(high),0
437 || 582,1,437,582,1.0,1,1.0,1.0,0.012048192771084338,0.0,15.096385542168674,15.096385542168674,review,437(high) AND 582(high),0
437 || 59,1,437,59,1.0,1,1.0,1.0,0.012048192771084338,0.0,15.096385542168674,15.096385542168674,review,437(high) AND 59(high),0
56 || 582,2,56,582,1.0,1,1.0,1.0,0.012048192771084338,0.0,15.096385542168674,15.096385542168674,review,56(high) AND 582(high),0
582 || 63,2,582,63,1.0,1,1.0,1.0,0.012048192771084338,0.0,15.096385542168674,15.096385542168674,review,582(high) AND 63(high),0
582 || 64,2,582,64,1.0,1,1.0,1.0,0.012048192771084338,0.0,15.096385542168674,15.096385542168674,review,582(high) AND 64(high),0
582 || 65,2,582,65,1.0,1,1.0,1.0,0.012048192771084338,0.0,15.096385542168674,15.096385542168674,review,582(high) AND 65(high),0
582 || 70,2,582,70,1.0,1,1.0,1.0,0.012048192771084338,0.0,15.096385542168674,15.096385542168674,review,582(high) AND 70(low),0
477 || 510,1,477,510,3.0,3,0.6666666666666666,0.6666666666666666,0.024096385542168676,0.0008547008547008547,10.064257028112449,10.064257028112449,review,477(high) AND 510(high),0
477 || 64,2,477,64,2.5,4,0.625,1.0,0.012048192771084338,0.001282051282051282,9.43524096385542,15.096385542168674,review,477(high) AND 64(high),0
21 || 488,1,21,488,5.0,5,0.6,0.6,0.03614457831325301,0.0017094017094017094,9.057831325301203,9.057831325301203,review,21(high) AND 488(low),0
103 || 477,2,103,477,3.0,4,0.5,0.5,0.01807228915662651,0.001282051282051282,7.548192771084337,7.548192771084337,review,103(high) AND 477(high),0
165 || 488,1,165,488,6.0,6,0.5,0.5,0.03614457831325301,0.002564102564102564,7.548192771084337,7.548192771084337,review,165(high) AND 488(low),0
437 || 64,1,437,64,2.0,2,0.5,0.5,0.012048192771084338,0.0008547008547008547,7.548192771084337,7.548192771084337,review,437(high) AND 64(high),0
437 || 65,1,437,65,2.0,2,0.5,0.5,0.012048192771084338,0.0008547008547008547,7.548192771084337,7.548192771084337,review,437(high) AND 65(high),0
510 || 95,1,510,95,4.0,4,0.5,0.5,0.024096385542168676,0.0017094017094017094,7.548192771084337,7.548192771084337,review,510(high) AND 95(high),0
551 || 582,1,551,582,2.0,2,0.5,0.5,0.012048192771084338,0.0008547008547008547,7.548192771084337,7.548192771084337,review,551(high) AND 582(high),0
56 || 59,1,56,59,2.0,2,0.5,0.5,0.012048192771084338,0.0008547008547008547,7.548192771084337,7.548192771084337,review,56(high) AND 59(high),0
59 || 64,5,59,64,2.6,3,0.4666666666666666,1.0,0.012048192771084338,0.0013675213675213675,7.044979919678714,15.096385542168674,review,59(high) AND 64(high),0
348 || 582,3,348,582,2.6666666666666665,3,0.38888888888888884,0.5,0.01204819277108434,0.0014245014245014246,5.870816599732262,7.548192771084337,review,348(high) AND 582(high),0
59 || 65,5,59,65,2.8,4,0.3833333333333333,0.5,0.012048192771084338,0.0015384615384615385,5.786947791164659,7.548192771084337,review,59(high) AND 65(high),0
103 || 64,8,103,64,9.5,25,0.3765625,0.5,0.03162650602409638,0.005876068376068376,5.684732680722892,7.548192771084337,review,103(high) AND 64(high),0
103 || 63,2,103,63,7.5,10,0.35,0.4,0.030120481927710843,0.004273504273504274,5.283734939759036,6.038554216867469,review,103(high) AND 63(high),0
165 || 64,1,165,64,3.0,3,0.3333333333333333,0.3333333333333333,0.012048192771084338,0.0017094017094017094,5.032128514056224,5.032128514056224,review,165(high) AND 64(high),0
21 || 28,1,21,28,3.0,3,0.3333333333333333,0.3333333333333333,0.012048192771084338,0.0017094017094017094,5.032128514056224,5.032128514056224,review,21(high) AND 28(low),0
28 || 38,1,28,38,6.0,6,0.3333333333333333,0.3333333333333333,0.024096385542168676,0.003418803418803419,5.032128514056224,5.032128514056224,review,28(low) AND 38(high),0
38 || 79,1,38,79,3.0,3,0.3333333333333333,0.3333333333333333,0.012048192771084338,0.0017094017094017094,5.032128514056224,5.032128514056224,review,38(high) AND 79(high),0
488 || 551,1,488,551,6.0,6,0.3333333333333333,0.3333333333333333,0.024096385542168676,0.003418803418803419,5.032128514056224,5.032128514056224,review,488(low) AND 551(high),0
59 || 63,2,59,63,3.0,3,0.3333333333333333,0.3333333333333333,0.012048192771084338,0.0017094017094017094,5.032128514056224,5.032128514056224,review,59(high) AND 63(high),0
21 || 64,3,21,64,3.3333333333333335,4,0.3055555555555555,0.3333333333333333,0.01204819277108434,0.001994301994301994,4.612784471218206,5.032128514056224,review,21(high) AND 64(high),0
488 || 64,1,488,64,7.0,7,0.2857142857142857,0.2857142857142857,0.024096385542168676,0.004273504273504274,4.313253012048192,4.313253012048192,review,488(low) AND 64(high),0
103 || 59,6,103,59,8.0,23,0.27065217391304347,0.5,0.020080321285140562,0.005413105413105413,4.085869565217391,7.548192771084337,review,103(high) AND 59(high),0
38 || 63,1,38,63,8.0,8,0.25,0.25,0.024096385542168676,0.005128205128205128,3.7740963855421685,3.7740963855421685,review,38(high) AND 63(high),0
38 || 70,1,38,70,4.0,4,0.25,0.25,0.012048192771084338,0.002564102564102564,3.7740963855421685,3.7740963855421685,review,38(high) AND 70(low),0
59 || NA_72,2,59,NA_72,8.0,8,0.25,0.25,0.024096385542168676,0.005128205128205128,3.7740963855421685,3.7740963855421685,review,59(high) AND NA_72(low),0
64 || 95,1,64,95,4.0,4,0.25,0.25,0.012048192771084338,0.002564102564102564,3.7740963855421685,3.7740963855421685,review,64(high) AND 95(high),0
510 || 59,5,510,59,7.6,16,0.2208333333333333,0.25,0.01927710843373494,0.005128205128205129,3.3337851405622487,3.7740963855421685,review,510(high) AND 59(high),0
14 || 488,1,14,488,5.0,5,0.2,0.2,0.012048192771084338,0.003418803418803419,3.0192771084337346,3.0192771084337346,review,14(low) AND 488(low),0
477 || 65,1,477,65,5.0,5,0.2,0.2,0.012048192771084338,0.003418803418803419,3.0192771084337346,3.0192771084337346,review,477(high) AND 65(high),0
582 || NA_72,2,582,NA_72,6.0,6,0.16666666666666666,0.16666666666666666,0.012048192771084338,0.004273504273504274,2.516064257028112,2.516064257028112,review,582(high) AND NA_72(low),0
477 || 59,2,477,59,7.0,8,0.14583333333333331,0.16666666666666666,0.012048192771084338,0.005128205128205129,2.201556224899598,2.516064257028112,review,477(high) AND 59(high),0
103 || 95,1,103,95,8.0,8,0.125,0.125,0.012048192771084338,0.005982905982905983,1.8870481927710843,1.8870481927710843,review,103(high) AND 95(high),0
79 || NA_72,2,79,NA_72,8.0,8,0.125,0.125,0.012048192771084338,0.005982905982905983,1.8870481927710843,1.8870481927710843,review,79(high) AND NA_72(low),0
95 || NA_72,1,95,NA_72,16.0,16,0.125,0.125,0.024096385542168676,0.011965811965811967,1.8870481927710843,1.8870481927710843,review,95(high) AND NA_72(low),0
103 || 28,3,103,28,2.0,3,0.1111111111111111,0.3333333333333333,0.004016064257028113,0.0014245014245014246,1.6773761713520747,5.032128514056224,review,103(high) AND 28(low),0
348 || NA_72,1,348,NA_72,15.0,15,0.06666666666666667,0.06666666666666667,0.012048192771084338,0.011965811965811967,1.0064257028112449,1.0064257028112449,review,348(high) AND NA_72(low),0
102 || 103,1,102,103,1.0,1,0.0,0.0,0.0,0.0008547008547008547,0.0,0.0,review,102(low) AND 103(high),0
102 || 348,1,102,348,1.0,1,0.0,0.0,0.0,0.0008547008547008547,0.0,0.0,review,102(low) AND 348(high),0
102 || 377,1,102,377,1.0,1,0.0,0.0,0.0,0.0008547008547008547,0.0,0.0,review,102(low) AND 377(low),0
103 || 107,1,103,107,1.0,1,0.0,0.0,0.0,0.0008547008547008547,0.0,0.0,review,103(high) AND 107(low),0
103 || 165,1,103,165,1.0,1,0.0,0.0,0.0,0.0008547008547008547,0.0,0.0,review,103(high) AND 165(high),0
103 || 21,2,103,21,1.0,1,0.0,0.0,0.0,0.0008547008547008547,0.0,0.0,review,103(high) AND 21(high),0
103 || 38,1,103,38,5.0,5,0.0,0.0,0.0,0.004273504273504274,0.0,0.0,review,103(high) AND 38(high),0
103 || 488,1,103,488,1.0,1,0.0,0.0,0.0,0.0008547008547008547,0.0,0.0,review,103(high) AND 488(low),0
103 || 511,1,103,511,1.0,1,0.0,0.0,0.0,0.0008547008547008547,0.0,0.0,review,103(high) AND 511(high),0
103 || 70,2,103,70,3.5,4,0.0,0.0,0.0,0.0029914529914529912,0.0,0.0,review,103(high) AND 70(low),0
103 || 79,2,103,79,1.0,1,0.0,0.0,0.0,0.0008547008547008547,0.0,0.0,review,103(high) AND 79(high),0
107 || 28,1,107,28,1.0,1,0.0,0.0,0.0,0.0008547008547008547,0.0,0.0,review,107(low) AND 28(low),0
122 || 165,1,122,165,2.0,2,0.0,0.0,0.0,0.0017094017094017094,0.0,0.0,review,122(low) AND 165(high),0
122 || 21,2,122,21,2.0,2,0.0,0.0,0.0,0.0017094017094017094,0.0,0.0,review,122(low) AND 21(high),0
122 || 488,1,122,488,1.0,1,0.0,0.0,0.0,0.0008547008547008547,0.0,0.0,review,122(low) AND 488(low),0
129 || 165,1,129,165,1.0,1,0.0,0.0,0.0,0.0008547008547008547,0.0,0.0,review,129(high) AND 165(high),0
129 || 21,3,129,21,1.0,1,0.0,0.0,0.0,0.0008547008547008547,0.0,0.0,review,129(high) AND 21(high),0
14 || 551,1,14,551,1.0,1,0.0,0.0,0.0,0.0008547008547008547,0.0,0.0,review,14(low) AND 551(high),0
14 || 56,1,14,56,1.0,1,0.0,0.0,0.0,0.0008547008547008547,0.0,0.0,review,14(low) AND 56(high),0
14 || 582,2,14,582,1.0,1,0.0,0.0,0.0,0.0008547008547008547,0.0,0.0,review,14(low) AND 582(high),0
21 || 377,1,21,377,1.0,1,0.0,0.0,0.0,0.0008547008547008547,0.0,0.0,review,21(high) AND 377(low),0
28 || 437,1,28,437,1.0,1,0.0,0.0,0.0,0.0008547008547008547,0.0,0.0,review,28(low) AND 437(high),0
28 || 510,2,28,510,2.0,2,0.0,0.0,0.0,0.0017094017094017094,0.0,0.0,review,28(low) AND 510(high),0
28 || 63,2,28,63,5.0,5,0.0,0.0,0.0,0.004273504273504274,0.0,0.0,review,28(low) AND 63(high),0
28 || 64,2,28,64,4.0,4,0.0,0.0,0.0,0.003418803418803419,0.0,0.0,review,28(low) AND 64(high),0
28 || 65,2,28,65,3.0,3,0.0,0.0,0.0,0.002564102564102564,0.0,0.0,review,28(low) AND 65(high),0
28 || 70,2,28,70,3.0,3,0.0,0.0,0.0,0.002564102564102564,0.0,0.0,review,28(low) AND 70(low),0
28 || 95,1,28,95,1.0,1,0.0,0.0,0.0,0.0008547008547008547,0.0,0.0,review,28(low) AND 95(high),0
348 || 488,1,348,488,5.0,5,0.0,0.0,0.0,0.004273504273504274,0.0,0.0,review,348(high) AND 488(low),0
348 || 56,3,348,56,1.0,1,0.0,0.0,0.0,0.0008547008547008547,0.0,0.0,review,348(high) AND 56(high),0
348 || 59,2,348,59,1.5,2,0.0,0.0,0.0,0.001282051282051282,0.0,0.0,review,348(high) AND 59(high),0
348 || 63,1,348,63,2.0,2,0.0,0.0,0.0,0.0017094017094017094,0.0,0.0,review,348(high) AND 63(high),0
348 || 64,2,348,64,1.5,2,0.0,0.0,0.0,0.001282051282051282,0.0,0.0,review,348(high) AND 64(high),0
348 || 65,2,348,65,1.5,2,0.0,0.0,0.0,0.001282051282051282,0.0,0.0,review,348(high) AND 65(high),0
348 || 70,1,348,70,1.0,1,0.0,0.0,0.0,0.0008547008547008547,0.0,0.0,review,348(high) AND 70(low),0
348 || 79,1,348,79,3.0,3,0.0,0.0,0.0,0.002564102564102564,0.0,0.0,review,348(high) AND 79(high),0
348 || 95,1,348,95,1.0,1,0.0,0.0,0.0,0.0008547008547008547,0.0,0.0,review,348(high) AND 95(high),0
377 || 56,1,377,56,1.0,1,0.0,0.0,0.0,0.0008547008547008547,0.0,0.0,review,377(low) AND 56(high),0
377 || 64,1,377,64,2.0,2,0.0,0.0,0.0,0.0017094017094017094,0.0,0.0,review,377(low) AND 64(high),0
38 || 510,1,38,510,8.0,8,0.0,0.0,0.0,0.006837606837606838,0.0,0.0,review,38(high) AND 510(high),0
437 || 63,1,437,63,2.0,2,0.0,0.0,0.0,0.0017094017094017094,0.0,0.0,review,437(high) AND 63(high),0
488 || 56,1,488,56,1.0,1,0.0,0.0,0.0,0.0008547008547008547,0.0,0.0,review,488(low) AND 56(high),0
488 || 582,1,488,582,1.0,1,0.0,0.0,0.0,0.0008547008547008547,0.0,0.0,review,488(low) AND 582(high),0
488 || 588,1,488,588,3.0,3,0.0,0.0,0.0,0.002564102564102564,0.0,0.0,review,488(low) AND 588(high),0
510 || 70,2,510,70,2.0,2,0.0,0.0,0.0,0.0017094017094017094,0.0,0.0,review,510(high) AND 70(low),0
59 || 79,2,59,79,3.0,3,0.0,0.0,0.0,0.002564102564102564,0.0,0.0,review,59(high) AND 79(high),0
59 || 95,1,59,95,1.0,1,0.0,0.0,0.0,0.0008547008547008547,0.0,0.0,review,59(high) AND 95(high),0
63 || 95,1,63,95,3.0,3,0.0,0.0,0.0,0.002564102564102564,0.0,0.0,review,63(high) AND 95(high),0
64 || 79,2,64,79,1.0,1,0.0,0.0,0.0,0.0008547008547008547,0.0,0.0,review,64(high) AND 79(high),0
65 || 79,2,65,79,2.0,2,0.0,0.0,0.0,0.0017094017094017094,0.0,0.0,review,65(high) AND 79(high),0
65 || 95,1,65,95,2.0,2,0.0,0.0,0.0,0.0017094017094017094,0.0,0.0,review,65(high) AND 95(high),0
70 || 95,1,70,95,1.0,1,0.0,0.0,0.0,0.0008547008547008547,0.0,0.0,review,70(low) AND 95(high),0
79 || 95,1,79,95,1.0,1,0.0,0.0,0.0,0.0008547008547008547,0.0,0.0,review,79(high) AND 95(high),0
