artifact_key,feature_set,category,model,balance_method,rank,feature,mean_positive_shap,mean_negative_shap_abs,mean_shap,mean_abs_shap,positive_push_rate,negative_push_rate,group_name,n_group_rows_total,n_explained_rows,source_train_csv,source_label_csv,group_source,threshold
RFEXGB_LR_SMOTE,RFEXGB,supervised,LR,SMOTE,1,59,1.3931820171248188,0.15978237222966155,1.2333996448951572,1.5529643893544802,0.6164383561643836,0.3835616438356164,FP,73,73,data/processed\X_train_rfexgb.csv,data/processed\y_train.csv,train_oof,0.5483517567913296
RFEXGB_LR_SMOTE,RFEXGB,supervised,LR,SMOTE,2,333,0.7209398730857604,0.08093802700131847,0.6400018460844423,0.8018779000870784,0.5342465753424658,0.4657534246575342,FP,73,73,data/processed\X_train_rfexgb.csv,data/processed\y_train.csv,train_oof,0.5483517567913296
RFEXGB_LR_SMOTE,RFEXGB,supervised,LR,SMOTE,3,56,0.42728863950888335,0.21392606672770043,0.21336257278118287,0.6412147062365838,0.7397260273972602,0.2602739726027397,FP,73,73,data/processed\X_train_rfexgb.csv,data/processed\y_train.csv,train_oof,0.5483517567913296
RFEXGB_LR_SMOTE,RFEXGB,supervised,LR,SMOTE,4,200,0.4248658965144018,0.10589814631575753,0.3189677501986444,0.5307640428301592,0.6027397260273972,0.3972602739726027,FP,73,73,data/processed\X_train_rfexgb.csv,data/processed\y_train.csv,train_oof,0.5483517567913296
RFEXGB_LR_SMOTE,RFEXGB,supervised,LR,SMOTE,5,122,0.41662995737581027,0.10516010670847314,0.311469850667337,0.5217900640842834,0.684931506849315,0.3150684931506849,FP,73,73,data/processed\X_train_rfexgb.csv,data/processed\y_train.csv,train_oof,0.5483517567913296
RFEXGB_LR_SMOTE,RFEXGB,supervised,LR,SMOTE,6,129,0.382952302147598,0.09718160845551907,0.28577069369207886,0.4801339106031169,0.7945205479452054,0.2054794520547945,FP,73,73,data/processed\X_train_rfexgb.csv,data/processed\y_train.csv,train_oof,0.5483517567913296
RFEXGB_LR_SMOTE,RFEXGB,supervised,LR,SMOTE,7,64,0.36776721898793585,0.24975888615209224,0.11800833283584367,0.6175261051400285,0.4657534246575342,0.5342465753424658,FP,73,73,data/processed\X_train_rfexgb.csv,data/processed\y_train.csv,train_oof,0.5483517567913296
RFEXGB_LR_SMOTE,RFEXGB,supervised,LR,SMOTE,8,477,0.34069199927269345,0.03381142055843353,0.30688057871426005,0.37450341983112684,0.4657534246575342,0.5342465753424658,FP,73,73,data/processed\X_train_rfexgb.csv,data/processed\y_train.csv,train_oof,0.5483517567913296
RFEXGB_LR_SMOTE,RFEXGB,supervised,LR,SMOTE,9,280,0.32724388839043844,0.03096003841755002,0.2962838499728884,0.3582039268079884,0.8356164383561644,0.1643835616438356,FP,73,73,data/processed\X_train_rfexgb.csv,data/processed\y_train.csv,train_oof,0.5483517567913296
RFEXGB_LR_SMOTE,RFEXGB,supervised,LR,SMOTE,10,486,0.30519512655108155,0.12321541235823145,0.18197971419284986,0.42841053890931285,0.5616438356164384,0.4383561643835616,FP,73,73,data/processed\X_train_rfexgb.csv,data/processed\y_train.csv,train_oof,0.5483517567913296
RFEXGB_LR_SMOTE,RFEXGB,supervised,LR,SMOTE,11,337,0.2982107423051318,0.15265642892773645,0.14555431337739533,0.4508671712328683,0.410958904109589,0.589041095890411,FP,73,73,data/processed\X_train_rfexgb.csv,data/processed\y_train.csv,train_oof,0.5483517567913296
RFEXGB_LR_SMOTE,RFEXGB,supervised,LR,SMOTE,12,132,0.2570730729943861,0.3204309260892544,-0.06335785309486822,0.5775039990836405,0.5068493150684932,0.4931506849315068,FP,73,73,data/processed\X_train_rfexgb.csv,data/processed\y_train.csv,train_oof,0.5483517567913296
RFEXGB_LR_SMOTE,RFEXGB,supervised,LR,SMOTE,13,75,0.24814959205041853,0.17593839075263187,0.07221120129778662,0.42408798280305054,0.5753424657534246,0.4246575342465753,FP,73,73,data/processed\X_train_rfexgb.csv,data/processed\y_train.csv,train_oof,0.5483517567913296
RFEXGB_LR_SMOTE,RFEXGB,supervised,LR,SMOTE,14,55,0.243721548639481,0.29666949263400266,-0.0529479439945216,0.5403910412734837,0.4520547945205479,0.547945205479452,FP,73,73,data/processed\X_train_rfexgb.csv,data/processed\y_train.csv,train_oof,0.5483517567913296
RFEXGB_LR_SMOTE,RFEXGB,supervised,LR,SMOTE,15,19,0.2348948239223611,0.02351253179678606,0.21138229212557502,0.25840735571914725,0.8082191780821918,0.1917808219178082,FP,73,73,data/processed\X_train_rfexgb.csv,data/processed\y_train.csv,train_oof,0.5483517567913296
RFEXGB_LR_SMOTE,RFEXGB,supervised,LR,SMOTE,16,428,0.23110822303984485,0.008062356881319288,0.22304586615852554,0.2391705799211642,0.8767123287671232,0.1232876712328767,FP,73,73,data/processed\X_train_rfexgb.csv,data/processed\y_train.csv,train_oof,0.5483517567913296
RFEXGB_LR_SMOTE,RFEXGB,supervised,LR,SMOTE,17,21,0.17705237021891881,0.079830282848014,0.09722208737090487,0.2568826530669327,0.6712328767123288,0.3287671232876712,FP,73,73,data/processed\X_train_rfexgb.csv,data/processed\y_train.csv,train_oof,0.5483517567913296
RFEXGB_LR_SMOTE,RFEXGB,supervised,LR,SMOTE,18,14,0.1752240348067381,0.11365849896490103,0.061565535841837035,0.2888825337716391,0.6027397260273972,0.3972602739726027,FP,73,73,data/processed\X_train_rfexgb.csv,data/processed\y_train.csv,train_oof,0.5483517567913296
RFEXGB_LR_SMOTE,RFEXGB,supervised,LR,SMOTE,19,281,0.16408046948843738,0.044044480515039924,0.12003598897339746,0.20812495000347728,0.7534246575342466,0.2465753424657534,FP,73,73,data/processed\X_train_rfexgb.csv,data/processed\y_train.csv,train_oof,0.5483517567913296
RFEXGB_LR_SMOTE,RFEXGB,supervised,LR,SMOTE,20,102,0.1621623002578849,0.07245205505391462,0.08971024520397029,0.23461435531179958,0.6438356164383562,0.3561643835616438,FP,73,73,data/processed\X_train_rfexgb.csv,data/processed\y_train.csv,train_oof,0.5483517567913296
RFEXGB_LR_SMOTE,RFEXGB,supervised,LR,SMOTE,21,103,0.15930770057966867,0.05852571252977506,0.10078198804989359,0.21783341310944374,0.5616438356164384,0.4383561643835616,FP,73,73,data/processed\X_train_rfexgb.csv,data/processed\y_train.csv,train_oof,0.5483517567913296
RFEXGB_LR_SMOTE,RFEXGB,supervised,LR,SMOTE,22,545,0.15662829544658735,0.12298827032730106,0.0336400251192864,0.2796165657738882,0.821917808219178,0.1780821917808219,FP,73,73,data/processed\X_train_rfexgb.csv,data/processed\y_train.csv,train_oof,0.5483517567913296
RFEXGB_LR_SMOTE,RFEXGB,supervised,LR,SMOTE,23,107,0.14777924095670275,0.09381443433510236,0.05396480662160041,0.24159367529180512,0.5068493150684932,0.4931506849315068,FP,73,73,data/processed\X_train_rfexgb.csv,data/processed\y_train.csv,train_oof,0.5483517567913296
RFEXGB_LR_SMOTE,RFEXGB,supervised,LR,SMOTE,24,511,0.1455776178392751,0.1149562293660629,0.030621388473212184,0.2605338472053382,0.4794520547945205,0.5205479452054794,FP,73,73,data/processed\X_train_rfexgb.csv,data/processed\y_train.csv,train_oof,0.5483517567913296
RFEXGB_LR_SMOTE,RFEXGB,supervised,LR,SMOTE,25,124,0.1400155018200158,0.060415258881980065,0.07960024293803576,0.20043076070199586,0.6301369863013698,0.3698630136986301,FP,73,73,data/processed\X_train_rfexgb.csv,data/processed\y_train.csv,train_oof,0.5483517567913296
RFEXGB_LR_SMOTE,RFEXGB,supervised,LR,SMOTE,26,416,0.13701738928040194,0.043629836736944434,0.09338755254345753,0.1806472260173464,0.7123287671232876,0.2876712328767123,FP,73,73,data/processed\X_train_rfexgb.csv,data/processed\y_train.csv,train_oof,0.5483517567913296
RFEXGB_LR_SMOTE,RFEXGB,supervised,LR,SMOTE,27,90,0.127590864962814,0.1697365423547545,-0.042145677391940486,0.29732740731756846,0.410958904109589,0.589041095890411,FP,73,73,data/processed\X_train_rfexgb.csv,data/processed\y_train.csv,train_oof,0.5483517567913296
RFEXGB_LR_SMOTE,RFEXGB,supervised,LR,SMOTE,28,582,0.12685159616738903,0.0978471164131312,0.029004479754257843,0.22469871258052013,0.5068493150684932,0.4931506849315068,FP,73,73,data/processed\X_train_rfexgb.csv,data/processed\y_train.csv,train_oof,0.5483517567913296
RFEXGB_LR_SMOTE,RFEXGB,supervised,LR,SMOTE,29,589,0.126840012099629,0.08342282565864823,0.04341718644098074,0.21026283775827723,0.7534246575342466,0.2465753424657534,FP,73,73,data/processed\X_train_rfexgb.csv,data/processed\y_train.csv,train_oof,0.5483517567913296
RFEXGB_LR_SMOTE,RFEXGB,supervised,LR,SMOTE,30,338,0.12380275258217639,0.6438835093955327,-0.5200807568133563,0.7676862619777093,0.5616438356164384,0.4383561643835616,FP,73,73,data/processed\X_train_rfexgb.csv,data/processed\y_train.csv,train_oof,0.5483517567913296
RFEXGB_LR_SMOTE,RFEXGB,supervised,LR,SMOTE,31,183,0.12201349662666275,0.08587087950042228,0.03614261712624046,0.2078843761270851,0.6027397260273972,0.3972602739726027,FP,73,73,data/processed\X_train_rfexgb.csv,data/processed\y_train.csv,train_oof,0.5483517567913296
RFEXGB_LR_SMOTE,RFEXGB,supervised,LR,SMOTE,32,31,0.11467355850945089,0.10238857375899056,0.012284984750460333,0.21706213226844148,0.8493150684931506,0.1506849315068493,FP,73,73,data/processed\X_train_rfexgb.csv,data/processed\y_train.csv,train_oof,0.5483517567913296
RFEXGB_LR_SMOTE,RFEXGB,supervised,LR,SMOTE,33,484,0.11377440998758866,0.07990351172776003,0.03387089825982864,0.19367792171534876,0.726027397260274,0.273972602739726,FP,73,73,data/processed\X_train_rfexgb.csv,data/processed\y_train.csv,train_oof,0.5483517567913296
RFEXGB_LR_SMOTE,RFEXGB,supervised,LR,SMOTE,34,217,0.11004322987156145,0.053647529307129314,0.05639570056443212,0.16369075917869078,0.4794520547945205,0.5205479452054794,FP,73,73,data/processed\X_train_rfexgb.csv,data/processed\y_train.csv,train_oof,0.5483517567913296
RFEXGB_LR_SMOTE,RFEXGB,supervised,LR,SMOTE,35,460,0.10912234753078615,0.06943199303076546,0.039690354500020675,0.17855434056155162,0.4246575342465753,0.5753424657534246,FP,73,73,data/processed\X_train_rfexgb.csv,data/processed\y_train.csv,train_oof,0.5483517567913296
RFEXGB_LR_SMOTE,RFEXGB,supervised,LR,SMOTE,36,586,0.10766062435438124,0.10713468804749553,0.0005259363068857232,0.21479531240187666,0.4794520547945205,0.5205479452054794,FP,73,73,data/processed\X_train_rfexgb.csv,data/processed\y_train.csv,train_oof,0.5483517567913296
RFEXGB_LR_SMOTE,RFEXGB,supervised,LR,SMOTE,37,419,0.10735391595788414,0.06784090966170961,0.03951300629617449,0.17519482561959374,0.589041095890411,0.410958904109589,FP,73,73,data/processed\X_train_rfexgb.csv,data/processed\y_train.csv,train_oof,0.5483517567913296
RFEXGB_LR_SMOTE,RFEXGB,supervised,LR,SMOTE,38,488,0.10580432042063863,0.09750071487669132,0.008303605543947322,0.20330503529733004,0.4931506849315068,0.5068493150684932,FP,73,73,data/processed\X_train_rfexgb.csv,data/processed\y_train.csv,train_oof,0.5483517567913296
RFEXGB_LR_SMOTE,RFEXGB,supervised,LR,SMOTE,39,92,0.10437731033526029,0.12603121662855218,-0.021653906293291912,0.23040852696381237,0.4383561643835616,0.5616438356164384,FP,73,73,data/processed\X_train_rfexgb.csv,data/processed\y_train.csv,train_oof,0.5483517567913296
RFEXGB_LR_SMOTE,RFEXGB,supervised,LR,SMOTE,40,566,0.10394747194144995,0.08785250239184449,0.016094969549605483,0.19179997433329432,0.4657534246575342,0.5342465753424658,FP,73,73,data/processed\X_train_rfexgb.csv,data/processed\y_train.csv,train_oof,0.5483517567913296
RFEXGB_LR_SMOTE,RFEXGB,supervised,LR,SMOTE,41,68,0.10201470747770688,0.07733544396055914,0.02467926351714773,0.1793501514382662,0.5342465753424658,0.4657534246575342,FP,73,73,data/processed\X_train_rfexgb.csv,data/processed\y_train.csv,train_oof,0.5483517567913296
RFEXGB_LR_SMOTE,RFEXGB,supervised,LR,SMOTE,42,63,0.09722795623203727,0.26916117879220497,-0.1719332225601678,0.36638913502424214,0.5616438356164384,0.4383561643835616,FP,73,73,data/processed\X_train_rfexgb.csv,data/processed\y_train.csv,train_oof,0.5483517567913296
RFEXGB_LR_SMOTE,RFEXGB,supervised,LR,SMOTE,43,33,0.09392224409974025,0.013368329588971382,0.08055391451076888,0.10729057368871163,0.547945205479452,0.4520547945205479,FP,73,73,data/processed\X_train_rfexgb.csv,data/processed\y_train.csv,train_oof,0.5483517567913296
RFEXGB_LR_SMOTE,RFEXGB,supervised,LR,SMOTE,44,84,0.08786212348825638,0.07230589844407236,0.015556225044184023,0.16016802193232874,0.5068493150684932,0.4931506849315068,FP,73,73,data/processed\X_train_rfexgb.csv,data/processed\y_train.csv,train_oof,0.5483517567913296
RFEXGB_LR_SMOTE,RFEXGB,supervised,LR,SMOTE,45,130,0.08521852292195474,0.044673637695494595,0.0405448852264601,0.12989216061744935,0.589041095890411,0.410958904109589,FP,73,73,data/processed\X_train_rfexgb.csv,data/processed\y_train.csv,train_oof,0.5483517567913296
RFEXGB_LR_SMOTE,RFEXGB,supervised,LR,SMOTE,46,144,0.08424643629267314,0.03259235565325611,0.051654080639417024,0.11683879194592925,0.7808219178082192,0.2191780821917808,FP,73,73,data/processed\X_train_rfexgb.csv,data/processed\y_train.csv,train_oof,0.5483517567913296
RFEXGB_LR_SMOTE,RFEXGB,supervised,LR,SMOTE,47,51,0.08394941634804773,0.06968167346185954,0.014267742886188175,0.1536310898099072,0.6027397260273972,0.3972602739726027,FP,73,73,data/processed\X_train_rfexgb.csv,data/processed\y_train.csv,train_oof,0.5483517567913296
RFEXGB_LR_SMOTE,RFEXGB,supervised,LR,SMOTE,48,377,0.08219923226740382,0.06119021061246675,0.02100902165493701,0.14338944287987054,0.6301369863013698,0.3698630136986301,FP,73,73,data/processed\X_train_rfexgb.csv,data/processed\y_train.csv,train_oof,0.5483517567913296
RFEXGB_LR_SMOTE,RFEXGB,supervised,LR,SMOTE,49,563,0.08147319781280764,0.04744079370760115,0.0340324041052065,0.1289139915204088,0.5753424657534246,0.4246575342465753,FP,73,73,data/processed\X_train_rfexgb.csv,data/processed\y_train.csv,train_oof,0.5483517567913296
RFEXGB_LR_SMOTE,RFEXGB,supervised,LR,SMOTE,50,480,0.07490793178946589,0.11614385273561735,-0.041235920946151465,0.19105178452508337,0.5753424657534246,0.4246575342465753,FP,73,73,data/processed\X_train_rfexgb.csv,data/processed\y_train.csv,train_oof,0.5483517567913296
RFEXGB_LR_SMOTE,RFEXGB,supervised,LR,SMOTE,51,131,0.0731888429420046,0.12523303133337868,-0.052044188391374084,0.1984218742753833,0.3013698630136986,0.6986301369863014,FP,73,73,data/processed\X_train_rfexgb.csv,data/processed\y_train.csv,train_oof,0.5483517567913296
RFEXGB_LR_SMOTE,RFEXGB,supervised,LR,SMOTE,52,354,0.06916393306375947,0.09108173904807045,-0.021917805984310996,0.16024567211183,0.5068493150684932,0.4931506849315068,FP,73,73,data/processed\X_train_rfexgb.csv,data/processed\y_train.csv,train_oof,0.5483517567913296
RFEXGB_LR_SMOTE,RFEXGB,supervised,LR,SMOTE,53,125,0.06863434011478312,0.19304063328415505,-0.12440629316937196,0.26167497339893814,0.3424657534246575,0.6575342465753424,FP,73,73,data/processed\X_train_rfexgb.csv,data/processed\y_train.csv,train_oof,0.5483517567913296
RFEXGB_LR_SMOTE,RFEXGB,supervised,LR,SMOTE,54,588,0.06794526062921198,0.08971172591650813,-0.021766465287296106,0.15765698654572002,0.3013698630136986,0.6986301369863014,FP,73,73,data/processed\X_train_rfexgb.csv,data/processed\y_train.csv,train_oof,0.5483517567913296
RFEXGB_LR_SMOTE,RFEXGB,supervised,LR,SMOTE,55,98,0.06740208307945332,0.034777389987664914,0.03262469309178841,0.10217947306711818,0.5753424657534246,0.4246575342465753,FP,73,73,data/processed\X_train_rfexgb.csv,data/processed\y_train.csv,train_oof,0.5483517567913296
RFEXGB_LR_SMOTE,RFEXGB,supervised,LR,SMOTE,56,25,0.06731078867405575,0.15269133311711372,-0.08538054444305801,0.22000212179116946,0.7397260273972602,0.2602739726027397,FP,73,73,data/processed\X_train_rfexgb.csv,data/processed\y_train.csv,train_oof,0.5483517567913296
RFEXGB_LR_SMOTE,RFEXGB,supervised,LR,SMOTE,57,156,0.06533113387635951,0.014641307142559174,0.050689826733800326,0.07997244101891872,0.3287671232876712,0.6712328767123288,FP,73,73,data/processed\X_train_rfexgb.csv,data/processed\y_train.csv,train_oof,0.5483517567913296
RFEXGB_LR_SMOTE,RFEXGB,supervised,LR,SMOTE,58,79,0.06292399646446552,0.017764646162139273,0.04515935030232628,0.08068864262660477,0.6712328767123288,0.3287671232876712,FP,73,73,data/processed\X_train_rfexgb.csv,data/processed\y_train.csv,train_oof,0.5483517567913296
RFEXGB_LR_SMOTE,RFEXGB,supervised,LR,SMOTE,59,295,0.06127433046817839,0.011810916825984966,0.049463413642193414,0.07308524729416334,0.5205479452054794,0.4794520547945205,FP,73,73,data/processed\X_train_rfexgb.csv,data/processed\y_train.csv,train_oof,0.5483517567913296
RFEXGB_LR_SMOTE,RFEXGB,supervised,LR,SMOTE,60,24,0.060585598552830335,0.02755376613792804,0.03303183241490229,0.08813936469075838,0.5342465753424658,0.4657534246575342,FP,73,73,data/processed\X_train_rfexgb.csv,data/processed\y_train.csv,train_oof,0.5483517567913296
RFEXGB_LR_SMOTE,RFEXGB,supervised,LR,SMOTE,61,0,0.05826639122982344,0.020983021382213928,0.037283369847609514,0.0792494126120374,0.6301369863013698,0.3698630136986301,FP,73,73,data/processed\X_train_rfexgb.csv,data/processed\y_train.csv,train_oof,0.5483517567913296
RFEXGB_LR_SMOTE,RFEXGB,supervised,LR,SMOTE,62,77,0.057521071710835564,0.09048805942996158,-0.032966987719126,0.14800913114079714,0.4520547945205479,0.547945205479452,FP,73,73,data/processed\X_train_rfexgb.csv,data/processed\y_train.csv,train_oof,0.5483517567913296
RFEXGB_LR_SMOTE,RFEXGB,supervised,LR,SMOTE,63,423,0.055411906091129184,0.04344397530595025,0.01196793078517894,0.09885588139707947,0.4931506849315068,0.5068493150684932,FP,73,73,data/processed\X_train_rfexgb.csv,data/processed\y_train.csv,train_oof,0.5483517567913296
RFEXGB_LR_SMOTE,RFEXGB,supervised,LR,SMOTE,64,28,0.05522182653949671,0.026233217031353593,0.028988609508143113,0.08145504357085034,0.6164383561643836,0.3835616438356164,FP,73,73,data/processed\X_train_rfexgb.csv,data/processed\y_train.csv,train_oof,0.5483517567913296
RFEXGB_LR_SMOTE,RFEXGB,supervised,LR,SMOTE,65,348,0.05303060998616061,0.029503229724688475,0.023527380261472122,0.08253383971084909,0.4931506849315068,0.5068493150684932,FP,73,73,data/processed\X_train_rfexgb.csv,data/processed\y_train.csv,train_oof,0.5483517567913296
RFEXGB_LR_SMOTE,RFEXGB,supervised,LR,SMOTE,66,154,0.05218185644372957,0.07932080370105092,-0.027138947257321317,0.13150266014478054,0.4520547945205479,0.547945205479452,FP,73,73,data/processed\X_train_rfexgb.csv,data/processed\y_train.csv,train_oof,0.5483517567913296
RFEXGB_LR_SMOTE,RFEXGB,supervised,LR,SMOTE,67,334,0.05061350835862553,0.23556473359173,-0.18495122523310442,0.2861782419503556,0.6164383561643836,0.3835616438356164,FP,73,73,data/processed\X_train_rfexgb.csv,data/processed\y_train.csv,train_oof,0.5483517567913296
RFEXGB_LR_SMOTE,RFEXGB,supervised,LR,SMOTE,68,30,0.050358253815340016,0.04589315349774342,0.0044651003175966,0.09625140731308347,0.5342465753424658,0.4657534246575342,FP,73,73,data/processed\X_train_rfexgb.csv,data/processed\y_train.csv,train_oof,0.5483517567913296
RFEXGB_LR_SMOTE,RFEXGB,supervised,LR,SMOTE,69,227,0.048207801099468754,0.06508933885179577,-0.016881537752327043,0.11329713995126456,0.6575342465753424,0.3424657534246575,FP,73,73,data/processed\X_train_rfexgb.csv,data/processed\y_train.csv,train_oof,0.5483517567913296
RFEXGB_LR_SMOTE,RFEXGB,supervised,LR,SMOTE,70,116,0.04667630153483398,0.01916797779582415,0.02750832373900983,0.06584427933065812,0.136986301369863,0.863013698630137,FP,73,73,data/processed\X_train_rfexgb.csv,data/processed\y_train.csv,train_oof,0.5483517567913296
RFEXGB_LR_SMOTE,RFEXGB,supervised,LR,SMOTE,71,406,0.04616771047310352,0.05885163944680892,-0.012683928973705396,0.10501934991991244,0.547945205479452,0.4520547945205479,FP,73,73,data/processed\X_train_rfexgb.csv,data/processed\y_train.csv,train_oof,0.5483517567913296
RFEXGB_LR_SMOTE,RFEXGB,supervised,LR,SMOTE,72,269,0.04368641330520659,0.1040092223748959,-0.06032280906968932,0.1476956356801024,0.3287671232876712,0.6712328767123288,FP,73,73,data/processed\X_train_rfexgb.csv,data/processed\y_train.csv,train_oof,0.5483517567913296
RFEXGB_LR_SMOTE,RFEXGB,supervised,LR,SMOTE,73,510,0.04368029873998385,0.028369859075576754,0.015310439664407084,0.07205015781556057,0.4383561643835616,0.5616438356164384,FP,73,73,data/processed\X_train_rfexgb.csv,data/processed\y_train.csv,train_oof,0.5483517567913296
RFEXGB_LR_SMOTE,RFEXGB,supervised,LR,SMOTE,74,39,0.04349619661714641,0.04969570026533866,-0.006199503648192274,0.09319189688248504,0.6301369863013698,0.3698630136986301,FP,73,73,data/processed\X_train_rfexgb.csv,data/processed\y_train.csv,train_oof,0.5483517567913296
RFEXGB_LR_SMOTE,RFEXGB,supervised,LR,SMOTE,75,310,0.04172948592589227,0.0577772186447933,-0.016047732718901045,0.0995067045706856,0.4246575342465753,0.5753424657534246,FP,73,73,data/processed\X_train_rfexgb.csv,data/processed\y_train.csv,train_oof,0.5483517567913296
RFEXGB_LR_SMOTE,RFEXGB,supervised,LR,SMOTE,76,173,0.04165253964220227,0.048890132520677386,-0.007237592878475112,0.09054267216287962,0.4931506849315068,0.5068493150684932,FP,73,73,data/processed\X_train_rfexgb.csv,data/processed\y_train.csv,train_oof,0.5483517567913296
RFEXGB_LR_SMOTE,RFEXGB,supervised,LR,SMOTE,77,547,0.03922279585780185,0.02419898387647463,0.015023811981327235,0.06342177973427648,0.5753424657534246,0.4246575342465753,FP,73,73,data/processed\X_train_rfexgb.csv,data/processed\y_train.csv,train_oof,0.5483517567913296
RFEXGB_LR_SMOTE,RFEXGB,supervised,LR,SMOTE,78,405,0.03531465409882517,0.04237163345219305,-0.007056979353367897,0.07768628755101825,0.4657534246575342,0.5342465753424658,FP,73,73,data/processed\X_train_rfexgb.csv,data/processed\y_train.csv,train_oof,0.5483517567913296
RFEXGB_LR_SMOTE,RFEXGB,supervised,LR,SMOTE,79,296,0.0332614544558684,0.027269486454308708,0.005991968001559693,0.06053094091017712,0.6575342465753424,0.3424657534246575,FP,73,73,data/processed\X_train_rfexgb.csv,data/processed\y_train.csv,train_oof,0.5483517567913296
RFEXGB_LR_SMOTE,RFEXGB,supervised,LR,SMOTE,80,8,0.03162290772498545,0.05761191831305071,-0.025989010588065267,0.08923482603803613,0.4520547945205479,0.547945205479452,FP,73,73,data/processed\X_train_rfexgb.csv,data/processed\y_train.csv,train_oof,0.5483517567913296
RFEXGB_LR_SMOTE,RFEXGB,supervised,LR,SMOTE,81,489,0.030829829342942257,0.0382379450817571,-0.007408115738814848,0.06906777442469937,0.3972602739726027,0.6027397260273972,FP,73,73,data/processed\X_train_rfexgb.csv,data/processed\y_train.csv,train_oof,0.5483517567913296
RFEXGB_LR_SMOTE,RFEXGB,supervised,LR,SMOTE,82,271,0.029707895580267388,0.04659796017984329,-0.016890064599575906,0.07630585576011072,0.4657534246575342,0.5342465753424658,FP,73,73,data/processed\X_train_rfexgb.csv,data/processed\y_train.csv,train_oof,0.5483517567913296
RFEXGB_LR_SMOTE,RFEXGB,supervised,LR,SMOTE,83,349,0.029328932563253307,0.03328738637974372,-0.0039584538164903985,0.06261631894299703,0.4383561643835616,0.5616438356164384,FP,73,73,data/processed\X_train_rfexgb.csv,data/processed\y_train.csv,train_oof,0.5483517567913296
RFEXGB_LR_SMOTE,RFEXGB,supervised,LR,SMOTE,84,433,0.02854979922424872,0.015877203638690354,0.012672595585558376,0.04442700286293908,0.4794520547945205,0.5205479452054794,FP,73,73,data/processed\X_train_rfexgb.csv,data/processed\y_train.csv,train_oof,0.5483517567913296
RFEXGB_LR_SMOTE,RFEXGB,supervised,LR,SMOTE,85,100,0.028192652792719573,0.014370930157327842,0.01382172263539175,0.042563582950047425,0.6027397260273972,0.3972602739726027,FP,73,73,data/processed\X_train_rfexgb.csv,data/processed\y_train.csv,train_oof,0.5483517567913296
RFEXGB_LR_SMOTE,RFEXGB,supervised,LR,SMOTE,86,561,0.028114303002218215,0.03741267049066496,-0.00929836748844674,0.0655269734928832,0.3972602739726027,0.6027397260273972,FP,73,73,data/processed\X_train_rfexgb.csv,data/processed\y_train.csv,train_oof,0.5483517567913296
RFEXGB_LR_SMOTE,RFEXGB,supervised,LR,SMOTE,87,471,0.025648374040122185,0.009238994699881592,0.01640937934024059,0.034887368740003755,0.2602739726027397,0.7397260273972602,FP,73,73,data/processed\X_train_rfexgb.csv,data/processed\y_train.csv,train_oof,0.5483517567913296
RFEXGB_LR_SMOTE,RFEXGB,supervised,LR,SMOTE,88,37,0.02293549884261201,0.03422928483134218,-0.011293785988730183,0.057164783673954195,0.3835616438356164,0.6164383561643836,FP,73,73,data/processed\X_train_rfexgb.csv,data/processed\y_train.csv,train_oof,0.5483517567913296
RFEXGB_LR_SMOTE,RFEXGB,supervised,LR,SMOTE,89,412,0.022453695152152724,0.03563581680177467,-0.013182121649621938,0.05808951195392741,0.273972602739726,0.726027397260274,FP,73,73,data/processed\X_train_rfexgb.csv,data/processed\y_train.csv,train_oof,0.5483517567913296
RFEXGB_LR_SMOTE,RFEXGB,supervised,LR,SMOTE,90,81,0.021236789152773446,0.025130092290023977,-0.0038933031372505277,0.04636688144279742,0.4931506849315068,0.5068493150684932,FP,73,73,data/processed\X_train_rfexgb.csv,data/processed\y_train.csv,train_oof,0.5483517567913296
RFEXGB_LR_SMOTE,RFEXGB,supervised,LR,SMOTE,91,344,0.020350491081035458,0.027570799766951752,-0.007220308685916307,0.04792129084798721,0.4931506849315068,0.5068493150684932,FP,73,73,data/processed\X_train_rfexgb.csv,data/processed\y_train.csv,train_oof,0.5483517567913296
RFEXGB_LR_SMOTE,RFEXGB,supervised,LR,SMOTE,92,126,0.017514067063054004,0.01684091837167033,0.0006731486913836729,0.03435498543472433,0.5068493150684932,0.4931506849315068,FP,73,73,data/processed\X_train_rfexgb.csv,data/processed\y_train.csv,train_oof,0.5483517567913296
RFEXGB_LR_SMOTE,RFEXGB,supervised,LR,SMOTE,93,553,0.01687201573242555,0.01714829248509398,-0.0002762767526684241,0.034020308217519536,0.5342465753424658,0.4657534246575342,FP,73,73,data/processed\X_train_rfexgb.csv,data/processed\y_train.csv,train_oof,0.5483517567913296
RFEXGB_LR_SMOTE,RFEXGB,supervised,LR,SMOTE,94,353,0.01659883004668064,0.012285849303900316,0.004312980742780328,0.028884679350580963,0.4794520547945205,0.5205479452054794,FP,73,73,data/processed\X_train_rfexgb.csv,data/processed\y_train.csv,train_oof,0.5483517567913296
RFEXGB_LR_SMOTE,RFEXGB,supervised,LR,SMOTE,95,574,0.013796765717101984,0.007891663637139164,0.005905102079962819,0.021688429354241135,0.9726027397260274,0.0273972602739726,FP,73,73,data/processed\X_train_rfexgb.csv,data/processed\y_train.csv,train_oof,0.5483517567913296
RFEXGB_LR_SMOTE,RFEXGB,supervised,LR,SMOTE,96,162,0.012728193188558602,0.008084443266282148,0.004643749922276459,0.020812636454840754,0.7534246575342466,0.2465753424657534,FP,73,73,data/processed\X_train_rfexgb.csv,data/processed\y_train.csv,train_oof,0.5483517567913296
RFEXGB_LR_SMOTE,RFEXGB,supervised,LR,SMOTE,97,15,0.011825959059818408,0.026867601513018067,-0.015041642453199656,0.03869356057283649,0.410958904109589,0.589041095890411,FP,73,73,data/processed\X_train_rfexgb.csv,data/processed\y_train.csv,train_oof,0.5483517567913296
RFEXGB_LR_SMOTE,RFEXGB,supervised,LR,SMOTE,98,139,0.009261990485647449,0.006568741006603135,0.0026932494790443172,0.015830731492250588,0.684931506849315,0.3150684931506849,FP,73,73,data/processed\X_train_rfexgb.csv,data/processed\y_train.csv,train_oof,0.5483517567913296
RFEXGB_LR_SMOTE,RFEXGB,supervised,LR,SMOTE,99,71,0.006693599336300504,0.0103212391855671,-0.0036276398492665913,0.017014838521867602,0.3561643835616438,0.6438356164383562,FP,73,73,data/processed\X_train_rfexgb.csv,data/processed\y_train.csv,train_oof,0.5483517567913296
RFEXGB_LR_SMOTE,RFEXGB,supervised,LR,SMOTE,100,316,0.006356800626957497,0.009332338041000816,-0.0029755374140433225,0.01568913866795832,0.5753424657534246,0.4246575342465753,FP,73,73,data/processed\X_train_rfexgb.csv,data/processed\y_train.csv,train_oof,0.5483517567913296
RFEXGB_LR_SMOTE,RFEXGB,supervised,LR,SMOTE,101,18,0.003260768195354419,0.0030798187606137432,0.0001809494347406756,0.006340586955968164,0.589041095890411,0.410958904109589,FP,73,73,data/processed\X_train_rfexgb.csv,data/processed\y_train.csv,train_oof,0.5483517567913296
RFEXGB_LR_SMOTE,RFEXGB,supervised,LR,SMOTE,102,9,0.0031076800498907923,0.002753742185551319,0.0003539378643394735,0.005861422235442108,0.4931506849315068,0.5068493150684932,FP,73,73,data/processed\X_train_rfexgb.csv,data/processed\y_train.csv,train_oof,0.5483517567913296
RFEXGB_LR_SMOTE,RFEXGB,supervised,LR,SMOTE,103,91,0.0028262585852198165,0.004503192169416169,-0.0016769335841963534,0.007329450754635988,0.4657534246575342,0.5342465753424658,FP,73,73,data/processed\X_train_rfexgb.csv,data/processed\y_train.csv,train_oof,0.5483517567913296
RFEXGB_LR_SMOTE,RFEXGB,supervised,LR,SMOTE,104,165,0.0023008949884143924,0.009506546127549384,-0.007205651139134993,0.011807441115963777,0.6712328767123288,0.3287671232876712,FP,73,73,data/processed\X_train_rfexgb.csv,data/processed\y_train.csv,train_oof,0.5483517567913296
RFEXGB_LR_SMOTE,RFEXGB,supervised,LR,SMOTE,105,2,0.0022829586003653454,0.005261971497689196,-0.002979012897323849,0.007544930098054539,0.3972602739726027,0.6027397260273972,FP,73,73,data/processed\X_train_rfexgb.csv,data/processed\y_train.csv,train_oof,0.5483517567913296
RFEXGB_LR_SMOTE,RFEXGB,supervised,LR,SMOTE,106,182,0.0021525003382456523,0.002352073724917426,-0.0001995733866717739,0.004504574063163079,0.410958904109589,0.589041095890411,FP,73,73,data/processed\X_train_rfexgb.csv,data/processed\y_train.csv,train_oof,0.5483517567913296
RFEXGB_LR_SMOTE,RFEXGB,supervised,LR,SMOTE,107,88,0.0011977546968220151,0.001326361239033674,-0.00012860654221165803,0.0025241159358556885,0.4383561643835616,0.5616438356164384,FP,73,73,data/processed\X_train_rfexgb.csv,data/processed\y_train.csv,train_oof,0.5483517567913296
RFEXGB_LR_SMOTE,RFEXGB,supervised,LR,SMOTE,108,58,0.0010920587977797257,0.0008537842596183085,0.00023827453816141695,0.0019458430573980343,0.5205479452054794,0.4794520547945205,FP,73,73,data/processed\X_train_rfexgb.csv,data/processed\y_train.csv,train_oof,0.5483517567913296
RFEXGB_LR_SMOTE,RFEXGB,supervised,LR,SMOTE,109,252,0.00039761957071374806,0.000712268204465878,-0.00031464863375212977,0.001109887775179626,0.5342465753424658,0.4657534246575342,FP,73,73,data/processed\X_train_rfexgb.csv,data/processed\y_train.csv,train_oof,0.5483517567913296
RFEXGB_LR_SMOTE,RFEXGB,supervised,LR,SMOTE,110,67,0.00022553931675644662,0.8336960323088193,-0.8334704929920629,0.8339215716255757,0.4246575342465753,0.5753424657534246,FP,73,73,data/processed\X_train_rfexgb.csv,data/processed\y_train.csv,train_oof,0.5483517567913296
RFEXGB_LR_SMOTE,RFEXGB,supervised,LR,SMOTE,111,551,8.043016132773997e-05,0.0001308967879034817,-5.046662657574173e-05,0.00021132694923122164,0.3835616438356164,0.6164383561643836,FP,73,73,data/processed\X_train_rfexgb.csv,data/processed\y_train.csv,train_oof,0.5483517567913296
RFEXGB_LR_SMOTE,RFEXGB,supervised,LR,SMOTE,112,275,2.6930991393875053e-05,3.596937034640505e-05,-9.038378952530011e-06,6.290036174028013e-05,0.5205479452054794,0.4794520547945205,FP,73,73,data/processed\X_train_rfexgb.csv,data/processed\y_train.csv,train_oof,0.5483517567913296
