time_index,PC1,PC2,PC3,PC4,PC5,PC6,PC7,PC8,PCA_T2,PCA_T2_CL,PCA_T2_UCL,PCA_T2_beyond_UCL
0,0.8064330120026999,-0.4885141519702187,0.8569230345298862,0.15920616649827984,-0.046731472331008786,1.1918245579720381,-0.7139875885976495,0.6237930369394028,3.7451419467192215,7.993162393162396,71.1698444045556,0
1,0.5461814014593022,-0.3651387067362568,-0.017370694344725775,0.2228602498081301,-0.892253517283285,0.6249465205766859,-0.24223211235971684,-0.9780986286201367,2.760716450194802,7.993162393162396,71.1698444045556,0
2,-0.013681847027161718,-1.2390864648380635,-1.2063503307297831,-0.8459378628306259,-0.48468238884647447,-0.7814354932699841,0.6389891514518039,0.6664212991080314,5.1770779886810026,7.993162393162396,71.1698444045556,0
3,-0.38091355242884684,0.930099949361465,1.0432826750984152,-0.5380507296337698,-1.1627474008786187,-0.05033106020521485,-1.5428978541872083,0.24650934520930187,6.117481469684337,7.993162393162396,71.1698444045556,0
4,0.32397235266161917,1.258204148189788,-1.4651842011327938,1.2198851327006925,0.4711088630540039,0.8761994225436537,1.3166882306602237,0.7065800449398075,8.318787170498236,7.993162393162396,71.1698444045556,0
5,-0.31156955412366694,0.13337239957789218,0.9901894472320328,0.27207326196464254,-1.212635737287966,-0.23950529815516702,-1.4045138587533268,0.14545040200386106,4.765806861611242,7.993162393162396,71.1698444045556,0
6,0.50330474447559,2.389443928488753,-0.17955047224845447,-0.8332055011558532,1.7158833279862349,1.5007317576030919,0.38646792052062684,0.6009549847985357,11.529139294970754,7.993162393162396,71.1698444045556,0
7,0.5854920556896631,-0.07773725949421559,0.9048353635871051,-1.852008608635884,-0.9690171270622223,-0.866360076053377,-0.004576478174132595,0.19057304085969998,5.92788974911889,7.993162393162396,71.1698444045556,0
8,0.7655821013975466,0.6471929898685579,0.9246225480356686,-1.3004144882488258,-1.274647541580078,-0.8245883605691295,-1.1723934808266265,1.091647472217924,8.343032890922956,7.993162393162396,71.1698444045556,0
9,0.27217395210068707,-0.6270535155875223,1.286558797943841,0.8331665367854627,1.0237321284301228,-0.20814608345241692,0.03543450747917533,1.9019191511042517,8.139244221028463,7.993162393162396,71.1698444045556,0
10,0.6020695744694544,0.5483256969925792,0.42299397769213964,0.49405434784772634,-0.3178665044456414,0.3924098492310996,0.37283301570919786,-0.8796829919521897,2.1820786185068357,7.993162393162396,71.1698444045556,0
11,-0.3631558647780767,-0.37381820906790675,0.5435055067009317,-0.3731079308276614,-0.47259621183584233,-1.3358655234207077,-0.3393133223223551,-0.8097012598371212,3.671653199569638,7.993162393162396,71.1698444045556,0
12,0.04682692363236706,0.06508272791315295,1.1236668395979612,-0.7093779143184938,0.01857867407863954,-0.9288534643555172,-0.6465437109102582,1.0519511523403486,4.409230436574595,7.993162393162396,71.1698444045556,0
13,-0.15067795111971796,-0.9283269936006561,-1.1021588527719781,1.1063220361780197,-1.706445760888805,-1.4544306779839646,-0.6134135494987013,1.7293533924704072,12.34552511687697,7.993162393162396,71.1698444045556,0
14,0.17501518936677699,1.714446520024925,-1.383786933380227,0.0710138354130416,0.6980483627684559,0.26950989207583187,0.46150819200549315,0.7890247764605741,5.775688392496564,7.993162393162396,71.1698444045556,0
15,-0.10143367906228572,2.6598182731660445,2.2406248480021254,0.5280581082372915,0.11262302610286173,-1.194583181716394,-1.189132514312223,-0.916493800139521,14.875429112190405,7.993162393162396,71.1698444045556,0
16,1.0123458265872076,0.2583269918219544,-0.11307096168086324,-0.6098935715581207,-0.9350351180084934,-1.3945587767400591,0.21585650992977795,-1.3527075966925888,6.156704810166786,7.993162393162396,71.1698444045556,0
17,0.24484347955850655,-0.36846883118086077,-0.42804868115232403,-0.4281352393811259,-0.1754434734577355,-0.6955580448741001,-0.8259223880743034,0.6114358692000487,2.258709739084149,7.993162393162396,71.1698444045556,0
18,0.3802597827752975,0.7439746363342118,1.3516436641753253,0.6653214957736158,0.7574697572410344,-0.4621333922264588,-0.16738608010040554,-0.09485042243363533,3.43802970885572,7.993162393162396,71.1698444045556,0
19,0.24448839721756913,-2.2079888349119208,-0.21255180523727615,1.0985563008010801,-0.1409902016903785,-0.3894821120789039,0.21697674410653442,0.9430528443367305,6.61003761339377,7.993162393162396,71.1698444045556,0
20,0.36553927614962284,0.22719656492323997,0.3436605897802111,-0.6040297370994496,0.37770812070834947,-1.552260856664137,0.6710736458191183,0.07785671659154181,3.8071574117078173,7.993162393162396,71.1698444045556,0
21,-0.529273252782631,0.8039852858112051,-0.2031021539980279,-1.08334366907919,-1.2936939388275372,0.22889530579616302,0.02290371122476179,-0.5183901985469679,3.8648110918669287,7.993162393162396,71.1698444045556,0
22,0.5051110940179397,-0.38276468697855764,-1.3733683772358973,-0.12798611859372044,-0.4591707012149225,0.48584466810907245,-0.2523350922915307,0.2687495029801648,2.575562179348527,7.993162393162396,71.1698444045556,0
23,0.24934789399186974,-2.1437086217870682,0.25751612149628933,1.3803620918996375,0.8389918913442227,0.8826321345640673,-0.8856448373772303,-1.3833866845416911,10.525219966172743,7.993162393162396,71.1698444045556,0
24,1.0141352417839995,0.9508679889595749,0.8854730336698431,-0.2225635593720777,-0.026211557493370403,-1.017069229912351,0.09335614027760347,0.751248808625008,3.76242701472202,7.993162393162396,71.1698444045556,0
25,0.5555733917263969,0.770972084284052,0.347800367725985,0.07800136889999082,-0.055991145811203506,-2.008800739687666,0.9605186476867142,0.4828752293634791,6.421821415174542,7.993162393162396,71.1698444045556,0
26,-2.7912932396815404,-0.2769288598932671,-1.7462003028280992,-1.741882741952992,0.011432489129122522,1.0126533691743524,0.3102201674769771,1.4617276749828814,12.757493246397802,7.993162393162396,71.1698444045556,0
27,0.27371600392165946,-0.018373274063497768,-0.40060164891485267,-1.365557542906668,0.008368683353486941,0.3601443215263153,-0.3394546044047756,0.03945653731497384,2.212160855123531,7.993162393162396,71.1698444045556,0
28,-0.08063718969327997,0.21661356109354296,-0.6441816008663563,0.20653771419576022,-0.9088533267281671,0.2896083759292329,-0.5508724364798583,-0.38956377350810456,1.9013202985240425,7.993162393162396,71.1698444045556,0
29,0.8050478896984651,0.5158954303788011,0.5988006271291131,1.8147477353655044,-0.5549448776218463,-0.09693981827635684,-0.7297593122343642,-0.718042841256652,5.4840751434238335,7.993162393162396,71.1698444045556,0
30,-0.28058919600047694,0.4093227287501384,-0.4748742735404151,0.20970942035835327,-1.0294496186719966,1.281925859916344,-0.4512588415923391,-0.9531198905027254,4.6175585527013805,7.993162393162396,71.1698444045556,0
31,0.30073605816535093,0.29462068051033896,-0.8773882216327826,3.046427421823844,-0.2903959505698871,0.42610976966229347,1.8056411582297,0.2583973198559227,13.58796679994595,7.993162393162396,71.1698444045556,0
32,0.9732831800731319,-1.084152723252692,1.6372857472250544,0.09318253114961525,0.7045938910739359,0.4043159816669892,-0.7799768183295588,0.5951857109619759,5.590663739604207,7.993162393162396,71.1698444045556,0
33,-0.04591333754729303,-0.1935175308821661,0.16388123492795417,2.060428933012819,-0.5774490766218335,0.13782066572579404,0.7709572149794088,1.3080091934062554,7.234764451937705,7.993162393162396,71.1698444045556,0
34,-2.644171918388501,1.8031763003608892,1.0545368852381944,1.54067053710806,0.15128135623100553,-0.2299454396971481,-0.9111755211422539,0.7946125011573197,10.594397222704044,7.993162393162396,71.1698444045556,0
35,0.35686634467800876,1.309240805704835,-0.21559617725767435,0.20371660391285945,-2.33150929249542,-2.0184493044792955,-0.5960997438458019,-0.19667000327945813,11.836467750878437,7.993162393162396,71.1698444045556,0
36,-0.09309037305240882,-0.9322204932658961,1.1788760081017586,-0.04815481382683933,-0.830114140020819,-0.7247390909865213,-0.3997965868096495,-0.5824390343902901,3.845167746268043,7.993162393162396,71.1698444045556,0
37,-0.16247605337151197,1.228831756015409,0.5555375357194929,0.30343586000626976,-0.763548976968984,-1.0603537790037185,-0.6610775055026507,0.343330719974442,4.064825568178308,7.993162393162396,71.1698444045556,0
38,-0.29876149130481117,-1.3161888972098028,0.4529948238945552,0.30972887762540335,-1.11579188131713,-2.6600442185464193,-0.7814661699302444,1.4451379598001537,13.945257994365777,7.993162393162396,71.1698444045556,0
39,-12.141327194007884,-1.9168573622828982,0.14145298899399003,-0.09421011030442762,0.7050871453656476,-1.7552248664727745,0.5039131470949371,-0.6540773314887312,67.65790596260207,7.993162393162396,71.1698444045556,0
40,0.8606823256648654,2.213495099786428,0.18632860514944993,-0.8205562977043138,1.0335548481546988,-0.4625340054912206,1.7027226128265165,0.3019413494127261,9.683260446597242,7.993162393162396,71.1698444045556,0
41,-0.7068164954662005,0.2801634288338495,1.7742830841207775,-0.46956020904250517,1.5185884027852554,1.5398343783769786,0.8755206534829475,-0.1301409032063122,9.068933381388835,7.993162393162396,71.1698444045556,0
42,-0.005226596812553542,-1.2779687946089278,-0.7829436685134791,-0.5585534491722782,-0.32950473698546995,0.382529343621292,0.4522178701953632,0.040197491577262184,2.7040482174105076,7.993162393162396,71.1698444045556,0
43,0.4365420557030883,1.6154784166622127,-0.06145697385505018,1.3396449200651674,1.2047654448877774,1.9483673915135284,0.10264759938072084,-0.3712601538111748,9.688441496916022,7.993162393162396,71.1698444045556,0
44,-0.053426058517642636,-0.3844829520750252,-0.8307690605414905,1.1094742532485184,0.03036511677301071,0.5534824220058945,-1.3512048371159076,-0.3300176924693508,4.4162774315373525,7.993162393162396,71.1698444045556,0
45,0.4351896111765859,-0.7383904595930464,-0.6158892595594717,0.9890660164639666,-0.8084484334782588,0.7767508675183789,-1.440933720443371,1.2869196963717928,7.492245496732302,7.993162393162396,71.1698444045556,0
46,0.7537975433370537,-0.05976086739736825,-0.9603337447188746,-1.7091345707918577,0.27020045405515725,-2.0948510876779887,0.028108665725645812,0.1953342268362931,8.702299543272936,7.993162393162396,71.1698444045556,0
47,0.7316044836278774,0.7587839611522972,1.1669471705276446,-0.4770946078571028,0.6438384661172747,-1.100229025186892,-0.5343169800837478,1.1468330316174637,5.833192063268626,7.993162393162396,71.1698444045556,0
48,0.11129767371968305,-1.1493863323986455,0.7630206577425568,0.94607721413001,-1.9263710855128202,-0.3491158523558094,-0.09911097340689529,-0.39676284185671556,6.523031682000058,7.993162393162396,71.1698444045556,0
49,0.5469762491335167,-0.34351256334734004,1.5175433040680055,-1.2512143592252898,1.0304197892101998,-0.374341113423322,0.20985051978982525,0.5634730378215336,5.445201119951579,7.993162393162396,71.1698444045556,0
50,0.24489120621440097,0.9094012749700795,1.584888211717001,0.8583948551761162,0.10107342649407346,-0.5391595094439634,0.4041147685829227,0.31612611414443964,4.314745007872352,7.993162393162396,71.1698444045556,0
51,0.46270577664741286,1.2638364250576486,-0.7148479826208641,0.9043219183235721,-0.36048930607117136,0.5381515786557541,0.9687758294168517,-0.98580107528769,5.357135541197703,7.993162393162396,71.1698444045556,0
52,0.2617158699094092,-0.6448758570334594,-1.4654204875707546,0.018861913488134107,-0.07358300255490087,0.15841270868990875,-0.11292617385132986,-0.17220673731560457,2.4015765922695302,7.993162393162396,71.1698444045556,0
53,-0.09099594711104443,-0.10868486910712664,0.47047388133836715,2.2192383701637306,-0.35373551574046325,-0.891355690202798,-0.9900556718412866,-0.47862785424851095,7.239439397586206,7.993162393162396,71.1698444045556,0
54,0.5398156281896881,0.48921782466511443,0.14215149073544261,-0.5189371540916098,-1.5328594757817566,-1.5974512981006108,-0.46042333928546003,0.12509755931770677,5.952589807798173,7.993162393162396,71.1698444045556,0
55,-0.5760632335940973,-0.3946324973382615,0.298336779671495,0.9378066325779648,0.6205245872253937,1.0409278162849551,-1.7237478371789792,-1.2263261489025221,7.927357003534441,7.993162393162396,71.1698444045556,0
56,0.25232438506225824,1.0878750812411115,0.7936699523593078,0.9733915654360761,1.3458133654912352,1.453388842303737,-1.0375827002642468,-0.6767276751972346,8.34270232464884,7.993162393162396,71.1698444045556,0
57,-0.4035116503722776,-0.17773999296410198,-1.5970074293952727,0.4737997313505372,-1.308376145018327,-0.909013766392001,-0.5491918693353007,1.356458338250076,7.857916875198541,7.993162393162396,71.1698444045556,0
58,0.2696927882348181,-1.5365312682038308,-0.8903800533235265,-1.1507642780538268,0.46756043328033275,-0.12750102348290288,0.5904603684856118,-0.08077398379527798,4.595430714019233,7.993162393162396,71.1698444045556,0
59,-0.0013369847729192712,1.1435510209503275,0.3088302208044373,1.658995393560293,1.732896278339098,0.2218501615093882,0.5991646521386271,-0.4021239019008759,7.433269202891085,7.993162393162396,71.1698444045556,0
60,-11.922449537797691,-1.2402930116521944,1.0247619405251476,0.49333036870843716,1.3263307836442064,-1.3097176257281609,-0.7598360970022408,-1.6452049616448021,67.89468326414321,7.993162393162396,71.1698444045556,0
61,1.059237624717327,-0.23115128662080947,-0.2690244867861653,-0.6766144204712454,0.14399836656143752,0.22823457530536995,-0.5381256861271373,-0.5771768770693586,1.8164376982895418,7.993162393162396,71.1698444045556,0
62,-0.03428877155387445,-2.4375576276157203,1.222369194362562,-0.32025078092453163,-2.327866087027845,0.399398900160394,1.2863743764553763,0.3968042487727409,14.012101329312479,7.993162393162396,71.1698444045556,0
63,-1.015372185244488,-2.670283366166729,10.379538448380627,-5.111958604791896,-18.122024756705336,8.965481629161859,10.275959612492741,0.9546471994513981,662.2305143179992,7.993162393162396,71.1698444045556,1
64,-1.9890191909674555,-0.15041926532054256,0.17968316409249402,2.0026017168330243,0.5822584708071895,0.9439424296550941,0.7577734472100444,2.3403142551237095,14.257256261233564,7.993162393162396,71.1698444045556,0
65,-0.11734507881422072,-0.3897289432393616,-1.4540127970302814,-0.3842600544310322,-0.8652276464578431,0.4044518460116214,0.24487896523916414,0.35409012580950694,3.333704268795711,7.993162393162396,71.1698444045556,0
66,0.1906415355328445,-0.7332827566652357,-0.40242404901000334,0.45895070555885115,-0.9066854992603116,-0.978471552754492,-1.1578506163401125,1.5425550633303002,7.138311008369264,7.993162393162396,71.1698444045556,0
67,0.5589063518016998,0.8402357720831428,-0.944505174610616,-0.8872933975081221,-0.12593351791372168,-0.06291095517413735,-0.2596036168254186,-1.1910285361858037,4.139080723560717,7.993162393162396,71.1698444045556,0
68,0.04305128989717145,0.009121136448761454,0.23789194657894194,1.125624245503932,1.6937940196340102,1.2026727270172737,-0.9660785228215868,0.46227781270150087,6.988081297624577,7.993162393162396,71.1698444045556,0
69,0.9939489528207197,1.0233813496780129,1.5396077943254682,0.9548702613081212,0.716269871788685,-0.2221542666542415,0.019352813955293667,0.13569885579430993,4.870149288081015,7.993162393162396,71.1698444045556,0
70,0.5002549363798552,-0.07269591775996422,-0.4908722556784631,-1.1205900991919118,-1.1297445855513029,0.21856110179218124,0.8318825847083697,-0.8783902051143477,4.576734596196236,7.993162393162396,71.1698444045556,0
71,-3.967401184515393,0.6238286856435123,0.48870172116163807,2.0551792503945596,0.3231389153327204,0.8380557787875476,-0.21553513772747893,1.5253733655911437,14.768596432923307,7.993162393162396,71.1698444045556,0
72,0.46943058528186965,1.1413189929422756,1.696445627582619,1.7469680625324833,0.28539179403409337,1.2810626324990875,-1.9814600084818708,-0.34784348935349285,13.047292588856479,7.993162393162396,71.1698444045556,0
73,0.4926486275183325,-1.8521306401498727,-1.6019493196579144,-0.9073374591774295,-0.2316521557245335,-0.08370902295230653,0.2587286645229202,2.2471326158466622,12.514205888117155,7.993162393162396,71.1698444045556,0
74,0.736559310818515,0.8158689086818727,0.4369319861593938,-0.6264372678115007,1.7504601813578564,0.11380525792273219,0.5008206535435913,-0.03786712243332494,4.673031053234947,7.993162393162396,71.1698444045556,0
75,0.10129573805498306,0.3754565902191695,-0.2241874361881268,-0.20641193924805912,0.7976460758410026,-0.4734715890676953,2.0161025984817553,1.6897300925655525,9.18906146840645,7.993162393162396,71.1698444045556,0
76,0.81130380596689,1.3944427701933084,0.33353350490911243,-0.2695948769370828,0.1528113115367489,-0.6299746234724981,0.18810560853431268,1.790856528504368,6.56322681579989,7.993162393162396,71.1698444045556,0
77,-0.6461497651157824,-1.1040912220594261,-1.172539783986571,0.8680416760901721,0.371063128957837,0.44192585107146487,-0.7392269340295015,-0.2425753976757116,4.171781200076951,7.993162393162396,71.1698444045556,0
78,0.13941571388627472,1.1067872826631953,0.1205454468222428,0.3450171415699406,0.6359967008609098,1.0782349658346297,0.20474006403103776,-1.104879824130674,4.389247792980201,7.993162393162396,71.1698444045556,0
79,-0.1870954584441043,-1.3299579969365725,0.22767040953015807,-0.3286033135226816,0.4664592135063423,0.7131167787395964,-1.0336769016019793,0.5866656163467642,4.021859667421304,7.993162393162396,71.1698444045556,0
80,0.3004146220371912,1.137646921854463,-1.7976394934665414,-0.48182960931219276,-0.8102422835818034,-1.2467299436240815,0.1420259652654417,-1.0312557964601945,7.948775834678306,7.993162393162396,71.1698444045556,0
81,0.3674046420570853,-1.1908393061435725,0.12643529843056267,0.0011160430016762407,0.5703529086013223,-0.2652843741195417,0.9173316595469709,0.5529925635318366,2.969170849895513,7.993162393162396,71.1698444045556,0
82,-0.2926585859911426,-1.1240747279103736,1.454899818900594,-0.12012448305765686,-0.6563132685301168,-0.7090797036331609,-0.5749213639023921,-0.3679391639614327,4.526306552131862,7.993162393162396,71.1698444045556,0
83,-0.07710956216811789,-1.023724711834448,-0.8844695578925791,1.3871022931235888,-0.815476529953186,0.21716937443064785,0.5491311186801439,0.9567826788532592,5.601009770400127,7.993162393162396,71.1698444045556,0
84,0.0138847970371376,-1.0505384932618238,-0.1717656617289843,0.8340802852870337,-0.217674625183659,0.17773479821476731,-1.3915446320511495,0.7185783936581546,4.487670021551738,7.993162393162396,71.1698444045556,0
85,0.0330917576461227,-0.47948786173141916,1.1733240248425287,-1.5480948151001093,-1.650798158624719,-0.8466050018779099,0.36038368641643787,0.3533257277341245,7.504271942806795,7.993162393162396,71.1698444045556,0
86,0.4940367539445895,-2.589007205002491,-0.9819292038435912,-0.03455372959115168,0.21826785715125774,-1.8728391349036544,0.9130028749953842,-0.1516569582313964,11.342051064073512,7.993162393162396,71.1698444045556,0
87,-0.3492358142957102,-0.12312999669209969,0.516631344393867,0.06532849015193798,-1.732166019973102,-0.7401962467457844,-0.1527758328003091,-0.45203924326062034,4.1785508190016385,7.993162393162396,71.1698444045556,0
88,-0.45164134529733774,-0.8553183069813132,-0.9076427101788799,-0.16203403403868036,0.28000770251750523,1.1747937516217382,-0.5601681453434082,0.17017434060773712,3.418212687775013,7.993162393162396,71.1698444045556,0
89,0.1215839345210728,1.2795562121902324,-0.24624208796042935,-1.2775488442185585,-1.0943171586303249,0.8841131727204787,-0.442992294917771,-0.3362961096478611,5.36833738612587,7.993162393162396,71.1698444045556,0
90,0.16060797904634866,-0.5748708473231227,-1.2111602681805953,-0.9369347322575243,-0.5381766931458255,-0.564890116491,0.24751007161823668,0.6827085143706395,3.7306392504077586,7.993162393162396,71.1698444045556,0
91,0.4092796504285899,-0.6238061514263236,0.7415175170120397,0.37478513863350754,-0.9831026538882042,-0.5967342617065036,-0.6007413158512812,-0.6372280033734605,3.283132441044107,7.993162393162396,71.1698444045556,0
92,-0.4325209355322171,-1.3139068259026814,-1.1738845348945883,1.4364313498892818,-0.6385884124574336,-0.3160292056991991,0.5354017941008298,-1.793514431314738,9.576280114381321,7.993162393162396,71.1698444045556,0
93,0.1654894462077923,0.8098075963259929,2.153953162930794,0.899510921471877,0.7420812141384806,-0.09428318800752346,-0.8367655456284538,1.333874555525827,9.090347983738415,7.993162393162396,71.1698444045556,0
94,-0.42786894388102353,-0.2093141799521313,1.6041456624165231,-1.1771555365973467,-1.3736068078771015,0.49014197064121995,-0.4779482388903579,0.27367228934393323,6.244331285441218,7.993162393162396,71.1698444045556,0
95,0.028624527543073625,-0.6765656106920654,-1.6610714450311694,0.022097673671252687,-0.8960658264875134,-0.4775819945590481,0.7683956583204334,-0.4808487678675699,4.874538436890613,7.993162393162396,71.1698444045556,0
96,0.4312680234440525,-0.8926949138622517,0.9543067734874483,1.4594036519677065,1.4019442085796898,1.9296120518359434,1.550873731673785,-1.1011332897969344,13.766297497582705,7.993162393162396,71.1698444045556,0
97,0.6041277342545267,0.7602079387686799,-0.3677185938440192,0.1297863855375649,-0.13310038004341812,-0.746555684904362,2.2222940474738935,-1.6462613081136666,10.28323167080858,7.993162393162396,71.1698444045556,0
98,0.4722204071359387,-0.45244558398651236,2.2049997189791957,0.8350239673930752,1.1608991227845287,-0.6190916417491855,2.026739944439331,-0.6877541302963308,12.249782774322608,7.993162393162396,71.1698444045556,0
99,0.49008446008856565,0.48302870823515603,-1.2352676349766527,0.36191143068030146,-0.4819061397612199,0.8456497779892354,-0.665731253276707,-0.8597302142140932,4.221771924299286,7.993162393162396,71.1698444045556,0
100,-0.20870779010573923,-0.9063866675043937,-1.2363821467669227,0.8714194689629781,-0.38765758066311795,0.4178615639248987,-0.32001206647351277,-0.3036750354109413,3.3716543877621827,7.993162393162396,71.1698444045556,0
101,0.07436537258081435,0.07057281061820075,-0.30759023866016666,1.7548858218090835,-0.638971323215704,2.691197825196252,-1.130162306868703,0.3852160162223585,12.857016978029494,7.993162393162396,71.1698444045556,0
102,0.5899856731151887,-0.9468114569528903,0.062034636396027916,0.0012360586708125357,-0.10576128563018683,-0.20771937760516315,-0.4627289714472019,-0.5338893273120014,1.5434326233397506,7.993162393162396,71.1698444045556,0
103,0.4070638317925777,-0.2093273020679255,0.7266159348808102,1.0175032224447884,0.3945577937184301,-0.16351950542082663,0.8728081564702257,0.853726265795242,3.5078787892317713,7.993162393162396,71.1698444045556,0
104,0.30231139750750685,-1.0669489804385417,0.6203649889272451,0.12945137301423393,-0.9840981716948661,-2.8455614649326724,-0.7536325052028381,0.9103285502335497,12.742802741797941,7.993162393162396,71.1698444045556,0
105,0.29163775738677533,-1.086116524767192,1.0318446913026122,2.0382858549936986,-0.2525095409029552,-1.9947059111868755,-0.2580956902810365,1.274891610460508,12.389745088225936,7.993162393162396,71.1698444045556,0
106,0.6220778347872359,-1.384839899911865,-0.9810784619873031,-0.654099381264965,0.09125599053658871,-0.6956510206772775,0.7255033076564538,-0.580801932684385,4.568037247996054,7.993162393162396,71.1698444045556,0
107,-0.16432131114174206,-0.3391608696445109,0.8702040688118782,-0.965371967191615,0.6918351575152867,1.6538202301637535,-0.8409414137340485,-0.4055386155260156,6.1041470696904065,7.993162393162396,71.1698444045556,0
108,-0.521553902098067,-0.3881346099575136,-0.4567582965922241,-0.40242107830120705,-0.07778063797827171,-0.2665504349101494,0.2520957169332582,-1.510786991965153,3.5912807687921147,7.993162393162396,71.1698444045556,0
109,-0.6543847756629143,-0.659854262840974,-1.8638644931331392,0.7800549870905445,-0.06945848833361776,0.8122787173643691,-0.18734125007926092,-0.5762854446080494,5.430293232850073,7.993162393162396,71.1698444045556,0
110,-0.7292489170429666,-0.38741993961705734,-0.32120295469004495,-0.1267082856531073,-0.9621802035410025,0.280330744836744,-1.1935176254382827,1.8714713552430766,7.43355875216698,7.993162393162396,71.1698444045556,0
111,0.015682601178058177,0.05985289523450107,0.06949541442263839,0.9634918987098428,0.14075483180388973,-0.11257403042504531,0.7493930248267691,1.1563490981083733,3.2205841829606587,7.993162393162396,71.1698444045556,0
112,-9.245555024308874,1.9606189432542678,-1.1048117631647743,-1.4416459218208602,0.2893827120305,-0.15049969810058325,-0.4510366632200444,-0.9036397637063086,42.37717109771142,7.993162393162396,71.1698444045556,0
113,0.4031868048658167,2.9320167745773564,-1.474292374360374,-0.3094554048279177,-0.21020439677616823,0.3324456440909279,0.6044065067507731,0.4411953947532708,10.083099867821046,7.993162393162396,71.1698444045556,0
114,0.67168726796596,-0.6410347121291049,0.6654233390141907,0.10876210573740921,0.8842198916529085,0.41178649618424895,1.187970606359097,-1.5935650598408269,6.65444974075166,7.993162393162396,71.1698444045556,0
115,-0.32550492295060124,0.11478206496699946,2.174411087585025,-0.30295236317836954,1.7066455234319058,-0.23665617645138498,-1.0197658719601346,0.7847164394706764,9.319526318306476,7.993162393162396,71.1698444045556,0
116,0.07695750644395077,-0.012354985872002417,-0.5896712408888911,-2.964721375479232,1.5924539545817658,0.44983821766194765,0.26495992498755,-0.9449694372574988,12.587273798242856,7.993162393162396,71.1698444045556,0
117,0.7722824926818487,-0.5076366560300504,-0.016272333688328918,-1.161620916033303,1.397477644317469,0.863049241983271,-0.5672974860593826,-1.4239226469653703,7.3888986264136545,7.993162393162396,71.1698444045556,0
118,0.036482378264038565,1.7391158947322614,-1.1257695623871227,-0.2540724400207564,-0.8663597787985983,0.6299288305770518,-1.1753386344822827,-0.31974082170784596,6.567750972420177,7.993162393162396,71.1698444045556,0
119,0.010552810360263842,-1.5667654764653005,-1.1721190752289454,1.211770650039878,-1.3455313769750785,-0.9150956692199814,0.6102493190976045,-0.3747402317797306,7.97825608460798,7.993162393162396,71.1698444045556,0
120,0.44393478531005626,-0.9197255187228037,0.7155075679262374,0.264762288253638,-0.08659860796323743,-0.5840541001239224,0.7582706849504126,-1.879204332744778,6.754097579418133,7.993162393162396,71.1698444045556,0
121,-0.10029106009117528,0.29694800536097715,1.5074672799517996,-0.2676817011615094,0.5848258774947344,-0.7415763631801642,-0.14149561949113665,-0.14199681334631992,3.1861111186525735,7.993162393162396,71.1698444045556,0
122,0.4273628710752386,0.3323992259259389,0.851739236623229,-0.23512928018010354,0.5907988271632832,0.7805654186080695,-0.30689177619858116,0.021153455590429505,1.9880709700695973,7.993162393162396,71.1698444045556,0
123,-0.23086014474573646,0.9753955720772239,-0.046357180127171244,0.4240223099539882,0.5488799588844789,0.2734360627597322,-0.1284386804329946,0.0016453158154203422,1.3845997152823635,7.993162393162396,71.1698444045556,0
124,-0.03922165971444086,1.2265323577793934,0.5190442175056734,-0.13627477832340604,0.8223230591354814,1.4957867775574392,0.5395087180104734,-0.6450461270632232,5.452861561681939,7.993162393162396,71.1698444045556,0
125,0.5104496383514373,0.23551438551358816,-0.009521084509532375,1.8230173620250343,0.37317960480044726,2.340978480837975,-1.6596359378478618,0.46090661951255335,12.69853524533457,7.993162393162396,71.1698444045556,0
126,0.5047707875158759,2.348013226974565,-0.21622267242339632,0.2303490454246874,0.04076586753593251,0.4018155490532511,0.9477556790153278,-0.17887600479712543,5.994731263811552,7.993162393162396,71.1698444045556,0
127,-0.27027156936936014,-0.11954915377963239,1.3877492084087437,-0.33201655524619494,-0.2506951481543736,-0.040256496909913106,-1.3241119105932684,-0.5425409204937792,4.27517774343826,7.993162393162396,71.1698444045556,0
128,0.21948473328459572,0.24606205205228718,-1.032747524129339,-0.8116710868826467,0.3149791514886965,-0.5299275623192394,-0.19259495639064808,-1.0159869705493805,3.3964677784559925,7.993162393162396,71.1698444045556,0
129,0.191927258971182,0.2778817796536093,-0.8438045386248331,-0.6829714697669081,0.24155009922079662,1.7327710389255946,-0.5100211227648582,-0.8842799674428933,5.740252919931394,7.993162393162396,71.1698444045556,0
130,0.3084851810000449,-0.07369493657818914,-0.46417058682928514,1.7185685452595325,-0.7333925804291707,-1.1616886670672195,-0.0096262159995605,1.5024891710798811,7.859638244487124,7.993162393162396,71.1698444045556,0
131,0.8298406313020907,-0.8821606735496006,0.06595018071564301,0.3641924087045071,-0.5115646463071599,0.009429436898115578,-0.5817479143621076,-0.3892038208821012,1.884352918996398,7.993162393162396,71.1698444045556,0
132,-0.37983859765769495,0.6466303325129185,0.1659599159511444,-0.28124412315085706,-4.313734123865374,0.29595233848577157,0.8682148369741878,0.6431688554646365,20.540441002682208,7.993162393162396,71.1698444045556,0
133,-0.7081773430634344,-0.09590516741751587,-1.4070746563326895,0.4506969375981583,-0.3691797931565475,0.7624683133245965,-1.260782427288461,1.129015260276162,6.328234326640725,7.993162393162396,71.1698444045556,0
134,-0.7721706061192697,1.4111881560170665,0.3314999774654654,-1.2006900664891265,0.8012943619724905,1.1918016028415863,1.5526991641692809,0.19820456959273108,8.273498592785124,7.993162393162396,71.1698444045556,0
135,0.5455032762948268,-0.6690368242887609,-0.8626967078758084,-1.6367895581034548,-0.7794347963050057,0.14466993001826717,0.6894815679457893,0.7501347186525413,5.5669199493847925,7.993162393162396,71.1698444045556,0
136,-0.08765146813648199,-0.9812842587848536,-1.0020828325741538,-1.0198012622407888,-0.055836801127880614,0.4203573469188539,0.47963177710544197,0.03099318338780386,3.1486372980893904,7.993162393162396,71.1698444045556,0
137,-0.0772441050831804,-1.0526662151650523,-0.5906658180481575,0.1699197047916092,-0.07844509621506787,0.7105890867216882,-0.649555829558092,0.34861511265451534,2.4409112222181433,7.993162393162396,71.1698444045556,0
138,0.25723746157659005,0.5212071200188967,-0.1966925235659242,-0.24077812440055482,-1.1049570076533588,-2.105436105309415,-0.7429405547192198,0.1109799684766351,6.98625147296591,7.993162393162396,71.1698444045556,0
139,0.19961710524819312,0.5496580704437705,-1.4263704193848326,-0.5868545596401112,0.050995499392204637,-1.9294887086764951,2.896217372518465,1.219677724061331,17.66989720984555,7.993162393162396,71.1698444045556,0
140,0.5982234366702166,0.3556614897036003,-0.26061273695131343,0.8124457758790725,0.8484461810821096,1.2592886590257257,0.4494744632426333,1.2271513851408922,5.482701681219401,7.993162393162396,71.1698444045556,0
141,0.11610988843728812,-0.3165839159500031,-0.4650797264591811,0.7161886228645028,-0.11990782103774346,-0.23190343058149177,0.5692520131609432,-1.006225231968137,2.472142847808297,7.993162393162396,71.1698444045556,0
142,0.5229410771490323,0.9537572511804419,-1.034277242144017,-1.3112682609919728,-0.4134261967015968,-0.8475258321202717,-0.7400666075487886,0.6695161405262691,5.582547211321728,7.993162393162396,71.1698444045556,0
143,-0.060184156894833946,0.556606546369077,-0.5303004432604109,-0.7453182560777307,-0.5927084820909023,1.2218145898698154,-0.24467785372399442,-0.8289586289924442,3.932420534162307,7.993162393162396,71.1698444045556,0
144,0.5298782005199109,-0.9104955691220439,2.7936470952785144,-1.4700291350986794,-0.04870332633278479,0.4918842401976115,-1.452968503650199,0.4774684163877136,12.814568578198275,7.993162393162396,71.1698444045556,0
145,0.6309697197521842,-0.5598320643740891,-0.023406676396740437,-0.18393525829818216,-0.9724722433134484,-2.023435433375774,0.37258020779842094,-1.0200226727097836,7.285498067891998,7.993162393162396,71.1698444045556,0
146,-0.04822719528652403,0.8243370856909399,-1.640754528312064,0.43192913616924794,-1.2270838735276273,-0.4182455283062725,-0.1368450342762335,-0.8698330947401499,5.8407694212293375,7.993162393162396,71.1698444045556,0
147,-0.26153204787221773,0.5354501338156179,-0.8102767104125937,-0.7932573245400393,-1.3073716205189054,-0.8994910700597597,0.477780657165711,-0.7331466307862214,4.96567488068759,7.993162393162396,71.1698444045556,0
148,-0.21209472514336222,-0.5256904213074957,-0.08247271471749996,1.537412062643719,-1.7836402912142633,0.29396116332814926,-1.030248902714329,0.4269201690459583,7.172769495096492,7.993162393162396,71.1698444045556,0
149,-3.2234292353015763,-0.27036130303732586,-1.0270716354031166,0.44126552623669374,0.38819447014596037,-0.4784780866512679,0.0981823150132921,0.5522721109898049,6.215202838689866,7.993162393162396,71.1698444045556,0
150,0.5056003303629065,0.007408901032452747,0.5871232905852634,0.24186689767193342,-0.40332813721930977,-0.5835689675441957,-1.2435480613301935,-0.699600130217345,3.337641736398535,7.993162393162396,71.1698444045556,0
151,0.1770814197058903,-0.2612891120785981,-1.454585227019798,0.1108927093995018,-0.785995560603741,0.3081040190625936,-0.027771341428956625,-0.06400369773967378,2.7219401616634635,7.993162393162396,71.1698444045556,0
152,0.8823391338797478,-0.7231081870970202,-0.9576625027906795,0.7954330591670301,0.6676896323001591,0.7559800643605179,1.5368381522171515,-0.4492446129830989,6.12689680441427,7.993162393162396,71.1698444045556,0
153,0.1346913399775606,-0.7959803046231025,0.8242533206141848,1.9651745324044354,0.15990151120921867,-0.41182987275064314,0.036067488280655424,-0.41909754683892475,5.235795773325191,7.993162393162396,71.1698444045556,0
154,-0.7056011684582822,-1.367174690979546,-0.40364117289169715,-0.38952756192520616,1.583378918208094,0.5557909624349423,0.10918525112196292,-2.2079439237611562,11.00563771926433,7.993162393162396,71.1698444045556,0
155,0.40676197906518796,0.33904196432035105,-0.6702529071968455,-0.4839294686934276,0.5032621075869935,0.9529036047091255,0.29347883884138176,-1.4320211597500894,4.691323459991141,7.993162393162396,71.1698444045556,0
156,-0.38628421502701316,-0.43197993966506776,1.2882931575057175,0.021801041707598116,-1.5230328187987292,-0.6266456560996632,-0.8485094553920842,0.3405979550261377,5.406790474517495,7.993162393162396,71.1698444045556,0
157,0.7265180166988707,-0.39129000889558785,-0.6238333252661739,-1.889654850521831,0.3869816186329279,-0.6539661145041085,0.46821011258486855,-0.5714140041283606,5.340209330194952,7.993162393162396,71.1698444045556,0
158,0.079049406835491,-0.706190851717668,-0.17249222937137806,0.5938623769313317,-0.41424684285489666,-0.10215766291522686,-0.6262522793396829,-0.631020272456169,1.896153826572693,7.993162393162396,71.1698444045556,0
159,0.10775146220511454,0.6933425063379257,-0.46975860353989923,-1.391559382848188,0.9741815011054941,0.28455135982535407,-1.6582668395740412,0.47083755536927097,6.812961599008372,7.993162393162396,71.1698444045556,0
160,0.04373612632399671,-0.7658724256521369,-0.7409254537530612,0.27335740998038816,0.5886541425581722,0.7823270301812179,1.0512574628801559,1.447123205535912,5.918435831298677,7.993162393162396,71.1698444045556,0
161,0.21506655289524215,0.24759376877887537,0.3371477939290884,-0.5915429250986733,-0.765342375386956,-0.33175651416134333,-0.6869063895779637,-0.26879283004170407,1.8239225588626535,7.993162393162396,71.1698444045556,0
162,-0.6058267823050953,0.20252647109716918,0.623376874838262,-0.1431744106042281,-1.4682139568326213,-1.1222309120358431,-0.5643052437283292,-0.22383142450981888,4.486585689192793,7.993162393162396,71.1698444045556,0
163,-0.15046853702957233,1.8916905731117215,-2.9910588835038987,2.9114593403179616,-2.9931496987106168,-1.3634733238212775,2.0088674458090443,-0.02583805967400138,34.559244612513275,7.993162393162396,71.1698444045556,0
164,0.027703070799744187,-0.08544502643524317,0.17042039872122217,0.11719704123388479,0.980449566230502,0.8744317515495191,1.2489764231702705,1.1532759149074356,5.236294547977698,7.993162393162396,71.1698444045556,0
165,-0.06184471381921304,-0.8852714598217647,-0.7736629814618583,-0.22458683268011057,0.33027538603365947,0.3826596398274214,-0.8454926059225961,0.6813298615145985,2.8874815879530624,7.993162393162396,71.1698444045556,0
166,0.30593353754604313,0.698257954052765,1.1419191560175839,0.23525834306510038,0.3248017723727636,1.0966832365106243,-0.1729020324222359,1.0813775147128128,4.5805174000278965,7.993162393162396,71.1698444045556,0
167,0.9067186079185037,1.353915278400304,0.008004780464524908,1.2703782094204044,-0.2852038833750829,-1.9850971807177082,1.256354035096215,-0.6606300531092116,10.033579574867815,7.993162393162396,71.1698444045556,0
168,0.17841560323150635,2.507598669151288,-0.2880996350912057,-2.693216000559677,0.9166224707465515,-0.20519790885428735,1.409389208016291,0.18537601808471338,15.321202213892363,7.993162393162396,71.1698444045556,0
169,0.24595005850585516,-0.619483058615141,-0.5409139530221734,0.20315828827738208,-0.9021267397739717,-0.07674849058483196,-0.9583736297273303,1.3794511995987824,4.873508551776003,7.993162393162396,71.1698444045556,0
170,0.0892998498183827,0.6089225706116697,-0.6734608241215919,-0.36021114997199355,-0.5164372158895703,-0.6728268847279524,0.025428778149592005,0.25665469002942937,1.6839785571620378,7.993162393162396,71.1698444045556,0
171,0.7308214132281058,0.21975755266039854,-0.2292858459266989,0.16508172583880013,-0.5504831480034594,2.6543393061821794,-0.7998717744364897,-1.0542036607443206,10.358194523971045,7.993162393162396,71.1698444045556,0
172,0.36043897442638156,1.0660592729969411,-0.0706529120281003,-0.6398298575466886,0.3293152737815401,0.13326907419402578,1.1962813417853384,0.09640452114506189,3.1224175152821907,7.993162393162396,71.1698444045556,0
173,-0.2768956903846641,-0.09002770235161162,0.33221029945936964,-1.7780262188093428,0.07082336646296586,-1.7993752632011386,0.22763401971250752,-0.938775550441209,7.799587710108655,7.993162393162396,71.1698444045556,0
174,0.2315728566422091,-0.45485840506566194,-1.9727174270170458,-0.4513561416487048,0.8825764697643814,-0.2596250609100413,1.7488945716129685,1.2382606364014621,10.087543169350376,7.993162393162396,71.1698444045556,0
175,0.22434568313863287,-0.7193547168031091,0.5402268556778299,0.34902681561945653,0.2687522332099051,-0.1145978731385152,0.13023916840737165,-0.5262192235071133,1.282181070583107,7.993162393162396,71.1698444045556,0
176,0.12353713713389831,-0.3445869917882579,0.9782705732634424,0.35685616290279404,0.31604995140409536,0.5598489557828711,-0.3499068484776502,0.7079136162662433,2.2947022191473243,7.993162393162396,71.1698444045556,0
177,0.8657829279247495,-1.0401296487055354,-1.0062726304198015,-1.6998642595854365,0.44692824907830125,-1.3014049598021673,0.6419132734657202,0.049841819327765505,7.349461897018241,7.993162393162396,71.1698444045556,0
178,-0.15711987209111433,-0.365066579465959,0.16356340101611744,1.077834463524433,-0.7488389997437706,-0.826881110955175,0.041607990497981036,0.8777815263655464,3.5116368918802356,7.993162393162396,71.1698444045556,0
179,1.0600012140203237,0.9893505962946152,-1.7150648516485667,-1.0346342295566096,-1.20218759226282,0.2031070909919022,0.7554843049021028,-1.0664292079183122,8.494711867084302,7.993162393162396,71.1698444045556,0
180,0.6752345054598805,-0.5088831718682585,1.1061018667745999,-0.4649681303761723,-0.23185717602504682,-1.2882670800253782,1.3094038130045336,-0.7176263017370258,6.116121339064202,7.993162393162396,71.1698444045556,0
181,-0.08343548333659104,0.6005742978829083,-0.4490087604394086,0.3462963486903101,-0.07102886030486899,-0.2779030741175736,1.2373311158344884,1.511648947264313,5.255206371840101,7.993162393162396,71.1698444045556,0
182,0.6062309511997841,-0.2473660907883223,1.3352089640362192,-0.9988645459415522,0.5066629749343298,-0.4296033642466312,-1.4318154252876756,-0.3188833038641103,5.6252727711505655,7.993162393162396,71.1698444045556,0
183,0.4634901897997552,-0.8058297337020396,-1.3317864689671748,0.5201686537372482,-0.39994894892909133,1.2348605270544493,-0.1375303982261136,-0.3845795002883796,4.504006569285045,7.993162393162396,71.1698444045556,0
184,0.5623909954079603,-0.19055883471510948,0.9994594473743095,0.19228982209861456,0.6807897514828651,-0.8710062747029803,0.7521578406981712,-0.40183847366865477,3.213708556725144,7.993162393162396,71.1698444045556,0
185,0.023720871237969225,1.4738314272398023,1.5990680226253642,1.4165983350125728,-0.6012764250484444,-0.23828645324856565,-0.2564643466472432,0.2559925538664426,6.597827273544801,7.993162393162396,71.1698444045556,0
186,-0.35471019853413543,-0.7819838642029656,-1.2254826840876603,0.36432440552551904,-0.9165575223138522,-1.6680914630518735,-0.06509405333607031,0.5634032963523756,6.295164598534303,7.993162393162396,71.1698444045556,0
187,0.0660368033559249,-1.3351354402714202,0.8570665354347146,0.5179151142507764,-1.4732904082710845,-0.38265404987251894,0.3111098045436851,-1.0441668231493582,6.201772754913166,7.993162393162396,71.1698444045556,0
188,0.634763305601313,0.29700496896484685,-1.573591334563883,0.7897867370720497,-0.5232689599222488,0.2792941853924593,-0.693684113931,-0.7161527865930969,4.605411759739563,7.993162393162396,71.1698444045556,0
189,0.8656100914614611,-0.41634502622427016,1.0552050992744606,-0.21090893083845208,-0.5957438559607146,-0.6664226853302401,-0.991353794866626,-0.24206695727549135,3.50140070195405,7.993162393162396,71.1698444045556,0
190,0.21989434473119146,-0.6921449697104031,0.665965716239249,-2.631856951284556,-0.5860171235866252,0.35747953405935784,1.0540926559078652,-0.32688202608087696,9.229829482579255,7.993162393162396,71.1698444045556,0
191,0.020147626961311574,-0.9860099938442697,-0.09037234116509332,-1.0364359202414613,0.9949429477248835,-0.3780505264701402,-1.5638602638929466,1.7620408177026121,9.58935515950807,7.993162393162396,71.1698444045556,0
192,0.6761035631878759,-1.9027817543609533,-0.12478367730663567,-1.1158211837535463,0.7860353700977359,0.7076380407114665,0.2522731138702339,-0.2505983364351754,5.695811778065289,7.993162393162396,71.1698444045556,0
193,-0.4660278315645408,-2.3745320455836283,-0.5815404715282795,1.0336776661305236,-0.6358528070252331,-0.6824250610475704,0.015624227289158505,0.6137449457707784,7.471583694298227,7.993162393162396,71.1698444045556,0
194,-0.5800806402934879,-0.11985586633793396,-0.6647720452194011,1.3325752159896658,-0.6983451119585975,0.7127578271706094,-0.8698399117635156,-1.0296087888176886,5.437305289123537,7.993162393162396,71.1698444045556,0
195,0.35377959540271386,0.9771276333847572,0.41998042124503404,0.10305515110587171,0.18113877516141605,1.0585236393872044,-0.2912192550348972,-0.3214507318632118,2.4826013118263868,7.993162393162396,71.1698444045556,0
196,0.2713094473989229,-0.7031618694199878,-1.4705971618482645,1.0383837646978322,-0.5621028328816682,-0.7316410409474076,-0.4365089572250696,-0.0935409729357632,4.536965707527518,7.993162393162396,71.1698444045556,0
197,0.4774318961659443,0.7423480631117122,-1.5271419424663917,0.31553993313824524,-0.4994706592797635,0.2683508524580609,0.01703272482220142,-2.0975183278599188,8.59543622648652,7.993162393162396,71.1698444045556,0
198,0.5981300840775675,-0.8853904305529615,-1.6688263286694596,-0.6724763991631937,-0.017867966468365356,-0.8741889138313993,1.66522989280715,0.7008070918443468,8.276568877240315,7.993162393162396,71.1698444045556,0
199,0.7103318944808187,0.8629696644791656,-0.9185419085964123,-1.7022266859178525,0.6712575456782222,1.3609540764005852,-1.1406701937097339,0.3174246605685041,8.35967397057166,7.993162393162396,71.1698444045556,0
200,-0.19259606161570997,2.832180578037447,0.2933522514943875,1.3381331689242808,0.8176244299517496,1.6080217935108734,-0.4332417299387731,0.9271837902421072,13.20474745347833,7.993162393162396,71.1698444045556,0
201,-0.5841696306643192,-1.0195157313831367,-1.0541559114069066,1.1791825331991,-0.5172351530606084,0.6817037143056961,-0.17833217893893855,-0.8348290821604817,5.003301375078899,7.993162393162396,71.1698444045556,0
202,0.3829937501187291,0.8494918254884954,-0.7512367658876211,-1.5119036941469213,-0.018778581205953524,-1.4341210223897458,1.3526939985221431,0.03055782922188186,7.598234742853321,7.993162393162396,71.1698444045556,0
203,0.1692358079061069,1.2540988606797947,0.6832990651413992,0.35389149321886004,0.7907053654056649,0.4752462766324335,0.28506435837504707,-0.7599153825530154,3.5425367003245563,7.993162393162396,71.1698444045556,0
204,-0.04028287598312729,0.15134576255993765,0.6059409116333297,1.2402743167320298,1.7293660834143159,1.9610013975659273,-0.11582569740647747,0.8958981620891455,9.974572006500265,7.993162393162396,71.1698444045556,0
205,0.14092862404807563,0.7336853335515505,-0.28200626174689825,-0.04071612258559108,0.6117022770450011,0.45369478400432417,0.4749460428999674,0.9649196749414398,2.543003911092314,7.993162393162396,71.1698444045556,0
206,0.2882601214129691,0.27987773306480795,1.6175844852938324,1.8961471331264192,0.6188997658870857,0.12764781918348062,-0.5058202631439129,-0.27666492490992955,6.6524278730064115,7.993162393162396,71.1698444045556,0
207,-0.08180835130008034,0.5027626112399823,-0.7137113432038089,-0.34598925699138544,-0.04962669756089415,0.8492665734060285,-0.6293240165453186,-1.0513479328516693,3.3956759113437234,7.993162393162396,71.1698444045556,0
208,-0.40387196202226494,2.1168549512539374,0.3924842804866252,-0.3384220338961082,0.5777290102079813,0.39832927534268825,0.903456639469388,1.8821604183125655,9.8905730837429,7.993162393162396,71.1698444045556,0
209,-0.7194282117418659,1.3018943712798339,-0.9282290828670071,0.2684720586272955,0.46083940967933446,-0.34472212835330396,-0.7265491009538868,0.9882168459562304,4.6192174589360215,7.993162393162396,71.1698444045556,0
210,0.38131969011015215,1.2811527892772643,-0.9130184909618946,0.05503512227085486,-0.13255077870530224,-0.6055685629165863,0.4032438070753555,-0.211396546887803,2.831883353535706,7.993162393162396,71.1698444045556,0
211,0.8491543982619116,-2.0135708706592776,-2.1296890324271316,0.3334103976018674,-0.1966032874666197,-0.7848059000452441,1.1063015569241301,-0.2817842908682503,10.040852317230922,7.993162393162396,71.1698444045556,0
212,-0.12208622697644639,-0.4296142736442177,0.41136114212933184,0.3396814021783879,0.03201563238691806,1.977816677389707,1.4132006438414686,0.6726592784196136,7.444757650951297,7.993162393162396,71.1698444045556,0
213,0.4428716743081748,-0.4457326031896212,-0.9773244271119926,-0.20345618071652607,0.5172471324469922,0.44020816059225937,1.421870420172395,0.268710875784884,3.967506799340999,7.993162393162396,71.1698444045556,0
214,0.30910099441534755,-0.36410427718290794,-0.21126214734449794,-0.7517937531579204,0.06453100849597093,-0.43398449823572416,-0.9755937898623607,0.7523335180650742,2.7015544713408026,7.993162393162396,71.1698444045556,0
215,0.6274633567263658,0.12872134369433266,0.6750091282557665,0.5287200871743224,-0.7522760462464332,-0.6327879868917129,-1.7978873261172748,0.19035198729368277,5.494532603291108,7.993162393162396,71.1698444045556,0
216,-0.4605644289095191,-0.20021371123234916,-1.7169954773053193,0.5205651767140796,-0.645714942635141,0.35132066369705606,0.5123063019137843,1.5983119650617474,7.087455127146786,7.993162393162396,71.1698444045556,0
217,-9.302199417379796,-1.9976344836401887,0.35560943732470635,-0.034712874407834514,1.4009561991944206,-1.098973325971544,0.7098063414573482,-0.3981952528452222,42.63719163866354,7.993162393162396,71.1698444045556,0
218,0.07577662387793582,-0.4897507673033288,-1.5526756174561531,0.4087941608838277,-0.4839180296874085,0.7633383038697173,-0.4919493132215461,0.42065443607701447,3.897421257061139,7.993162393162396,71.1698444045556,0
219,-0.13049372202142306,-1.4478828012858411,-0.43573612646772475,0.286680385767649,-0.7703427748517664,-0.2347951206318584,0.12616026119771104,0.1022307565373876,2.681859119281131,7.993162393162396,71.1698444045556,0
220,0.8871158544311867,-0.5974021968133045,-1.0411617925478875,-0.2647931539323508,-0.6776345349078456,-1.6020710515669607,0.2603118362541268,-0.12396522491680478,4.993352911504507,7.993162393162396,71.1698444045556,0
221,0.08304550277564153,-1.7443935590455666,-0.7304923581299865,-0.4129391353214206,0.3544092327698129,-0.9315127385601776,0.3594497168853123,-0.21179568890082676,4.440144934876065,7.993162393162396,71.1698444045556,0
222,0.4937311828739832,-0.022778660222330063,0.3135489927055404,-2.077861745372992,-0.08553255349720695,-1.075898111987407,0.44048049527869315,-0.9892386686617772,6.977681268750756,7.993162393162396,71.1698444045556,0
223,0.010427868413604173,1.180129744717526,-1.1476325750287295,-0.08290867670963206,-1.3507690280677238,-0.39974936494823454,-0.7738057650359672,0.19688747937737497,5.066450381286416,7.993162393162396,71.1698444045556,0
224,-0.026287284518497926,-1.381162591738153,0.16807758808959003,0.27933951597356477,-0.494022847899285,-0.9943073428684857,-0.3994471371863388,0.117897743820139,3.1931799120934823,7.993162393162396,71.1698444045556,0
225,0.5934313380702918,-0.14145372924068533,2.649135861591783,-1.0898281817965914,1.5653416481641214,0.04003455781154722,-1.542729035452046,1.7327045869316486,16.497630285044572,7.993162393162396,71.1698444045556,0
226,0.5523734324446431,1.4748819613917907,-0.6796019658374663,-0.6322075844532481,-0.10779465304987441,-0.3391897106888328,0.0515070374328297,-0.10790322752108429,2.8819206806534012,7.993162393162396,71.1698444045556,0
227,0.0883913310690932,-0.0620758294627827,0.3562310264680718,-1.1573942748340214,-0.48595400560973145,-1.637646147690831,-0.3253120770690991,-0.0919215008568778,4.654357185489367,7.993162393162396,71.1698444045556,0
228,0.2425583581215121,-0.9082485265269378,-0.718528612766481,-0.5906619613560753,-1.5765160852632802,0.45256530683843205,1.1633808534868122,-0.259503840723031,5.802283310200837,7.993162393162396,71.1698444045556,0
229,0.3437972459750396,1.2482475377095772,0.6111777058159962,-0.24671369481417632,0.30794411494396395,0.09022069463612013,1.8618198472815721,0.6379912089951345,6.212760720047568,7.993162393162396,71.1698444045556,0
230,0.18177895682107562,-2.7650247441865985,-1.5346521417201198,-0.18677821598737243,0.21213923984000005,-0.2663687381746376,0.6401207517879839,1.2189214860266226,10.971690272427143,7.993162393162396,71.1698444045556,0
231,0.43344685014144396,1.2470239696401477,-1.0424266225771537,1.1167157833422174,0.35090849260311874,-0.2427553684014341,0.30685605684935435,-1.1950613622035793,5.613968409587929,7.993162393162396,71.1698444045556,0
232,0.43548867594935126,1.8323666099384277,-1.3410422424121475,-0.5314875029684071,-0.17535600091747494,-0.02691544789638084,-1.321753503932394,-0.5040092797098598,7.058292116842757,7.993162393162396,71.1698444045556,0
233,0.8489007552218016,0.736999199441339,0.12104077339340392,1.881533793494844,-0.18975477116764256,0.6608953253505061,0.014678725445340188,-0.6568138929387132,5.158522292422441,7.993162393162396,71.1698444045556,0
234,-0.47277948583777424,0.8331005616456003,-0.7602845880677733,1.9227075006847767,-0.6136955058605902,-1.453661999579497,2.2070726731058397,1.1241456481594887,14.360929509203114,7.993162393162396,71.1698444045556,0
235,0.2922414743229166,-1.7932437882432302,1.0710231776888977,-1.0268930036116821,1.5519101595378866,0.5655582744585896,0.31364860976385495,0.3257349154319033,7.737401293074633,7.993162393162396,71.1698444045556,0
236,-3.5317014754780596,1.429923586680604,0.3993447687924723,1.7573163200480326,0.16762379427448246,-0.07345832292957438,0.002119403966339196,1.3621459382801904,12.196874730745371,7.993162393162396,71.1698444045556,0
237,0.47687578655806395,1.902924015778972,-0.16307352994041105,-0.3093805771844242,-0.6532639451561107,0.6316337417889081,0.18777179170796376,-0.42986422211484665,4.344971832077462,7.993162393162396,71.1698444045556,0
238,-0.2895890935725921,0.6301216192502128,-1.2088324403948412,1.3965391138900893,-0.4415787146512932,0.11187805738334428,0.7077071832426585,0.3445973960560637,4.4481948991423925,7.993162393162396,71.1698444045556,0
239,0.2893495148617035,2.19891461482194,-0.4468129575558978,-1.085906443187368,0.2570384103631619,0.3144611127555578,-0.16827517237598377,0.19862903961378167,5.603499635722531,7.993162393162396,71.1698444045556,0
240,0.337479948255643,-0.2694975301308629,-0.061669951444735346,-1.2513947864885586,0.5224852882828024,-0.1522669183474002,-0.4970682877925263,-0.4161121449152238,2.382553741187036,7.993162393162396,71.1698444045556,0
241,0.007555711179925474,-0.5149902797505976,-1.2905720627742692,0.10898856102666668,-0.713493073074966,0.2774950068239101,-0.11909626410062221,0.23003700854368261,2.413088419274893,7.993162393162396,71.1698444045556,0
242,0.7962999081498106,0.5059805399842293,0.7754639744935462,-0.9611242900270787,-0.6887472901497111,-1.312569926258062,-1.0123300461993652,-0.051336433698592754,5.371178625114823,7.993162393162396,71.1698444045556,0
243,0.1341282336938928,-0.09183784923814095,-0.36578540418802963,-1.0151217983204885,-0.37676533501657794,0.25231117036890166,2.597017655472985,-0.043245293232242736,8.835539310900266,7.993162393162396,71.1698444045556,0
244,1.021743931392814,0.9661062909888559,0.2695327147305184,1.068286859200553,0.45127833644904547,0.30208103195735986,0.7926185498535852,-0.17300394821427165,3.385628914818802,7.993162393162396,71.1698444045556,0
245,0.6046893820887221,0.480769831299416,0.5078491889384842,1.3836589018520535,-1.191328880836184,-0.6066825089230151,-0.765510914484304,0.7100315183372141,5.486453646134999,7.993162393162396,71.1698444045556,0
246,0.6853656197813379,-2.040252208770046,-0.9514624418746281,0.3966282852790554,0.4859837263521343,0.029160541383960622,0.6440923311414466,-1.52641291289823,8.23671852456284,7.993162393162396,71.1698444045556,0
247,0.691186472910112,3.2185504177477666,2.9847007063276347,-0.1391733203652976,1.8940664083424374,-0.1221551017979359,-0.5651879179620386,-1.6763942434472356,24.360836082037387,7.993162393162396,71.1698444045556,0
248,-0.31211548196943,-0.8637605678901612,-1.0738953594346279,0.076192688519039,0.06264277284862259,0.8427267777305677,-0.47750284862085063,0.1934293009222265,2.781899407468978,7.993162393162396,71.1698444045556,0
249,-0.49230753816665446,-0.562481521341311,-0.2556918750106339,0.7982647532781266,-0.11273071601639334,0.9834577682370369,-1.2383717902405253,-0.26552469481400975,3.879014739193058,7.993162393162396,71.1698444045556,0
250,0.44429859624540147,-1.4577503217674368,-0.7845923762252356,-0.6719913648521461,-0.8929222160570178,1.0403484432550654,0.9149427510870772,0.1401270608131548,5.754756593754696,7.993162393162396,71.1698444045556,0
251,0.49177278743970954,1.1725500558702124,-0.2693452359267082,0.38992416147385695,0.4695656822751715,-0.9528572765391017,-0.041732036249519516,1.2796848799704978,4.706340319185209,7.993162393162396,71.1698444045556,0
252,0.21255049102629356,1.0427623574320108,1.0824553213246773,-0.8580278037696719,1.5491508025885639,1.9095412669122664,-1.1354081004346577,0.2032623301196425,10.507357733489105,7.993162393162396,71.1698444045556,0
253,-0.11947927417358686,1.0093306696237332,-0.8582179638048324,0.20367347335690042,0.7490572447506927,-0.5030377206416478,1.8187183214410485,0.6917927337074415,6.675919731019597,7.993162393162396,71.1698444045556,0
254,0.752298031920118,0.8793232700230342,0.16512880153393275,-1.5185197820875276,-1.3787622361112815,-0.36358948862521556,-0.7265624672354022,1.057150629897891,7.1099279374697355,7.993162393162396,71.1698444045556,0
255,0.15248876646005521,1.0316023186893315,-1.0454011202977571,-0.0683028575483834,0.591970251928874,0.2561964188685559,0.2891097305653925,-0.8903887309547776,3.394835172237249,7.993162393162396,71.1698444045556,0
256,0.33331571448661346,0.060115522053490585,-0.028116331209649313,0.5435902280455723,-0.316644249718972,-0.4977009126022403,3.1103164158128087,0.7569649070804995,12.188818225586354,7.993162393162396,71.1698444045556,0
257,0.7316031944613994,1.1554992158604596,-1.2185451685902846,-0.9252487419280158,-1.270229422319279,-0.20959997806544756,-0.47788758785170743,0.5990833193008178,5.844565274887261,7.993162393162396,71.1698444045556,0
258,0.5318478676156337,-0.41049800749060555,-0.8954935841835817,0.38407470941439226,-0.9870757048164026,0.3202380579274935,0.12002966064423423,-0.8139605221857462,3.0505573747119326,7.993162393162396,71.1698444045556,0
259,0.3680425050104685,1.0306317757774395,-0.21529775645868218,-0.4803518685529613,-0.4493780873961337,0.7147315730974035,-1.278451387163404,-0.3636759447794891,3.9384203274187137,7.993162393162396,71.1698444045556,0
260,-0.7265259555822651,0.5258281969099974,0.8394634114799916,0.2669164063203159,0.947445923557415,-0.5244239547898466,-0.5299360858303869,-0.5907173494180881,3.0935103817570955,7.993162393162396,71.1698444045556,0
261,0.31226649393409617,-1.5086065992268216,-1.1316330017985121,0.8786155383638871,-0.6939178231103726,-0.9179060139393473,0.030585375254091704,0.17678844214656775,5.253439597013064,7.993162393162396,71.1698444045556,0
262,-0.05118786385197294,0.6286883113932753,-0.05256362011297004,-0.4776387483481344,-0.5705794975030702,0.8641759394283142,-0.3808194478587319,-1.4614678352627883,4.5183495552270125,7.993162393162396,71.1698444045556,0
263,0.3754221301159781,-0.8846042575509354,-1.4371983445806549,0.6134833623966514,-0.7262691834305954,-0.5964950024024893,0.3259962839879966,-0.5959958294834155,4.408622840947824,7.993162393162396,71.1698444045556,0
264,0.2843766479893865,-0.4268834265525958,-1.3045140294615185,0.7577366361151304,-0.3887046548932407,0.13076470323864028,-0.21861942776576904,-1.000128240979106,3.7441584494427174,7.993162393162396,71.1698444045556,0
265,-0.2657043584446964,-0.7451433548379474,-1.3651968301188493,0.7034349582148388,-1.0762715252102946,0.290810823471211,0.340145225499501,-0.5274518515066672,4.371308828380084,7.993162393162396,71.1698444045556,0
266,-0.2945571325473962,0.013785260930002614,-1.9097402755271895,0.5056889227327742,0.03432598419255037,0.15549381814380223,-1.2895919652192416,0.8940280212495456,6.4598107362372055,7.993162393162396,71.1698444045556,0
267,0.9441213363676313,2.0329514442274257,1.5641821292475317,-0.7094842420685555,0.8065204020113056,-1.043119056847884,0.3761363938575455,1.5214783241050494,11.372620390701567,7.993162393162396,71.1698444045556,0
268,-0.17232955412925788,1.4522970039353393,-0.3771685031438593,-2.5471775945532564,0.44325406249402965,1.4529540826888518,-1.3084488988842367,0.8169501194729007,13.258894473358927,7.993162393162396,71.1698444045556,0
269,0.2812558342687554,-0.05857104498886785,-0.20002287375383587,0.6068690504331737,1.0859443168192402,0.7383019301664429,0.17802971582747854,-0.015888290627488498,2.2226754406139584,7.993162393162396,71.1698444045556,0
270,-0.15614327654960858,0.28062513118431215,-0.7220775993325438,0.1320015728418144,0.1439929874161128,0.8024777108609028,-1.547439768610675,0.14301703047085879,3.9735247465200585,7.993162393162396,71.1698444045556,0
271,0.44622002659700105,-1.4702790191926085,-0.5047339305152369,0.48011060270240846,-0.49555182032347334,-0.08160279527569919,-0.5639270758521325,0.8308461714141336,3.7978058711521654,7.993162393162396,71.1698444045556,0
272,0.3694599896009643,1.1225804131663326,0.8983337272460933,-0.8670078673726018,-0.7251536401021329,-0.6980776187992046,-0.8606824543293262,1.4487840079843008,7.051916161453132,7.993162393162396,71.1698444045556,0
273,0.4766061464607861,-0.6123717588179494,1.1016886295279937,-0.2163362437839348,-1.4295168942895846,-0.6401303588904971,-0.0859937826151026,-0.6215890523932696,4.523081813616093,7.993162393162396,71.1698444045556,0
274,-12.18518047938688,-0.11231244938991214,0.1280570755897452,-0.7877994826190888,-0.03145616883202047,-0.9726440845395561,0.42603444003873153,-1.1044440243443092,63.73168310729793,7.993162393162396,71.1698444045556,0
275,0.016524269287729265,-0.13498509691812086,-0.7587555993740699,0.08920441866814631,-0.5500338775511062,-0.344028989903088,-0.38265461419754704,-0.4251273946632525,1.3635477245822734,7.993162393162396,71.1698444045556,0
276,0.042381061322954626,0.5276915595911577,1.5448952752989178,0.29775825775873493,-0.038314975337500154,0.22196096400419096,0.19186305460697387,0.47011474594441915,2.8491725058404462,7.993162393162396,71.1698444045556,0
277,-9.49326516496634,0.6271407597402281,0.7572914604369264,0.19317777247830184,1.5125009391635904,-0.9190967765955751,1.0795231656070579,-0.04817783112385568,42.01942528769324,7.993162393162396,71.1698444045556,0
278,-16.218413549722836,-0.457715333257388,11.174033237829272,-6.139576397298036,-15.018590163299214,11.037966854273993,9.814144503407494,0.293082142941146,720.2113698796638,7.993162393162396,71.1698444045556,1
279,-0.24077120905805283,1.0079505280969845,1.4863658285084944,-0.020697172490303145,0.18893737116985215,1.8562545478912278,-0.2427209098541937,0.6146730528778687,7.169412797234467,7.993162393162396,71.1698444045556,0
280,0.714767734044001,-1.7521608528850978,-1.3453550644705345,-0.13487025083735094,0.29799566887116535,0.059588953974129576,0.30007049531613966,0.04658805829667141,4.6102769184065355,7.993162393162396,71.1698444045556,0
281,0.23852468609190366,0.6591390266278052,-0.18537189582061284,-0.5943908817345908,-0.44899393170563406,0.5443452141630386,-0.9674289166332777,-0.2988673571313118,2.425853174458962,7.993162393162396,71.1698444045556,0
282,0.6908777268297621,3.168567858818693,2.459207694406605,-1.9745050174330356,1.6593059328409587,-1.1134691820304232,0.6033794304733238,-1.1125663008228766,23.750014571479355,7.993162393162396,71.1698444045556,0
283,0.37303501873999334,-1.6869504147176322,-1.0542365274948275,-0.7391733084495685,0.29327449602626676,0.2923258414418124,0.3866681271346249,0.3243632643383096,4.421630690077594,7.993162393162396,71.1698444045556,0
284,-12.013082887184073,0.8238653789704197,0.5420595596536001,-1.0518856123611047,-0.1401250675940699,-0.9778308135639429,0.07752812286859538,0.5648633559672865,62.00894879766129,7.993162393162396,71.1698444045556,0
285,0.2683503025185591,0.7433447916860156,1.0977838494053762,0.9899443633490309,-0.3589076348209123,0.1544485447681042,-0.3093723824208272,0.9220872062796719,3.8334936212416464,7.993162393162396,71.1698444045556,0
286,-0.32235338183263645,1.4393612410858982,0.09787183216162615,-1.3006547066676042,-0.7385671960336831,0.45039687104011655,-0.4751709253944472,1.087673910163568,5.87214052843835,7.993162393162396,71.1698444045556,0
287,0.9235994101718714,-0.3011063202814623,0.030023710244762865,-0.40486922530484337,0.0036404803961765392,-0.8310947500306247,0.9955438499898264,1.0201518451143758,3.732914022870228,7.993162393162396,71.1698444045556,0
288,0.10822005876418854,0.17224716344173158,1.8886445176690414,-2.553733394185772,-2.098803926195796,0.3418859683948796,1.4012538345764824,0.5211826849928529,16.485055632655538,7.993162393162396,71.1698444045556,0
289,0.3140016361459717,0.5312774347581376,-0.7670508071188865,-0.6770217615290072,0.4208554573737411,-0.5541513885937529,-1.0291581024211847,-0.3709632571570985,3.1022397696015425,7.993162393162396,71.1698444045556,0
290,-0.12658963529708692,1.222004450363236,-0.5481069120282605,-0.18035916164771854,-0.16246698105989715,1.1899166371603727,1.1997096345505145,3.083266532182573,16.621458351235457,7.993162393162396,71.1698444045556,0
291,0.6631637623792912,0.036599532654500194,0.7791293907267447,-0.13339957241146466,2.488779658249029,1.8969185572989127,-0.18948176922865873,0.669136121864571,11.424154365822497,7.993162393162396,71.1698444045556,0
292,-0.2273624044449279,-0.45348915400357015,-1.2884086716695629,-0.5763313976829069,-0.6407903656836567,0.6336811211272539,0.12829074891957426,0.4533685331640298,3.1292118075263415,7.993162393162396,71.1698444045556,0
293,-0.07914112767396556,1.0875062270336369,0.516396531024087,0.6895965128306952,-0.2929190265452982,-1.3484448489918728,0.6974600881346926,-0.10388701468569332,4.284590346829312,7.993162393162396,71.1698444045556,0
294,-0.04641419166878933,-1.2231840052519736,0.399718785509672,0.3278785610551497,-0.05565717916835272,-0.8899101838262283,-0.9298507929634557,0.06345994059817944,3.318321384447521,7.993162393162396,71.1698444045556,0
295,0.6154760198765798,-0.4031814864883257,1.104066462649264,0.0825682945759163,0.13161982479139442,-0.2659128231548468,-1.3549387915849,-0.9580930870250456,4.687440277467582,7.993162393162396,71.1698444045556,0
296,-0.3464561644506555,1.5748066964378293,0.1743298877589732,0.3948460576329233,-0.00829846241406024,-1.1500917830223234,-0.5360519174955712,0.14518140213211977,4.062053192954367,7.993162393162396,71.1698444045556,0
297,-0.04530735687461505,-0.7745738590097804,-1.2707114556816435,1.0801085520884914,-1.4522937388002817,0.011712588367445662,0.32666387235125743,-0.5486800157285018,5.667973304487733,7.993162393162396,71.1698444045556,0
298,0.4105013360997092,1.1385913159824805,0.9245720300650975,0.511890569860799,-0.17139620642213982,-0.8129675953302686,-1.272365136018714,0.9778305387987871,5.9128845510891646,7.993162393162396,71.1698444045556,0
299,-0.9530122878462459,1.2885664377473123,-0.4796721927784318,0.7253293495805073,0.8217182548841132,0.7858083926964579,0.8311601965494569,-0.2414790640636959,4.6400930332948125,7.993162393162396,71.1698444045556,0
300,0.7402950417893333,-0.11739688437274846,-0.26132029257141437,1.3106836788172747,1.0071344441186414,0.9457337704297595,0.7334324013012631,0.5203523651599256,4.841110472411923,7.993162393162396,71.1698444045556,0
301,-9.057366538974705,-0.3899824810229553,1.830606057542913,0.04080312978045167,3.280403358085954,-0.5182313918521391,0.4327655599453358,0.8917823282909036,48.75443595432684,7.993162393162396,71.1698444045556,0
302,0.24135319258705315,-0.42458514746223414,1.3678740358655093,1.646421197212159,1.5498164297412056,0.10096791650366829,1.2129181094953165,-0.3719811456496755,8.655052818711663,7.993162393162396,71.1698444045556,0
303,0.3663327057123666,0.9226811806158812,-1.1745264265371282,-0.7468358289452299,0.5915436687914727,0.5417112744088067,-0.7490262019041944,-1.2829584859758352,5.89275695040693,7.993162393162396,71.1698444045556,0
304,-1.3095533149652672,-1.9351061164228118,5.818332713333547,-2.364601668797019,-9.346864781138638,5.255979975887974,4.698853623913008,0.3231505752513559,181.58577146062908,7.993162393162396,71.1698444045556,1
305,0.6910074610430436,-1.389920821636715,0.7209516379798137,1.1077513941637016,-0.21571597241770143,1.1410459809329845,1.4131793915917423,-0.43553786796082916,7.348433476767559,7.993162393162396,71.1698444045556,0
306,0.06116729865637768,-1.7667074385965365,-0.4581980596861107,1.3971086494033877,-1.5403967990840064,-0.18661163707028808,0.8473116808903979,-1.2941521645832654,9.938648425373152,7.993162393162396,71.1698444045556,0
307,-0.08108055535573702,0.23771512226782854,1.3742974823162009,0.6882544353735022,0.7103400511876011,2.130962259207388,0.9259820566921022,0.547525101900037,8.95344722259102,7.993162393162396,71.1698444045556,0
308,-0.19690776930562626,0.23146179083202092,0.2318975283636152,0.49692222805443453,0.24253382455667308,-0.21437642545811877,0.023497915366947637,2.480450309162412,8.160282296856087,7.993162393162396,71.1698444045556,0
309,0.5020638584943276,-2.0767039204561466,0.7413892063428866,-1.0999364250779706,1.3568088081054985,-0.3056511173141829,-0.4799522463562267,-0.08347945072358257,7.534308253934711,7.993162393162396,71.1698444045556,0
310,0.7064635638165182,0.7413982431781729,0.02979845679727325,0.1181947943346086,1.189481709974228,0.9413419318190864,0.4944665937588983,0.7574204094961451,4.036050070080224,7.993162393162396,71.1698444045556,0
311,0.1374749193863947,-0.8061966389008027,-1.7564480545450738,1.3552878980128695,0.2957533419946748,-0.012365012436210987,1.3220274138675705,0.3879547344736343,7.302141575254293,7.993162393162396,71.1698444045556,0
312,-0.15133027408961416,1.0197920509154381,-0.2058652330641497,0.39229718932993196,-0.000868182776155071,0.7501586066481299,-0.9645707597414284,-0.15106379248168797,2.731093872642583,7.993162393162396,71.1698444045556,0
313,0.17052655475140985,1.0259644847985967,-0.20265533966681964,0.09450144654259832,0.518279014435548,1.3213568854265343,0.4744010251089664,-0.6089447936190442,3.8040549931108663,7.993162393162396,71.1698444045556,0
